Apache Maven 3.9.16 (2bdd9fddda4b155ebf8000e807eb73fd829a51d5)
Maven home: /usr/share/apache-maven-3.9.16
Java version: 25.0.3, vendor: Eclipse Adoptium, runtime: /usr/lib/jvm/temurin-25-jdk-amd64
Default locale: en, platform encoding: UTF-8
OS name: "linux", version: "6.17.0-1020-azure", arch: "amd64", family: "unix"
[INFO] Scanning for projects...
[INFO] ------------------------------------------------------------------------
[INFO] Detecting the operating system and CPU architecture
[INFO] ------------------------------------------------------------------------
[INFO] os.detected.name: linux
[INFO] os.detected.arch: x86_64
[INFO] os.detected.bitness: 64
[INFO] os.detected.version: 6.17
[INFO] os.detected.version.major: 6
[INFO] os.detected.version.minor: 17
[INFO] os.detected.release: ubuntu
[INFO] os.detected.release.version: 24.04
[INFO] os.detected.release.like.ubuntu: true
[INFO] os.detected.release.like.debian: true
[INFO] os.detected.classifier: linux-x86_64
[INFO] ------------------------------------------------------------------------
[INFO] Reactor Build Order:
[INFO] 
[INFO] Apache Ozone Main                                                  [pom]
[INFO] Apache Ozone Dev Support                                           [jar]
[INFO] Apache Ozone HDDS                                                  [pom]
[INFO] Apache Ozone Annotation Processing                                 [jar]
[INFO] Apache Ozone HDDS Config                                           [jar]
[INFO] Apache Ozone HDDS Client Interface                                 [jar]
[INFO] Apache Ozone HDDS Test Utils                                       [jar]
[INFO] Apache Ozone HDDS Hadoop Client dependencies                       [pom]
[INFO] Apache Ozone HDDS Common                                           [jar]
[INFO] Apache Ozone CLI Common                                            [jar]
[INFO] Apache Ozone HDDS Erasurecode                                      [jar]
[INFO] Apache Ozone HDDS Client                                           [jar]
[INFO] Apache Ozone HDDS Server Interface                                 [jar]
[INFO] Apache Ozone HDDS Managed RocksDB                                  [jar]
[INFO] Apache Ozone HDDS Admin Interface                                  [jar]
[INFO] Apache Ozone HDDS RocksDB Tools                                    [jar]
[INFO] Apache Ozone Checkpoint Differ for RocksDB                         [jar]
[INFO] Apache Ozone HDDS Server Framework                                 [jar]
[INFO] Apache Ozone Documentation                                         [jar]
[INFO] Apache Ozone HDDS Container Service                                [jar]
[INFO] Apache Ozone HDDS Crypto                                           [jar]
[INFO] Apache Ozone HDDS Crypto - Default                                 [jar]
[INFO] Apache Ozone HDDS SCM Server                                       [jar]
[INFO] Apache Ozone                                                       [pom]
[INFO] Apache Ozone Client Interface                                      [jar]
[INFO] Apache Ozone Common                                                [jar]
[INFO] Apache Ozone Client                                                [jar]
[INFO] Apache Ozone FileSystem Common                                     [jar]
[INFO] Apache Ozone FileSystem                                            [jar]
[INFO] Apache Ozone CLI Shell                                             [jar]
[INFO] Apache Ozone CLI Admin                                             [jar]
[INFO] Apache Ozone Storage Interface                                     [jar]
[INFO] Apache Ozone Manager Server                                        [jar]
[INFO] Apache Ozone Recon CodeGen                                         [jar]
[INFO] Apache Ozone Recon                                                 [jar]
[INFO] Apache Ozone Debug Tools                                           [jar]
[INFO] Apache Ozone CLI Interactive                                       [jar]
[INFO] Apache Ozone Repair Tools                                          [jar]
[INFO] Apache Ozone Datanode                                              [jar]
[INFO] Apache Ozone Freon                                                 [jar]
[INFO] Apache Ozone HttpFS                                                [jar]
[INFO] Apache Ozone Insight Tool                                          [jar]
[INFO] Apache Ozone Multitenancy with Ranger                              [jar]
[INFO] Apache Ozone S3 Secret Store                                       [jar]
[INFO] Apache Ozone S3 Gateway                                            [jar]
[INFO] Apache Ozone Tools                                                 [jar]
[INFO] Apache Ozone Vapor                                                 [jar]
[INFO] Apache Ozone Iceberg Integration                                   [jar]
[INFO] Apache Ozone Distribution                                          [jar]
[INFO] Apache Ozone Fault Injection Tests                                 [pom]
[INFO] Apache Ozone Network Tests                                         [jar]
[INFO] Apache Ozone Mini Cluster                                          [jar]
[INFO] Apache Ozone Integration Tests                                     [jar]
[INFO] Apache Ozone Recon Integration Tests                               [jar]
[INFO] Apache Ozone S3 Integration Tests                                  [jar]
[INFO] 
[INFO] --------------------< org.apache.ozone:ozone-main >---------------------
[INFO] Building Apache Ozone Main 2.3.0-SNAPSHOT                         [1/55]
[INFO]   from pom.xml
[INFO] --------------------------------[ pom ]---------------------------------
[INFO] 
[INFO] --- antrun:3.2.0:run (create-testdirs) @ ozone-main ---
[INFO] Executing tasks
[INFO]     [mkdir] Created dir: /home/runner/work/ozone/ozone/target/test-dir
[INFO] Executed tasks
[INFO] 
[INFO] --- enforcer:3.6.3:enforce (enforce-property) @ ozone-main ---
[INFO] Rule 0: org.apache.maven.enforcer.rules.property.RequireProperty passed
[INFO] Rule 1: org.apache.maven.enforcer.rules.version.RequireMavenVersion passed
[INFO] 
[INFO] --- sortpom:3.0.1:verify (default) @ ozone-main ---
[INFO] Verifying file /home/runner/work/ozone/ozone/pom.xml
[INFO] 
[INFO] --- jacoco:0.8.15:prepare-agent (default-prepare-agent) @ ozone-main ---
[INFO] argLine set to -javaagent:/home/runner/.m2/repository/org/jacoco/org.jacoco.agent/0.8.15/org.jacoco.agent-0.8.15-runtime.jar=destfile=/home/runner/work/ozone/ozone/target/jacoco.exec,includes=org.apache.hadoop.hdds.*:org.apache.hadoop.ozone.*:org.apache.hadoop.fs.ozone.*:org.apache.ozone.*:org.apache.hadoop.io_.*:org.apache.hadoop.ipc_.*:org.apache.hadoop.security_.*
[INFO] 
[INFO] --- enforcer:3.6.3:enforce (banned-rocksdb-imports) @ ozone-main ---
[INFO] Rule 0: org.apache.maven.plugins.enforcer.RestrictImports passed
[INFO] 
[INFO] --- enforcer:3.6.3:enforce (ban-imports) @ ozone-main ---
[INFO] Rule 0: org.apache.maven.plugins.enforcer.RestrictImports passed
[INFO] Rule 1: org.apache.maven.plugins.enforcer.RestrictImports passed
[INFO] Rule 2: org.apache.maven.plugins.enforcer.RestrictImports passed
[INFO] Rule 3: org.apache.maven.plugins.enforcer.RestrictImports passed
[INFO] Rule 4: org.apache.maven.plugins.enforcer.RestrictImports passed
[WARNING] EXPERIMENTAL FEATURE enabled. You have enabled full-compilation-unit parsing. Please be aware that experimental features might get removed or changed. Please share your feedback!
[INFO] Rule 5: org.apache.maven.plugins.enforcer.RestrictImports passed
[INFO] Rule 6: org.apache.maven.plugins.enforcer.RestrictImports passed
[INFO] Rule 7: org.apache.maven.plugins.enforcer.RestrictImports passed
[INFO] Rule 8: org.apache.maven.plugins.enforcer.RestrictImports passed
[INFO] Rule 9: org.apache.maven.plugins.enforcer.RestrictImports passed
[INFO] Rule 10: org.apache.maven.plugins.enforcer.RestrictImports passed
[INFO] Rule 11: org.apache.maven.plugins.enforcer.RestrictImports passed
[INFO] Rule 12: org.apache.maven.plugins.enforcer.RestrictImports passed
[INFO] 
[INFO] --- enforcer:3.6.3:enforce (ban-annotations) @ ozone-main ---
[INFO] Rule 0: org.apache.maven.plugins.enforcer.RestrictImports passed
[INFO] 
[INFO] --- dependency:3.11.0:build-classpath (add-classpath-descriptor) @ ozone-main ---
[INFO] Skipping plugin execution
[INFO] 
[INFO] --- download:1.9.0:wget (fetch-linux-x86_64-library) @ ozone-main ---
[INFO] 
[INFO] --- download:1.9.0:wget (fetch-linux-aarch64-library) @ ozone-main ---
[INFO] 
[INFO] --- download:1.9.0:wget (fetch-darwin-aarch64-library) @ ozone-main ---
[INFO] 
[INFO] --- antrun:3.2.0:run (extract-linux-x86_64-library) @ ozone-main ---
[INFO] Executing tasks
[INFO] Executed tasks
[INFO] 
[INFO] --- antrun:3.2.0:run (extract-darwin-aarch64-library) @ ozone-main ---
[INFO] Executing tasks
[INFO] Executed tasks
[INFO] 
[INFO] --- dependency:3.11.0:copy-dependencies (copy-jars) @ ozone-main ---
[INFO] Skipping plugin execution
[INFO] 
[INFO] --- dependency:3.11.0:analyze-only (analyze) @ ozone-main ---
[INFO] Skipping pom project
[INFO] 
[INFO] -----------------< org.apache.ozone:ozone-dev-support >-----------------
[INFO] Building Apache Ozone Dev Support 2.3.0-SNAPSHOT                  [2/55]
[INFO]   from dev-support/pom.xml
[INFO] --------------------------------[ jar ]---------------------------------
[INFO] 
[INFO] --- resources:3.5.0:copy-resources (copy-resources) @ ozone-dev-support ---
[INFO] Copying 2 resources from .. to target/extra-resources
[INFO] 
[INFO] --- sortpom:3.0.1:verify (default) @ ozone-dev-support ---
[INFO] Verifying file /home/runner/work/ozone/ozone/dev-support/pom.xml
[INFO] 
[INFO] --- jacoco:0.8.15:prepare-agent (default-prepare-agent) @ ozone-dev-support ---
[INFO] argLine set to -javaagent:/home/runner/.m2/repository/org/jacoco/org.jacoco.agent/0.8.15/org.jacoco.agent-0.8.15-runtime.jar=destfile=/home/runner/work/ozone/ozone/dev-support/target/jacoco.exec,includes=org.apache.hadoop.hdds.*:org.apache.hadoop.ozone.*:org.apache.hadoop.fs.ozone.*:org.apache.ozone.*:org.apache.hadoop.io_.*:org.apache.hadoop.ipc_.*:org.apache.hadoop.security_.*
[INFO] 
[INFO] --- enforcer:3.6.3:enforce (banned-rocksdb-imports) @ ozone-dev-support ---
[INFO] Rule 0: org.apache.maven.plugins.enforcer.RestrictImports passed
[INFO] 
[INFO] --- enforcer:3.6.3:enforce (ban-imports) @ ozone-dev-support ---
[INFO] Rule 0: org.apache.maven.plugins.enforcer.RestrictImports passed
[INFO] Rule 1: org.apache.maven.plugins.enforcer.RestrictImports passed
[INFO] Rule 2: org.apache.maven.plugins.enforcer.RestrictImports passed
[INFO] Rule 3: org.apache.maven.plugins.enforcer.RestrictImports passed
[INFO] Rule 4: org.apache.maven.plugins.enforcer.RestrictImports passed
[WARNING] EXPERIMENTAL FEATURE enabled. You have enabled full-compilation-unit parsing. Please be aware that experimental features might get removed or changed. Please share your feedback!
[INFO] Rule 5: org.apache.maven.plugins.enforcer.RestrictImports passed
[INFO] Rule 6: org.apache.maven.plugins.enforcer.RestrictImports passed
[INFO] Rule 7: org.apache.maven.plugins.enforcer.RestrictImports passed
[INFO] Rule 8: org.apache.maven.plugins.enforcer.RestrictImports passed
[INFO] Rule 9: org.apache.maven.plugins.enforcer.RestrictImports passed
[INFO] Rule 10: org.apache.maven.plugins.enforcer.RestrictImports passed
[INFO] Rule 11: org.apache.maven.plugins.enforcer.RestrictImports passed
[INFO] Rule 12: org.apache.maven.plugins.enforcer.RestrictImports passed
[INFO] 
[INFO] --- enforcer:3.6.3:enforce (ban-annotations) @ ozone-dev-support ---
[INFO] Rule 0: org.apache.maven.plugins.enforcer.RestrictImports passed
[INFO] 
[INFO] --- dependency:3.11.0:build-classpath (add-classpath-descriptor) @ ozone-dev-support ---
[INFO] Skipping plugin execution
[INFO] 
[INFO] --- resources:3.5.0:resources (default-resources) @ ozone-dev-support ---
[INFO] Copying 2 resources from target/extra-resources to target/classes/META-INF
[INFO] 
[INFO] --- remote-resources:3.3.0:bundle (default) @ ozone-dev-support ---
[INFO] Writing META-INF/maven/remote-resources.xml descriptor with 2 entries
[INFO] 
[INFO] --- compiler:3.15.0:compile (default-compile) @ ozone-dev-support ---
[INFO] No sources to compile
[INFO] 
[INFO] --- resources:3.5.0:testResources (default-testResources) @ ozone-dev-support ---
[INFO] skip non existing resourceDirectory /home/runner/work/ozone/ozone/dev-support/src/test/resources
[INFO] 
[INFO] --- compiler:3.15.0:testCompile (default-testCompile) @ ozone-dev-support ---
[INFO] No sources to compile
[INFO] 
[INFO] --- surefire:3.5.2:test (default-test) @ ozone-dev-support ---
[INFO] No tests to run.
[INFO] Using auto detected provider org.apache.maven.surefire.junitplatform.JUnitPlatformProvider
[INFO] No tests to run.
[INFO] 
[INFO] --- dependency:3.11.0:copy-dependencies (copy-jars) @ ozone-dev-support ---
[INFO] Skipping plugin execution
[INFO] 
[INFO] --- jar:3.5.1:jar (default-jar) @ ozone-dev-support ---
[INFO] Building jar: /home/runner/work/ozone/ozone/dev-support/target/ozone-dev-support-2.3.0-SNAPSHOT.jar
[INFO] 
[INFO] --- dependency:3.11.0:analyze-only (analyze) @ ozone-dev-support ---
[INFO] No dependency problems found
[INFO] 
[INFO] -----------------------< org.apache.ozone:hdds >------------------------
[INFO] Building Apache Ozone HDDS 2.3.0-SNAPSHOT                         [3/55]
[INFO]   from hadoop-hdds/pom.xml
[INFO] --------------------------------[ pom ]---------------------------------
[INFO] 
[INFO] --- sortpom:3.0.1:verify (default) @ hdds ---
[INFO] Verifying file /home/runner/work/ozone/ozone/hadoop-hdds/pom.xml
[INFO] 
[INFO] --- jacoco:0.8.15:prepare-agent (default-prepare-agent) @ hdds ---
[INFO] argLine set to -javaagent:/home/runner/.m2/repository/org/jacoco/org.jacoco.agent/0.8.15/org.jacoco.agent-0.8.15-runtime.jar=destfile=/home/runner/work/ozone/ozone/hadoop-hdds/target/jacoco.exec,includes=org.apache.hadoop.hdds.*:org.apache.hadoop.ozone.*:org.apache.hadoop.fs.ozone.*:org.apache.ozone.*:org.apache.hadoop.io_.*:org.apache.hadoop.ipc_.*:org.apache.hadoop.security_.*
[INFO] 
[INFO] --- enforcer:3.6.3:enforce (banned-rocksdb-imports) @ hdds ---
[INFO] Rule 0: org.apache.maven.plugins.enforcer.RestrictImports passed
[INFO] 
[INFO] --- enforcer:3.6.3:enforce (ban-imports) @ hdds ---
[INFO] Rule 0: org.apache.maven.plugins.enforcer.RestrictImports passed
[INFO] Rule 1: org.apache.maven.plugins.enforcer.RestrictImports passed
[INFO] Rule 2: org.apache.maven.plugins.enforcer.RestrictImports passed
[INFO] Rule 3: org.apache.maven.plugins.enforcer.RestrictImports passed
[INFO] Rule 4: org.apache.maven.plugins.enforcer.RestrictImports passed
[WARNING] EXPERIMENTAL FEATURE enabled. You have enabled full-compilation-unit parsing. Please be aware that experimental features might get removed or changed. Please share your feedback!
[INFO] Rule 5: org.apache.maven.plugins.enforcer.RestrictImports passed
[INFO] Rule 6: org.apache.maven.plugins.enforcer.RestrictImports passed
[INFO] Rule 7: org.apache.maven.plugins.enforcer.RestrictImports passed
[INFO] Rule 8: org.apache.maven.plugins.enforcer.RestrictImports passed
[INFO] Rule 9: org.apache.maven.plugins.enforcer.RestrictImports passed
[INFO] Rule 10: org.apache.maven.plugins.enforcer.RestrictImports passed
[INFO] Rule 11: org.apache.maven.plugins.enforcer.RestrictImports passed
[INFO] Rule 12: org.apache.maven.plugins.enforcer.RestrictImports passed
[INFO] 
[INFO] --- enforcer:3.6.3:enforce (ban-annotations) @ hdds ---
[INFO] Rule 0: org.apache.maven.plugins.enforcer.RestrictImports passed
[INFO] 
[INFO] --- dependency:3.11.0:build-classpath (add-classpath-descriptor) @ hdds ---
[INFO] Skipping plugin execution
[INFO] 
[INFO] --- remote-resources:3.3.0:process (default) @ hdds ---
[INFO] Preparing remote bundle org.apache.ozone:ozone-dev-support:2.3.0-SNAPSHOT
[INFO] Copying 2 resources from 1 bundle.
[INFO] 
[INFO] --- dependency:3.11.0:copy-dependencies (copy-jars) @ hdds ---
[INFO] Skipping plugin execution
[INFO] 
[INFO] --- jar:3.5.1:test-jar (default) @ hdds ---
[WARNING] JAR will be empty - no content was marked for inclusion!
[INFO] Building jar: /home/runner/work/ozone/ozone/hadoop-hdds/target/hdds-2.3.0-SNAPSHOT-tests.jar
[INFO] 
[INFO] --- dependency:3.11.0:analyze-only (analyze) @ hdds ---
[INFO] Skipping pom project
[INFO] 
[INFO] ------------< org.apache.ozone:hdds-annotation-processing >-------------
[INFO] Building Apache Ozone Annotation Processing 2.3.0-SNAPSHOT        [4/55]
[INFO]   from hadoop-hdds/annotations/pom.xml
[INFO] --------------------------------[ jar ]---------------------------------
[INFO] 
[INFO] --- sortpom:3.0.1:verify (default) @ hdds-annotation-processing ---
[INFO] Verifying file /home/runner/work/ozone/ozone/hadoop-hdds/annotations/pom.xml
[INFO] 
[INFO] --- jacoco:0.8.15:prepare-agent (default-prepare-agent) @ hdds-annotation-processing ---
[INFO] argLine set to -javaagent:/home/runner/.m2/repository/org/jacoco/org.jacoco.agent/0.8.15/org.jacoco.agent-0.8.15-runtime.jar=destfile=/home/runner/work/ozone/ozone/hadoop-hdds/annotations/target/jacoco.exec,includes=org.apache.hadoop.hdds.*:org.apache.hadoop.ozone.*:org.apache.hadoop.fs.ozone.*:org.apache.ozone.*:org.apache.hadoop.io_.*:org.apache.hadoop.ipc_.*:org.apache.hadoop.security_.*
[INFO] 
[INFO] --- enforcer:3.6.3:enforce (banned-rocksdb-imports) @ hdds-annotation-processing ---
[INFO] Rule 0: org.apache.maven.plugins.enforcer.RestrictImports passed
[INFO] 
[INFO] --- enforcer:3.6.3:enforce (ban-imports) @ hdds-annotation-processing ---
[INFO] Rule 0: org.apache.maven.plugins.enforcer.RestrictImports passed
[INFO] Rule 1: org.apache.maven.plugins.enforcer.RestrictImports passed
[INFO] Rule 2: org.apache.maven.plugins.enforcer.RestrictImports passed
[INFO] Rule 3: org.apache.maven.plugins.enforcer.RestrictImports passed
[INFO] Rule 4: org.apache.maven.plugins.enforcer.RestrictImports passed
[WARNING] EXPERIMENTAL FEATURE enabled. You have enabled full-compilation-unit parsing. Please be aware that experimental features might get removed or changed. Please share your feedback!
[INFO] Rule 5: org.apache.maven.plugins.enforcer.RestrictImports passed
[INFO] Rule 6: org.apache.maven.plugins.enforcer.RestrictImports passed
[INFO] Rule 7: org.apache.maven.plugins.enforcer.RestrictImports passed
[INFO] Rule 8: org.apache.maven.plugins.enforcer.RestrictImports passed
[INFO] Rule 9: org.apache.maven.plugins.enforcer.RestrictImports passed
[INFO] Rule 10: org.apache.maven.plugins.enforcer.RestrictImports passed
[INFO] Rule 11: org.apache.maven.plugins.enforcer.RestrictImports passed
[INFO] Rule 12: org.apache.maven.plugins.enforcer.RestrictImports passed
[INFO] 
[INFO] --- enforcer:3.6.3:enforce (ban-annotations) @ hdds-annotation-processing ---
[INFO] Rule 0: org.apache.maven.plugins.enforcer.RestrictImports passed
[INFO] 
[INFO] --- dependency:3.11.0:build-classpath (add-classpath-descriptor) @ hdds-annotation-processing ---
[INFO] Skipping plugin execution
[INFO] 
[INFO] --- remote-resources:3.3.0:process (default) @ hdds-annotation-processing ---
[INFO] Preparing remote bundle org.apache.ozone:ozone-dev-support:2.3.0-SNAPSHOT
[INFO] Copying 2 resources from 1 bundle.
[INFO] 
[INFO] --- resources:3.5.0:resources (default-resources) @ hdds-annotation-processing ---
[INFO] skip non existing resourceDirectory /home/runner/work/ozone/ozone/hadoop-hdds/annotations/src/main/resources
[INFO] Copying 2 resources from target/maven-shared-archive-resources to target/classes
[INFO] 
[INFO] --- compiler:3.15.0:compile (default-compile) @ hdds-annotation-processing ---
[INFO] Compiling 5 source files with javac [debug release 8] to target/classes
[WARNING] source value 8 is obsolete and will be removed in a future release
[WARNING] target value 8 is obsolete and will be removed in a future release
[WARNING] To suppress warnings about obsolete options, use -Xlint:-options.
[INFO] 
[INFO] --- resources:3.5.0:testResources (default-testResources) @ hdds-annotation-processing ---
[INFO] Not copying test resources
[INFO] 
[INFO] --- compiler:3.15.0:testCompile (default-testCompile) @ hdds-annotation-processing ---
[INFO] Skipped
[INFO] 
[INFO] --- surefire:3.5.2:test (default-test) @ hdds-annotation-processing ---
[INFO] Skipped
[INFO] 
[INFO] --- dependency:3.11.0:copy-dependencies (copy-jars) @ hdds-annotation-processing ---
[INFO] Skipping plugin execution
[INFO] 
[INFO] --- jar:3.5.1:jar (default-jar) @ hdds-annotation-processing ---
[INFO] Building jar: /home/runner/work/ozone/ozone/hadoop-hdds/annotations/target/hdds-annotation-processing-2.3.0-SNAPSHOT.jar
[INFO] 
[INFO] --- jar:3.5.1:test-jar (default) @ hdds-annotation-processing ---
[INFO] Skipping packaging of the test-jar
[INFO] 
[INFO] --- dependency:3.11.0:analyze-only (analyze) @ hdds-annotation-processing ---
[INFO] No dependency problems found
[INFO] 
[INFO] --------------------< org.apache.ozone:hdds-config >--------------------
[INFO] Building Apache Ozone HDDS Config 2.3.0-SNAPSHOT                  [5/55]
[INFO]   from hadoop-hdds/config/pom.xml
[INFO] --------------------------------[ jar ]---------------------------------
[INFO] 
[INFO] --- sortpom:3.0.1:verify (default) @ hdds-config ---
[INFO] Verifying file /home/runner/work/ozone/ozone/hadoop-hdds/config/pom.xml
[INFO] 
[INFO] --- jacoco:0.8.15:prepare-agent (default-prepare-agent) @ hdds-config ---
[INFO] argLine set to -javaagent:/home/runner/.m2/repository/org/jacoco/org.jacoco.agent/0.8.15/org.jacoco.agent-0.8.15-runtime.jar=destfile=/home/runner/work/ozone/ozone/hadoop-hdds/config/target/jacoco.exec,includes=org.apache.hadoop.hdds.*:org.apache.hadoop.ozone.*:org.apache.hadoop.fs.ozone.*:org.apache.ozone.*:org.apache.hadoop.io_.*:org.apache.hadoop.ipc_.*:org.apache.hadoop.security_.*
[INFO] 
[INFO] --- enforcer:3.6.3:enforce (banned-rocksdb-imports) @ hdds-config ---
[INFO] Rule 0: org.apache.maven.plugins.enforcer.RestrictImports passed
[INFO] 
[INFO] --- enforcer:3.6.3:enforce (ban-imports) @ hdds-config ---
[INFO] Rule 0: org.apache.maven.plugins.enforcer.RestrictImports passed
[INFO] Rule 1: org.apache.maven.plugins.enforcer.RestrictImports passed
[INFO] Rule 2: org.apache.maven.plugins.enforcer.RestrictImports passed
[INFO] Rule 3: org.apache.maven.plugins.enforcer.RestrictImports passed
[INFO] Rule 4: org.apache.maven.plugins.enforcer.RestrictImports passed
[WARNING] EXPERIMENTAL FEATURE enabled. You have enabled full-compilation-unit parsing. Please be aware that experimental features might get removed or changed. Please share your feedback!
[INFO] Rule 5: org.apache.maven.plugins.enforcer.RestrictImports passed
[INFO] Rule 6: org.apache.maven.plugins.enforcer.RestrictImports passed
[INFO] Rule 7: org.apache.maven.plugins.enforcer.RestrictImports passed
[INFO] Rule 8: org.apache.maven.plugins.enforcer.RestrictImports passed
[INFO] Rule 9: org.apache.maven.plugins.enforcer.RestrictImports passed
[INFO] Rule 10: org.apache.maven.plugins.enforcer.RestrictImports passed
[INFO] Rule 11: org.apache.maven.plugins.enforcer.RestrictImports passed
[INFO] Rule 12: org.apache.maven.plugins.enforcer.RestrictImports passed
[INFO] 
[INFO] --- enforcer:3.6.3:enforce (ban-annotations) @ hdds-config ---
[INFO] Rule 0: org.apache.maven.plugins.enforcer.RestrictImports passed
[INFO] 
[INFO] --- dependency:3.11.0:build-classpath (add-classpath-descriptor) @ hdds-config ---
[INFO] Skipping plugin execution
[INFO] 
[INFO] --- remote-resources:3.3.0:process (default) @ hdds-config ---
[INFO] Preparing remote bundle org.apache.ozone:ozone-dev-support:2.3.0-SNAPSHOT
[INFO] Copying 2 resources from 1 bundle.
[INFO] 
[INFO] --- resources:3.5.0:resources (default-resources) @ hdds-config ---
[INFO] skip non existing resourceDirectory /home/runner/work/ozone/ozone/hadoop-hdds/config/src/main/resources
[INFO] Copying 2 resources from target/maven-shared-archive-resources to target/classes
[INFO] 
[INFO] --- compiler:3.15.0:compile (default-compile) @ hdds-config ---
[INFO] Compiling 17 source files with javac [debug release 8] to target/classes
[WARNING] source value 8 is obsolete and will be removed in a future release
[WARNING] target value 8 is obsolete and will be removed in a future release
[WARNING] To suppress warnings about obsolete options, use -Xlint:-options.
[INFO] 
[INFO] --- resources:3.5.0:testResources (default-testResources) @ hdds-config ---
[INFO] Copying 1 resource from src/test/resources to target/test-classes
[INFO] Copying 2 resources from target/maven-shared-archive-resources to target/test-classes
[INFO] 
[INFO] --- compiler:3.15.0:testCompile (default-testCompile) @ hdds-config ---
[INFO] Compiling 8 source files with javac [debug release 8] to target/test-classes
[WARNING] source value 8 is obsolete and will be removed in a future release
[WARNING] target value 8 is obsolete and will be removed in a future release
[WARNING] To suppress warnings about obsolete options, use -Xlint:-options.
[INFO] 
[INFO] --- surefire:3.5.2:test (default-test) @ hdds-config ---
[INFO] Using auto detected provider org.apache.maven.surefire.junitplatform.JUnitPlatformProvider
[INFO] Using auto detected provider org.apache.maven.surefire.junitplatform.JUnitPlatformProvider
[INFO] 
[INFO] --- dependency:3.11.0:copy-dependencies (copy-jars) @ hdds-config ---
[INFO] Skipping plugin execution
[INFO] 
[INFO] --- jar:3.5.1:jar (default-jar) @ hdds-config ---
[INFO] Building jar: /home/runner/work/ozone/ozone/hadoop-hdds/config/target/hdds-config-2.3.0-SNAPSHOT.jar
[INFO] 
[INFO] --- jar:3.5.1:test-jar (default) @ hdds-config ---
[INFO] Building jar: /home/runner/work/ozone/ozone/hadoop-hdds/config/target/hdds-config-2.3.0-SNAPSHOT-tests.jar
[INFO] 
[INFO] --- dependency:3.11.0:analyze-only (analyze) @ hdds-config ---
[INFO] No dependency problems found
[INFO] 
[INFO] ---------------< org.apache.ozone:hdds-interface-client >---------------
[INFO] Building Apache Ozone HDDS Client Interface 2.3.0-SNAPSHOT        [6/55]
[INFO]   from hadoop-hdds/interface-client/pom.xml
[INFO] --------------------------------[ jar ]---------------------------------
[INFO] 
[INFO] --- sortpom:3.0.1:verify (default) @ hdds-interface-client ---
[INFO] Verifying file /home/runner/work/ozone/ozone/hadoop-hdds/interface-client/pom.xml
[INFO] 
[INFO] --- jacoco:0.8.15:prepare-agent (default-prepare-agent) @ hdds-interface-client ---
[INFO] argLine set to -javaagent:/home/runner/.m2/repository/org/jacoco/org.jacoco.agent/0.8.15/org.jacoco.agent-0.8.15-runtime.jar=destfile=/home/runner/work/ozone/ozone/hadoop-hdds/interface-client/target/jacoco.exec,includes=org.apache.hadoop.hdds.*:org.apache.hadoop.ozone.*:org.apache.hadoop.fs.ozone.*:org.apache.ozone.*:org.apache.hadoop.io_.*:org.apache.hadoop.ipc_.*:org.apache.hadoop.security_.*
[INFO] 
[INFO] --- protobuf:0.6.1:compile (compile-proto-for-ratis) @ hdds-interface-client ---
[INFO] Compiling 1 proto file(s) to /home/runner/work/ozone/ozone/hadoop-hdds/interface-client/target/generated-sources/proto-java-for-ratis
[INFO] 
[INFO] --- protobuf:0.6.1:compile-custom (compile-proto-for-ratis) @ hdds-interface-client ---
[INFO] Compiling 1 proto file(s) to /home/runner/work/ozone/ozone/hadoop-hdds/interface-client/target/generated-sources/proto-java-for-ratis
[INFO] 
[INFO] --- protobuf:0.6.1:compile (compile-proto-3.25.9) @ hdds-interface-client ---
[INFO] Compiling 6 proto file(s) to /home/runner/work/ozone/ozone/hadoop-hdds/interface-client/target/generated-sources/proto-java-for-protobuf-3.25.9
[INFO] 
[INFO] --- antrun:3.2.0:run (default) @ hdds-interface-client ---
[INFO] Executing tasks
[INFO] Executed tasks
[INFO] 
[INFO] --- enforcer:3.6.3:enforce (banned-rocksdb-imports) @ hdds-interface-client ---
[INFO] Rule 0: org.apache.maven.plugins.enforcer.RestrictImports passed
[INFO] Rule 1: org.apache.maven.enforcer.rules.version.RequireMavenVersion passed
[INFO] 
[INFO] --- enforcer:3.6.3:enforce (ban-imports) @ hdds-interface-client ---
[INFO] Rule 0: org.apache.maven.plugins.enforcer.RestrictImports passed
[INFO] Rule 1: org.apache.maven.plugins.enforcer.RestrictImports passed
[INFO] Rule 2: org.apache.maven.plugins.enforcer.RestrictImports passed
[INFO] Rule 3: org.apache.maven.plugins.enforcer.RestrictImports passed
[INFO] Rule 4: org.apache.maven.plugins.enforcer.RestrictImports passed
[WARNING] EXPERIMENTAL FEATURE enabled. You have enabled full-compilation-unit parsing. Please be aware that experimental features might get removed or changed. Please share your feedback!
[INFO] Rule 5: org.apache.maven.plugins.enforcer.RestrictImports passed
[INFO] Rule 6: org.apache.maven.plugins.enforcer.RestrictImports passed
[INFO] Rule 7: org.apache.maven.plugins.enforcer.RestrictImports passed
[INFO] Rule 8: org.apache.maven.plugins.enforcer.RestrictImports passed
[INFO] Rule 9: org.apache.maven.plugins.enforcer.RestrictImports passed
[INFO] Rule 10: org.apache.maven.plugins.enforcer.RestrictImports passed
[INFO] Rule 11: org.apache.maven.plugins.enforcer.RestrictImports passed
[INFO] Rule 12: org.apache.maven.plugins.enforcer.RestrictImports passed
[INFO] 
[INFO] --- enforcer:3.6.3:enforce (ban-annotations) @ hdds-interface-client ---
[INFO] Rule 0: org.apache.maven.plugins.enforcer.RestrictImports passed
[INFO] 
[INFO] --- dependency:3.11.0:build-classpath (add-classpath-descriptor) @ hdds-interface-client ---
[INFO] Skipping plugin execution
[INFO] 
[INFO] --- remote-resources:3.3.0:process (default) @ hdds-interface-client ---
[INFO] Preparing remote bundle org.apache.ozone:ozone-dev-support:2.3.0-SNAPSHOT
[INFO] Copying 2 resources from 1 bundle.
[INFO] 
[INFO] --- resources:3.5.0:resources (default-resources) @ hdds-interface-client ---
[INFO] Copying 1 resource from src/main/resources to target/classes
[INFO] Copying 1 resource from src/main/proto to target/classes
[INFO] Copying 1 resource from src/main/proto to target/classes
[INFO] Copying 6 resources from src/main/proto to target/classes
[INFO] Copying 2 resources from target/maven-shared-archive-resources to target/classes
[INFO] 
[INFO] --- compiler:3.15.0:compile (default-compile) @ hdds-interface-client ---
[INFO] Compiling 9 source files with javac [debug release 8] to target/classes
[WARNING] source value 8 is obsolete and will be removed in a future release
[WARNING] target value 8 is obsolete and will be removed in a future release
[WARNING] To suppress warnings about obsolete options, use -Xlint:-options.
[INFO] 
[INFO] --- protobuf:0.6.1:test-compile (compile-proto-for-ratis) @ hdds-interface-client ---
[INFO] /home/runner/work/ozone/ozone/hadoop-hdds/interface-client/src/test/proto does not exist. Review the configuration or consider disabling the plugin.
[INFO] 
[INFO] --- protobuf:0.6.1:test-compile-custom (compile-proto-for-ratis) @ hdds-interface-client ---
[INFO] /home/runner/work/ozone/ozone/hadoop-hdds/interface-client/src/test/proto does not exist. Review the configuration or consider disabling the plugin.
[INFO] 
[INFO] --- protobuf:0.6.1:test-compile (compile-proto-3.25.9) @ hdds-interface-client ---
[INFO] /home/runner/work/ozone/ozone/hadoop-hdds/interface-client/src/test/proto does not exist. Review the configuration or consider disabling the plugin.
[INFO] 
[INFO] --- resources:3.5.0:testResources (default-testResources) @ hdds-interface-client ---
[INFO] Not copying test resources
[INFO] 
[INFO] --- compiler:3.15.0:testCompile (default-testCompile) @ hdds-interface-client ---
[INFO] Skipped
[INFO] 
[INFO] --- surefire:3.5.2:test (default-test) @ hdds-interface-client ---
[INFO] Skipped
[INFO] 
[INFO] --- dependency:3.11.0:copy-dependencies (copy-jars) @ hdds-interface-client ---
[INFO] Skipping plugin execution
[INFO] 
[INFO] --- jar:3.5.1:jar (default-jar) @ hdds-interface-client ---
[INFO] Building jar: /home/runner/work/ozone/ozone/hadoop-hdds/interface-client/target/hdds-interface-client-2.3.0-SNAPSHOT.jar
[INFO] 
[INFO] --- jar:3.5.1:test-jar (default) @ hdds-interface-client ---
[INFO] Skipping packaging of the test-jar
[INFO] 
[INFO] --- dependency:3.11.0:analyze-only (analyze) @ hdds-interface-client ---
[INFO] No dependency problems found
[INFO] 
[INFO] --- proto-backwards-compatibility:1.0.7:backwards-compatibility-check (default) @ hdds-interface-client ---
[INFO] protolock cmd line: /home/runner/work/ozone/ozone/hadoop-hdds/interface-client/target/protolock-bin/protolock status --lockdir=/home/runner/work/ozone/ozone/hadoop-hdds/interface-client/target/classes --protoroot=/home/runner/work/ozone/ozone/hadoop-hdds/interface-client/target/classes
[INFO] protolock cmd line: /home/runner/work/ozone/ozone/hadoop-hdds/interface-client/target/protolock-bin/protolock commit --lockdir=/home/runner/work/ozone/ozone/hadoop-hdds/interface-client/target/classes --protoroot=/home/runner/work/ozone/ozone/hadoop-hdds/interface-client/target/classes
[INFO] Backwards compatibility check passed.
[INFO] 
[INFO] ------------------< org.apache.ozone:hdds-test-utils >------------------
[INFO] Building Apache Ozone HDDS Test Utils 2.3.0-SNAPSHOT              [7/55]
[INFO]   from hadoop-hdds/test-utils/pom.xml
[INFO] --------------------------------[ jar ]---------------------------------
[INFO] 
[INFO] --- sortpom:3.0.1:verify (default) @ hdds-test-utils ---
[INFO] Verifying file /home/runner/work/ozone/ozone/hadoop-hdds/test-utils/pom.xml
[INFO] 
[INFO] --- jacoco:0.8.15:prepare-agent (default-prepare-agent) @ hdds-test-utils ---
[INFO] argLine set to -javaagent:/home/runner/.m2/repository/org/jacoco/org.jacoco.agent/0.8.15/org.jacoco.agent-0.8.15-runtime.jar=destfile=/home/runner/work/ozone/ozone/hadoop-hdds/test-utils/target/jacoco.exec,includes=org.apache.hadoop.hdds.*:org.apache.hadoop.ozone.*:org.apache.hadoop.fs.ozone.*:org.apache.ozone.*:org.apache.hadoop.io_.*:org.apache.hadoop.ipc_.*:org.apache.hadoop.security_.*
[INFO] 
[INFO] --- enforcer:3.6.3:enforce (banned-rocksdb-imports) @ hdds-test-utils ---
[INFO] Rule 0: org.apache.maven.plugins.enforcer.RestrictImports passed
[INFO] 
[INFO] --- enforcer:3.6.3:enforce (ban-imports) @ hdds-test-utils ---
[INFO] Rule 0: org.apache.maven.plugins.enforcer.RestrictImports passed
[INFO] Rule 1: org.apache.maven.plugins.enforcer.RestrictImports passed
[INFO] Rule 2: org.apache.maven.plugins.enforcer.RestrictImports passed
[INFO] Rule 3: org.apache.maven.plugins.enforcer.RestrictImports passed
[INFO] Rule 4: org.apache.maven.plugins.enforcer.RestrictImports passed
[WARNING] EXPERIMENTAL FEATURE enabled. You have enabled full-compilation-unit parsing. Please be aware that experimental features might get removed or changed. Please share your feedback!
[INFO] Rule 5: org.apache.maven.plugins.enforcer.RestrictImports passed
[INFO] Rule 6: org.apache.maven.plugins.enforcer.RestrictImports passed
[INFO] Rule 7: org.apache.maven.plugins.enforcer.RestrictImports passed
[INFO] Rule 8: org.apache.maven.plugins.enforcer.RestrictImports passed
[INFO] Rule 9: org.apache.maven.plugins.enforcer.RestrictImports passed
[INFO] Rule 10: org.apache.maven.plugins.enforcer.RestrictImports passed
[INFO] Rule 11: org.apache.maven.plugins.enforcer.RestrictImports passed
[INFO] Rule 12: org.apache.maven.plugins.enforcer.RestrictImports passed
[INFO] 
[INFO] --- enforcer:3.6.3:enforce (ban-annotations) @ hdds-test-utils ---
[INFO] Rule 0: org.apache.maven.plugins.enforcer.RestrictImports passed
[INFO] 
[INFO] --- dependency:3.11.0:build-classpath (add-classpath-descriptor) @ hdds-test-utils ---
[INFO] Skipping plugin execution
[INFO] 
[INFO] --- remote-resources:3.3.0:process (default) @ hdds-test-utils ---
[INFO] Preparing remote bundle org.apache.ozone:ozone-dev-support:2.3.0-SNAPSHOT
[INFO] Copying 2 resources from 1 bundle.
[INFO] 
[INFO] --- resources:3.5.0:resources (default-resources) @ hdds-test-utils ---
[INFO] Copying 1 resource from src/main/resources to target/classes
[INFO] Copying 2 resources from target/maven-shared-archive-resources to target/classes
[INFO] 
[INFO] --- compiler:3.15.0:compile (default-compile) @ hdds-test-utils ---
[INFO] Compiling 18 source files with javac [debug release 8] to target/classes
[WARNING] source value 8 is obsolete and will be removed in a future release
[WARNING] target value 8 is obsolete and will be removed in a future release
[WARNING] To suppress warnings about obsolete options, use -Xlint:-options.
[INFO] /home/runner/work/ozone/ozone/hadoop-hdds/test-utils/src/main/java/org/apache/ozone/test/GenericTestUtils.java: /home/runner/work/ozone/ozone/hadoop-hdds/test-utils/src/main/java/org/apache/ozone/test/GenericTestUtils.java uses unchecked or unsafe operations.
[INFO] /home/runner/work/ozone/ozone/hadoop-hdds/test-utils/src/main/java/org/apache/ozone/test/GenericTestUtils.java: Recompile with -Xlint:unchecked for details.
[INFO] 
[INFO] --- resources:3.5.0:testResources (default-testResources) @ hdds-test-utils ---
[INFO] skip non existing resourceDirectory /home/runner/work/ozone/ozone/hadoop-hdds/test-utils/src/test/resources
[INFO] Copying 2 resources from target/maven-shared-archive-resources to target/test-classes
[INFO] 
[INFO] --- compiler:3.15.0:testCompile (default-testCompile) @ hdds-test-utils ---
[INFO] No sources to compile
[INFO] 
[INFO] --- surefire:3.5.2:test (default-test) @ hdds-test-utils ---
[INFO] Using auto detected provider org.apache.maven.surefire.junitplatform.JUnitPlatformProvider
[INFO] 
[INFO] --- dependency:3.11.0:copy-dependencies (copy-jars) @ hdds-test-utils ---
[INFO] Skipping plugin execution
[INFO] 
[INFO] --- jar:3.5.1:jar (default-jar) @ hdds-test-utils ---
[INFO] Building jar: /home/runner/work/ozone/ozone/hadoop-hdds/test-utils/target/hdds-test-utils-2.3.0-SNAPSHOT.jar
[INFO] 
[INFO] --- jar:3.5.1:test-jar (default) @ hdds-test-utils ---
[INFO] Building jar: /home/runner/work/ozone/ozone/hadoop-hdds/test-utils/target/hdds-test-utils-2.3.0-SNAPSHOT-tests.jar
[INFO] 
[INFO] --- dependency:3.11.0:analyze-only (analyze) @ hdds-test-utils ---
[INFO] No dependency problems found
[INFO] 
[INFO] -----------< org.apache.ozone:hdds-hadoop-dependency-client >-----------
[INFO] Building Apache Ozone HDDS Hadoop Client dependencies 2.3.0-SNAPSHOT [8/55]
[INFO]   from hadoop-hdds/hadoop-dependency-client/pom.xml
[INFO] --------------------------------[ pom ]---------------------------------
[INFO] 
[INFO] --- sortpom:3.0.1:verify (default) @ hdds-hadoop-dependency-client ---
[INFO] Verifying file /home/runner/work/ozone/ozone/hadoop-hdds/hadoop-dependency-client/pom.xml
[INFO] 
[INFO] --- jacoco:0.8.15:prepare-agent (default-prepare-agent) @ hdds-hadoop-dependency-client ---
[INFO] argLine set to -javaagent:/home/runner/.m2/repository/org/jacoco/org.jacoco.agent/0.8.15/org.jacoco.agent-0.8.15-runtime.jar=destfile=/home/runner/work/ozone/ozone/hadoop-hdds/hadoop-dependency-client/target/jacoco.exec,includes=org.apache.hadoop.hdds.*:org.apache.hadoop.ozone.*:org.apache.hadoop.fs.ozone.*:org.apache.ozone.*:org.apache.hadoop.io_.*:org.apache.hadoop.ipc_.*:org.apache.hadoop.security_.*
[INFO] 
[INFO] --- enforcer:3.6.3:enforce (banned-rocksdb-imports) @ hdds-hadoop-dependency-client ---
[INFO] Rule 0: org.apache.maven.plugins.enforcer.RestrictImports passed
[INFO] 
[INFO] --- enforcer:3.6.3:enforce (ban-imports) @ hdds-hadoop-dependency-client ---
[INFO] Rule 0: org.apache.maven.plugins.enforcer.RestrictImports passed
[INFO] Rule 1: org.apache.maven.plugins.enforcer.RestrictImports passed
[INFO] Rule 2: org.apache.maven.plugins.enforcer.RestrictImports passed
[INFO] Rule 3: org.apache.maven.plugins.enforcer.RestrictImports passed
[INFO] Rule 4: org.apache.maven.plugins.enforcer.RestrictImports passed
[WARNING] EXPERIMENTAL FEATURE enabled. You have enabled full-compilation-unit parsing. Please be aware that experimental features might get removed or changed. Please share your feedback!
[INFO] Rule 5: org.apache.maven.plugins.enforcer.RestrictImports passed
[INFO] Rule 6: org.apache.maven.plugins.enforcer.RestrictImports passed
[INFO] Rule 7: org.apache.maven.plugins.enforcer.RestrictImports passed
[INFO] Rule 8: org.apache.maven.plugins.enforcer.RestrictImports passed
[INFO] Rule 9: org.apache.maven.plugins.enforcer.RestrictImports passed
[INFO] Rule 10: org.apache.maven.plugins.enforcer.RestrictImports passed
[INFO] Rule 11: org.apache.maven.plugins.enforcer.RestrictImports passed
[INFO] Rule 12: org.apache.maven.plugins.enforcer.RestrictImports passed
[INFO] 
[INFO] --- enforcer:3.6.3:enforce (ban-annotations) @ hdds-hadoop-dependency-client ---
[INFO] Rule 0: org.apache.maven.plugins.enforcer.RestrictImports passed
[INFO] 
[INFO] --- dependency:3.11.0:build-classpath (add-classpath-descriptor) @ hdds-hadoop-dependency-client ---
[INFO] Skipping plugin execution
[INFO] 
[INFO] --- remote-resources:3.3.0:process (default) @ hdds-hadoop-dependency-client ---
[INFO] Preparing remote bundle org.apache.ozone:ozone-dev-support:2.3.0-SNAPSHOT
[INFO] Copying 2 resources from 1 bundle.
[INFO] 
[INFO] --- dependency:3.11.0:copy-dependencies (copy-jars) @ hdds-hadoop-dependency-client ---
[INFO] Skipping plugin execution
[INFO] 
[INFO] --- jar:3.5.1:test-jar (default) @ hdds-hadoop-dependency-client ---
[WARNING] JAR will be empty - no content was marked for inclusion!
[INFO] Building jar: /home/runner/work/ozone/ozone/hadoop-hdds/hadoop-dependency-client/target/hdds-hadoop-dependency-client-2.3.0-SNAPSHOT-tests.jar
[INFO] 
[INFO] --- dependency:3.11.0:analyze-only (analyze) @ hdds-hadoop-dependency-client ---
[INFO] Skipping pom project
[INFO] 
[INFO] --------------------< org.apache.ozone:hdds-common >--------------------
[INFO] Building Apache Ozone HDDS Common 2.3.0-SNAPSHOT                  [9/55]
[INFO]   from hadoop-hdds/common/pom.xml
[INFO] --------------------------------[ jar ]---------------------------------
[INFO] 
[INFO] --- sortpom:3.0.1:verify (default) @ hdds-common ---
[INFO] Verifying file /home/runner/work/ozone/ozone/hadoop-hdds/common/pom.xml
[INFO] 
[INFO] --- jacoco:0.8.15:prepare-agent (default-prepare-agent) @ hdds-common ---
[INFO] argLine set to -javaagent:/home/runner/.m2/repository/org/jacoco/org.jacoco.agent/0.8.15/org.jacoco.agent-0.8.15-runtime.jar=destfile=/home/runner/work/ozone/ozone/hadoop-hdds/common/target/jacoco.exec,includes=org.apache.hadoop.hdds.*:org.apache.hadoop.ozone.*:org.apache.hadoop.fs.ozone.*:org.apache.ozone.*:org.apache.hadoop.io_.*:org.apache.hadoop.ipc_.*:org.apache.hadoop.security_.*
[INFO] 
[INFO] --- enforcer:3.6.3:enforce (banned-rocksdb-imports) @ hdds-common ---
[INFO] Rule 0: org.apache.maven.plugins.enforcer.RestrictImports passed
[INFO] 
[INFO] --- enforcer:3.6.3:enforce (ban-imports) @ hdds-common ---
[INFO] Rule 0: org.apache.maven.plugins.enforcer.RestrictImports passed
[INFO] Rule 1: org.apache.maven.plugins.enforcer.RestrictImports passed
[INFO] Rule 2: org.apache.maven.plugins.enforcer.RestrictImports passed
[INFO] Rule 3: org.apache.maven.plugins.enforcer.RestrictImports passed
[INFO] Rule 4: org.apache.maven.plugins.enforcer.RestrictImports passed
[WARNING] EXPERIMENTAL FEATURE enabled. You have enabled full-compilation-unit parsing. Please be aware that experimental features might get removed or changed. Please share your feedback!
[INFO] Rule 5: org.apache.maven.plugins.enforcer.RestrictImports passed
[INFO] Rule 6: org.apache.maven.plugins.enforcer.RestrictImports passed
[INFO] Rule 7: org.apache.maven.plugins.enforcer.RestrictImports passed
[INFO] Rule 8: org.apache.maven.plugins.enforcer.RestrictImports passed
[INFO] Rule 9: org.apache.maven.plugins.enforcer.RestrictImports passed
[INFO] Rule 10: org.apache.maven.plugins.enforcer.RestrictImports passed
[INFO] Rule 11: org.apache.maven.plugins.enforcer.RestrictImports passed
[INFO] Rule 12: org.apache.maven.plugins.enforcer.RestrictImports passed
[INFO] 
[INFO] --- enforcer:3.6.3:enforce (ban-annotations) @ hdds-common ---
[INFO] Rule 0: org.apache.maven.plugins.enforcer.RestrictImports passed
[INFO] 
[INFO] --- dependency:3.11.0:build-classpath (add-classpath-descriptor) @ hdds-common ---
[INFO] Skipping plugin execution
[INFO] 
[INFO] --- remote-resources:3.3.0:process (default) @ hdds-common ---
[INFO] Preparing remote bundle org.apache.ozone:ozone-dev-support:2.3.0-SNAPSHOT
[INFO] Copying 2 resources from 1 bundle.
[INFO] 
[INFO] --- hadoops:3.4.3:version-info (version-info) @ hdds-common ---
[INFO] SCM: GIT
[INFO] Computed MD5: b7e553cee58ecd1f9115bd7383dc7a85
[INFO] 
[INFO] --- resources:3.5.0:resources (default-resources) @ hdds-common ---
[INFO] Copying 1 resource from src/main/resources to target/classes
[INFO] Copying 1 resource from src/main/resources to target/classes
[INFO] Copying 2 resources from target/maven-shared-archive-resources to target/classes
[INFO] The encoding used to copy filtered properties files has not been set. This means that the same encoding will be used to copy filtered properties files as when copying other filtered resources. This might not be what you want! Run your build with --debug to see which files might be affected. Read more at https://maven.apache.org/plugins/maven-resources-plugin/examples/filtering-properties-files.html
[INFO] 
[INFO] --- compiler:3.15.0:compile (default-compile) @ hdds-common ---
[INFO] Compiling 316 source files with javac [debug release 8] to target/classes
[WARNING] source value 8 is obsolete and will be removed in a future release
[WARNING] target value 8 is obsolete and will be removed in a future release
[WARNING] To suppress warnings about obsolete options, use -Xlint:-options.
[INFO] /home/runner/work/ozone/ozone/hadoop-hdds/common/src/main/java/org/apache/hadoop/hdds/HddsUtils.java: Some input files use or override a deprecated API.
[INFO] /home/runner/work/ozone/ozone/hadoop-hdds/common/src/main/java/org/apache/hadoop/hdds/HddsUtils.java: Recompile with -Xlint:deprecation for details.
[INFO] /home/runner/work/ozone/ozone/hadoop-hdds/common/src/main/java/org/apache/hadoop/hdds/ratis/retrypolicy/RequestTypeDependentRetryPolicyCreator.java: Some input files use unchecked or unsafe operations.
[INFO] /home/runner/work/ozone/ozone/hadoop-hdds/common/src/main/java/org/apache/hadoop/hdds/ratis/retrypolicy/RequestTypeDependentRetryPolicyCreator.java: Recompile with -Xlint:unchecked for details.
[INFO] 
[INFO] --- resources:3.5.0:testResources (default-testResources) @ hdds-common ---
[INFO] Copying 1 resource from src/test/resources to target/test-classes
[INFO] Copying 2 resources from target/maven-shared-archive-resources to target/test-classes
[INFO] 
[INFO] --- compiler:3.15.0:testCompile (default-testCompile) @ hdds-common ---
[INFO] Compiling 84 source files with javac [debug release 8] to target/test-classes
[WARNING] source value 8 is obsolete and will be removed in a future release
[WARNING] target value 8 is obsolete and will be removed in a future release
[WARNING] To suppress warnings about obsolete options, use -Xlint:-options.
[INFO] /home/runner/work/ozone/ozone/hadoop-hdds/common/src/test/java/org/apache/hadoop/hdds/JsonTestUtils.java: Some input files use or override a deprecated API.
[INFO] /home/runner/work/ozone/ozone/hadoop-hdds/common/src/test/java/org/apache/hadoop/hdds/JsonTestUtils.java: Recompile with -Xlint:deprecation for details.
[INFO] /home/runner/work/ozone/ozone/hadoop-hdds/common/src/test/java/org/apache/hadoop/hdds/client/TestECReplicationConfig.java: Some input files use unchecked or unsafe operations.
[INFO] /home/runner/work/ozone/ozone/hadoop-hdds/common/src/test/java/org/apache/hadoop/hdds/client/TestECReplicationConfig.java: Recompile with -Xlint:unchecked for details.
[INFO] 
[INFO] --- surefire:3.5.2:test (default-test) @ hdds-common ---
[INFO] Using auto detected provider org.apache.maven.surefire.junitplatform.JUnitPlatformProvider
[INFO] Using auto detected provider org.apache.maven.surefire.junitplatform.JUnitPlatformProvider
[INFO] 
[INFO] --- dependency:3.11.0:copy-dependencies (copy-jars) @ hdds-common ---
[INFO] Skipping plugin execution
[INFO] 
[INFO] --- jar:3.5.1:jar (default-jar) @ hdds-common ---
[INFO] Building jar: /home/runner/work/ozone/ozone/hadoop-hdds/common/target/hdds-common-2.3.0-SNAPSHOT.jar
[INFO] 
[INFO] --- jar:3.5.1:test-jar (default) @ hdds-common ---
[INFO] Building jar: /home/runner/work/ozone/ozone/hadoop-hdds/common/target/hdds-common-2.3.0-SNAPSHOT-tests.jar
[INFO] 
[INFO] --- dependency:3.11.0:analyze-only (analyze) @ hdds-common ---
[INFO] No dependency problems found
[INFO] 
[INFO] ------------------< org.apache.ozone:hdds-cli-common >------------------
[INFO] Building Apache Ozone CLI Common 2.3.0-SNAPSHOT                  [10/55]
[INFO]   from hadoop-hdds/cli-common/pom.xml
[INFO] --------------------------------[ jar ]---------------------------------
[INFO] 
[INFO] --- sortpom:3.0.1:verify (default) @ hdds-cli-common ---
[INFO] Verifying file /home/runner/work/ozone/ozone/hadoop-hdds/cli-common/pom.xml
[INFO] 
[INFO] --- jacoco:0.8.15:prepare-agent (default-prepare-agent) @ hdds-cli-common ---
[INFO] argLine set to -javaagent:/home/runner/.m2/repository/org/jacoco/org.jacoco.agent/0.8.15/org.jacoco.agent-0.8.15-runtime.jar=destfile=/home/runner/work/ozone/ozone/hadoop-hdds/cli-common/target/jacoco.exec,includes=org.apache.hadoop.hdds.*:org.apache.hadoop.ozone.*:org.apache.hadoop.fs.ozone.*:org.apache.ozone.*:org.apache.hadoop.io_.*:org.apache.hadoop.ipc_.*:org.apache.hadoop.security_.*
[INFO] 
[INFO] --- enforcer:3.6.3:enforce (banned-rocksdb-imports) @ hdds-cli-common ---
[INFO] Rule 0: org.apache.maven.plugins.enforcer.RestrictImports passed
[INFO] 
[INFO] --- enforcer:3.6.3:enforce (ban-imports) @ hdds-cli-common ---
[INFO] Rule 0: org.apache.maven.plugins.enforcer.RestrictImports passed
[INFO] Rule 1: org.apache.maven.plugins.enforcer.RestrictImports passed
[INFO] Rule 2: org.apache.maven.plugins.enforcer.RestrictImports passed
[INFO] Rule 3: org.apache.maven.plugins.enforcer.RestrictImports passed
[INFO] Rule 4: org.apache.maven.plugins.enforcer.RestrictImports passed
[WARNING] EXPERIMENTAL FEATURE enabled. You have enabled full-compilation-unit parsing. Please be aware that experimental features might get removed or changed. Please share your feedback!
[INFO] Rule 5: org.apache.maven.plugins.enforcer.RestrictImports passed
[INFO] Rule 6: org.apache.maven.plugins.enforcer.RestrictImports passed
[INFO] Rule 7: org.apache.maven.plugins.enforcer.RestrictImports passed
[INFO] Rule 8: org.apache.maven.plugins.enforcer.RestrictImports passed
[INFO] Rule 9: org.apache.maven.plugins.enforcer.RestrictImports passed
[INFO] Rule 10: org.apache.maven.plugins.enforcer.RestrictImports passed
[INFO] Rule 11: org.apache.maven.plugins.enforcer.RestrictImports passed
[INFO] Rule 12: org.apache.maven.plugins.enforcer.RestrictImports passed
[INFO] 
[INFO] --- enforcer:3.6.3:enforce (ban-annotations) @ hdds-cli-common ---
[INFO] Rule 0: org.apache.maven.plugins.enforcer.RestrictImports passed
[INFO] 
[INFO] --- dependency:3.11.0:build-classpath (add-classpath-descriptor) @ hdds-cli-common ---
[INFO] Skipping plugin execution
[INFO] 
[INFO] --- remote-resources:3.3.0:process (default) @ hdds-cli-common ---
[INFO] Preparing remote bundle org.apache.ozone:ozone-dev-support:2.3.0-SNAPSHOT
[INFO] Copying 2 resources from 1 bundle.
[INFO] 
[INFO] --- resources:3.5.0:resources (default-resources) @ hdds-cli-common ---
[INFO] skip non existing resourceDirectory /home/runner/work/ozone/ozone/hadoop-hdds/cli-common/src/main/resources
[INFO] Copying 2 resources from target/maven-shared-archive-resources to target/classes
[INFO] 
[INFO] --- compiler:3.15.0:compile (default-compile) @ hdds-cli-common ---
[INFO] Compiling 12 source files with javac [debug release 8] to target/classes
[WARNING] source value 8 is obsolete and will be removed in a future release
[WARNING] target value 8 is obsolete and will be removed in a future release
[WARNING] To suppress warnings about obsolete options, use -Xlint:-options.
[INFO] 
[INFO] --- resources:3.5.0:testResources (default-testResources) @ hdds-cli-common ---
[INFO] skip non existing resourceDirectory /home/runner/work/ozone/ozone/hadoop-hdds/cli-common/src/test/resources
[INFO] Copying 2 resources from target/maven-shared-archive-resources to target/test-classes
[INFO] 
[INFO] --- compiler:3.15.0:testCompile (default-testCompile) @ hdds-cli-common ---
[INFO] Compiling 1 source file with javac [debug release 8] to target/test-classes
[WARNING] source value 8 is obsolete and will be removed in a future release
[WARNING] target value 8 is obsolete and will be removed in a future release
[WARNING] To suppress warnings about obsolete options, use -Xlint:-options.
[INFO] 
[INFO] --- surefire:3.5.2:test (default-test) @ hdds-cli-common ---
[INFO] Using auto detected provider org.apache.maven.surefire.junitplatform.JUnitPlatformProvider
[INFO] Using auto detected provider org.apache.maven.surefire.junitplatform.JUnitPlatformProvider
[INFO] 
[INFO] --- dependency:3.11.0:copy-dependencies (copy-jars) @ hdds-cli-common ---
[INFO] Skipping plugin execution
[INFO] 
[INFO] --- jar:3.5.1:jar (default-jar) @ hdds-cli-common ---
[INFO] Building jar: /home/runner/work/ozone/ozone/hadoop-hdds/cli-common/target/hdds-cli-common-2.3.0-SNAPSHOT.jar
[INFO] 
[INFO] --- jar:3.5.1:test-jar (default) @ hdds-cli-common ---
[INFO] Building jar: /home/runner/work/ozone/ozone/hadoop-hdds/cli-common/target/hdds-cli-common-2.3.0-SNAPSHOT-tests.jar
[INFO] 
[INFO] --- dependency:3.11.0:analyze-only (analyze) @ hdds-cli-common ---
[INFO] No dependency problems found
[INFO] 
[INFO] -----------------< org.apache.ozone:hdds-erasurecode >------------------
[INFO] Building Apache Ozone HDDS Erasurecode 2.3.0-SNAPSHOT            [11/55]
[INFO]   from hadoop-hdds/erasurecode/pom.xml
[INFO] --------------------------------[ jar ]---------------------------------
[INFO] 
[INFO] --- sortpom:3.0.1:verify (default) @ hdds-erasurecode ---
[INFO] Verifying file /home/runner/work/ozone/ozone/hadoop-hdds/erasurecode/pom.xml
[INFO] 
[INFO] --- jacoco:0.8.15:prepare-agent (default-prepare-agent) @ hdds-erasurecode ---
[INFO] argLine set to -javaagent:/home/runner/.m2/repository/org/jacoco/org.jacoco.agent/0.8.15/org.jacoco.agent-0.8.15-runtime.jar=destfile=/home/runner/work/ozone/ozone/hadoop-hdds/erasurecode/target/jacoco.exec,includes=org.apache.hadoop.hdds.*:org.apache.hadoop.ozone.*:org.apache.hadoop.fs.ozone.*:org.apache.ozone.*:org.apache.hadoop.io_.*:org.apache.hadoop.ipc_.*:org.apache.hadoop.security_.*
[INFO] 
[INFO] --- enforcer:3.6.3:enforce (banned-rocksdb-imports) @ hdds-erasurecode ---
[INFO] Rule 0: org.apache.maven.plugins.enforcer.RestrictImports passed
[INFO] 
[INFO] --- enforcer:3.6.3:enforce (ban-imports) @ hdds-erasurecode ---
[INFO] Rule 0: org.apache.maven.plugins.enforcer.RestrictImports passed
[INFO] Rule 1: org.apache.maven.plugins.enforcer.RestrictImports passed
[INFO] Rule 2: org.apache.maven.plugins.enforcer.RestrictImports passed
[INFO] Rule 3: org.apache.maven.plugins.enforcer.RestrictImports passed
[INFO] Rule 4: org.apache.maven.plugins.enforcer.RestrictImports passed
[WARNING] EXPERIMENTAL FEATURE enabled. You have enabled full-compilation-unit parsing. Please be aware that experimental features might get removed or changed. Please share your feedback!
[INFO] Rule 5: org.apache.maven.plugins.enforcer.RestrictImports passed
[INFO] Rule 6: org.apache.maven.plugins.enforcer.RestrictImports passed
[INFO] Rule 7: org.apache.maven.plugins.enforcer.RestrictImports passed
[INFO] Rule 8: org.apache.maven.plugins.enforcer.RestrictImports passed
[INFO] Rule 9: org.apache.maven.plugins.enforcer.RestrictImports passed
[INFO] Rule 10: org.apache.maven.plugins.enforcer.RestrictImports passed
[INFO] Rule 11: org.apache.maven.plugins.enforcer.RestrictImports passed
[INFO] Rule 12: org.apache.maven.plugins.enforcer.RestrictImports passed
[INFO] 
[INFO] --- enforcer:3.6.3:enforce (ban-annotations) @ hdds-erasurecode ---
[INFO] Rule 0: org.apache.maven.plugins.enforcer.RestrictImports passed
[INFO] 
[INFO] --- dependency:3.11.0:build-classpath (add-classpath-descriptor) @ hdds-erasurecode ---
[INFO] Skipping plugin execution
[INFO] 
[INFO] --- remote-resources:3.3.0:process (default) @ hdds-erasurecode ---
[INFO] Preparing remote bundle org.apache.ozone:ozone-dev-support:2.3.0-SNAPSHOT
[INFO] Copying 2 resources from 1 bundle.
[INFO] 
[INFO] --- resources:3.5.0:resources (default-resources) @ hdds-erasurecode ---
[INFO] Copying 1 resource from src/main/resources to target/classes
[INFO] Copying 2 resources from target/maven-shared-archive-resources to target/classes
[INFO] 
[INFO] --- compiler:3.15.0:compile (default-compile) @ hdds-erasurecode ---
[INFO] Compiling 39 source files with javac [debug release 8] to target/classes
[WARNING] source value 8 is obsolete and will be removed in a future release
[WARNING] target value 8 is obsolete and will be removed in a future release
[WARNING] To suppress warnings about obsolete options, use -Xlint:-options.
[INFO] 
[INFO] --- resources:3.5.0:testResources (default-testResources) @ hdds-erasurecode ---
[INFO] skip non existing resourceDirectory /home/runner/work/ozone/ozone/hadoop-hdds/erasurecode/src/test/resources
[INFO] Copying 2 resources from target/maven-shared-archive-resources to target/test-classes
[INFO] 
[INFO] --- compiler:3.15.0:testCompile (default-testCompile) @ hdds-erasurecode ---
[INFO] Compiling 19 source files with javac [debug release 8] to target/test-classes
[WARNING] source value 8 is obsolete and will be removed in a future release
[WARNING] target value 8 is obsolete and will be removed in a future release
[WARNING] To suppress warnings about obsolete options, use -Xlint:-options.
[INFO] 
[INFO] --- surefire:3.5.2:test (default-test) @ hdds-erasurecode ---
[INFO] Using auto detected provider org.apache.maven.surefire.junitplatform.JUnitPlatformProvider
[INFO] Using auto detected provider org.apache.maven.surefire.junitplatform.JUnitPlatformProvider
[INFO] 
[INFO] --- dependency:3.11.0:copy-dependencies (copy-jars) @ hdds-erasurecode ---
[INFO] Skipping plugin execution
[INFO] 
[INFO] --- jar:3.5.1:jar (default-jar) @ hdds-erasurecode ---
[INFO] Building jar: /home/runner/work/ozone/ozone/hadoop-hdds/erasurecode/target/hdds-erasurecode-2.3.0-SNAPSHOT.jar
[INFO] 
[INFO] --- jar:3.5.1:test-jar (default) @ hdds-erasurecode ---
[INFO] Building jar: /home/runner/work/ozone/ozone/hadoop-hdds/erasurecode/target/hdds-erasurecode-2.3.0-SNAPSHOT-tests.jar
[INFO] 
[INFO] --- dependency:3.11.0:analyze-only (analyze) @ hdds-erasurecode ---
[INFO] No dependency problems found
[INFO] 
[INFO] --------------------< org.apache.ozone:hdds-client >--------------------
[INFO] Building Apache Ozone HDDS Client 2.3.0-SNAPSHOT                 [12/55]
[INFO]   from hadoop-hdds/client/pom.xml
[INFO] --------------------------------[ jar ]---------------------------------
[INFO] 
[INFO] --- sortpom:3.0.1:verify (default) @ hdds-client ---
[INFO] Verifying file /home/runner/work/ozone/ozone/hadoop-hdds/client/pom.xml
[INFO] 
[INFO] --- jacoco:0.8.15:prepare-agent (default-prepare-agent) @ hdds-client ---
[INFO] argLine set to -javaagent:/home/runner/.m2/repository/org/jacoco/org.jacoco.agent/0.8.15/org.jacoco.agent-0.8.15-runtime.jar=destfile=/home/runner/work/ozone/ozone/hadoop-hdds/client/target/jacoco.exec,includes=org.apache.hadoop.hdds.*:org.apache.hadoop.ozone.*:org.apache.hadoop.fs.ozone.*:org.apache.ozone.*:org.apache.hadoop.io_.*:org.apache.hadoop.ipc_.*:org.apache.hadoop.security_.*
[INFO] 
[INFO] --- enforcer:3.6.3:enforce (banned-rocksdb-imports) @ hdds-client ---
[INFO] Rule 0: org.apache.maven.plugins.enforcer.RestrictImports passed
[INFO] 
[INFO] --- enforcer:3.6.3:enforce (ban-imports) @ hdds-client ---
[INFO] Rule 0: org.apache.maven.plugins.enforcer.RestrictImports passed
[INFO] Rule 1: org.apache.maven.plugins.enforcer.RestrictImports passed
[INFO] Rule 2: org.apache.maven.plugins.enforcer.RestrictImports passed
[INFO] Rule 3: org.apache.maven.plugins.enforcer.RestrictImports passed
[INFO] Rule 4: org.apache.maven.plugins.enforcer.RestrictImports passed
[WARNING] EXPERIMENTAL FEATURE enabled. You have enabled full-compilation-unit parsing. Please be aware that experimental features might get removed or changed. Please share your feedback!
[INFO] Rule 5: org.apache.maven.plugins.enforcer.RestrictImports passed
[INFO] Rule 6: org.apache.maven.plugins.enforcer.RestrictImports passed
[INFO] Rule 7: org.apache.maven.plugins.enforcer.RestrictImports passed
[INFO] Rule 8: org.apache.maven.plugins.enforcer.RestrictImports passed
[INFO] Rule 9: org.apache.maven.plugins.enforcer.RestrictImports passed
[INFO] Rule 10: org.apache.maven.plugins.enforcer.RestrictImports passed
[INFO] Rule 11: org.apache.maven.plugins.enforcer.RestrictImports passed
[INFO] Rule 12: org.apache.maven.plugins.enforcer.RestrictImports passed
[INFO] 
[INFO] --- enforcer:3.6.3:enforce (ban-annotations) @ hdds-client ---
[INFO] Rule 0: org.apache.maven.plugins.enforcer.RestrictImports passed
[INFO] 
[INFO] --- dependency:3.11.0:build-classpath (add-classpath-descriptor) @ hdds-client ---
[INFO] Skipping plugin execution
[INFO] 
[INFO] --- remote-resources:3.3.0:process (default) @ hdds-client ---
[INFO] Preparing remote bundle org.apache.ozone:ozone-dev-support:2.3.0-SNAPSHOT
[INFO] Copying 2 resources from 1 bundle.
[INFO] 
[INFO] --- resources:3.5.0:resources (default-resources) @ hdds-client ---
[INFO] skip non existing resourceDirectory /home/runner/work/ozone/ozone/hadoop-hdds/client/src/main/resources
[INFO] Copying 2 resources from target/maven-shared-archive-resources to target/classes
[INFO] 
[INFO] --- compiler:3.15.0:compile (default-compile) @ hdds-client ---
[INFO] Compiling 54 source files with javac [debug release 8] to target/classes
[WARNING] source value 8 is obsolete and will be removed in a future release
[WARNING] target value 8 is obsolete and will be removed in a future release
[WARNING] To suppress warnings about obsolete options, use -Xlint:-options.
[INFO] /home/runner/work/ozone/ozone/hadoop-hdds/client/src/main/java/org/apache/hadoop/hdds/scm/XceiverClientManager.java: /home/runner/work/ozone/ozone/hadoop-hdds/client/src/main/java/org/apache/hadoop/hdds/scm/XceiverClientManager.java uses or overrides a deprecated API.
[INFO] /home/runner/work/ozone/ozone/hadoop-hdds/client/src/main/java/org/apache/hadoop/hdds/scm/XceiverClientManager.java: Recompile with -Xlint:deprecation for details.
[INFO] /home/runner/work/ozone/ozone/hadoop-hdds/client/src/main/java/org/apache/hadoop/hdds/scm/client/HddsClientUtils.java: /home/runner/work/ozone/ozone/hadoop-hdds/client/src/main/java/org/apache/hadoop/hdds/scm/client/HddsClientUtils.java uses unchecked or unsafe operations.
[INFO] /home/runner/work/ozone/ozone/hadoop-hdds/client/src/main/java/org/apache/hadoop/hdds/scm/client/HddsClientUtils.java: Recompile with -Xlint:unchecked for details.
[INFO] 
[INFO] --- resources:3.5.0:testResources (default-testResources) @ hdds-client ---
[INFO] Copying 1 resource from src/test/resources to target/test-classes
[INFO] Copying 2 resources from target/maven-shared-archive-resources to target/test-classes
[INFO] 
[INFO] --- compiler:3.15.0:testCompile (default-testCompile) @ hdds-client ---
[INFO] Compiling 23 source files with javac [debug release 8] to target/test-classes
[WARNING] source value 8 is obsolete and will be removed in a future release
[WARNING] target value 8 is obsolete and will be removed in a future release
[WARNING] To suppress warnings about obsolete options, use -Xlint:-options.
[INFO] /home/runner/work/ozone/ozone/hadoop-hdds/client/src/test/java/org/apache/hadoop/hdds/scm/storage/MockDatanodePipeline.java: Some input files use unchecked or unsafe operations.
[INFO] /home/runner/work/ozone/ozone/hadoop-hdds/client/src/test/java/org/apache/hadoop/hdds/scm/storage/MockDatanodePipeline.java: Recompile with -Xlint:unchecked for details.
[INFO] 
[INFO] --- surefire:3.5.2:test (default-test) @ hdds-client ---
[INFO] Using auto detected provider org.apache.maven.surefire.junitplatform.JUnitPlatformProvider
[INFO] Using auto detected provider org.apache.maven.surefire.junitplatform.JUnitPlatformProvider
[INFO] 
[INFO] --- dependency:3.11.0:copy-dependencies (copy-jars) @ hdds-client ---
[INFO] Skipping plugin execution
[INFO] 
[INFO] --- jar:3.5.1:jar (default-jar) @ hdds-client ---
[INFO] Building jar: /home/runner/work/ozone/ozone/hadoop-hdds/client/target/hdds-client-2.3.0-SNAPSHOT.jar
[INFO] 
[INFO] --- jar:3.5.1:test-jar (default) @ hdds-client ---
[INFO] Building jar: /home/runner/work/ozone/ozone/hadoop-hdds/client/target/hdds-client-2.3.0-SNAPSHOT-tests.jar
[INFO] 
[INFO] --- dependency:3.11.0:analyze-only (analyze) @ hdds-client ---
[INFO] No dependency problems found
[INFO] 
[INFO] ---------------< org.apache.ozone:hdds-interface-server >---------------
[INFO] Building Apache Ozone HDDS Server Interface 2.3.0-SNAPSHOT       [13/55]
[INFO]   from hadoop-hdds/interface-server/pom.xml
[INFO] --------------------------------[ jar ]---------------------------------
[INFO] 
[INFO] --- sortpom:3.0.1:verify (default) @ hdds-interface-server ---
[INFO] Verifying file /home/runner/work/ozone/ozone/hadoop-hdds/interface-server/pom.xml
[INFO] 
[INFO] --- jacoco:0.8.15:prepare-agent (default-prepare-agent) @ hdds-interface-server ---
[INFO] argLine set to -javaagent:/home/runner/.m2/repository/org/jacoco/org.jacoco.agent/0.8.15/org.jacoco.agent-0.8.15-runtime.jar=destfile=/home/runner/work/ozone/ozone/hadoop-hdds/interface-server/target/jacoco.exec,includes=org.apache.hadoop.hdds.*:org.apache.hadoop.ozone.*:org.apache.hadoop.fs.ozone.*:org.apache.ozone.*:org.apache.hadoop.io_.*:org.apache.hadoop.ipc_.*:org.apache.hadoop.security_.*
[INFO] 
[INFO] --- protobuf:0.6.1:compile (compile-proto-for-ratis) @ hdds-interface-server ---
[INFO] Compiling 3 proto file(s) to /home/runner/work/ozone/ozone/hadoop-hdds/interface-server/target/generated-sources/proto-java-for-ratis
[INFO] 
[INFO] --- protobuf:0.6.1:compile-custom (compile-proto-for-ratis) @ hdds-interface-server ---
[INFO] Compiling 3 proto file(s) to /home/runner/work/ozone/ozone/hadoop-hdds/interface-server/target/generated-sources/proto-java-for-ratis
[INFO] 
[INFO] --- protobuf:0.6.1:compile (compile-proto-3.25.9) @ hdds-interface-server ---
[INFO] Compiling 4 proto file(s) to /home/runner/work/ozone/ozone/hadoop-hdds/interface-server/target/generated-sources/proto-java-for-protobuf-3.25.9
[INFO] 
[INFO] --- antrun:3.2.0:run (default) @ hdds-interface-server ---
[INFO] Executing tasks
[INFO] Executed tasks
[INFO] 
[INFO] --- enforcer:3.6.3:enforce (banned-rocksdb-imports) @ hdds-interface-server ---
[INFO] Rule 0: org.apache.maven.plugins.enforcer.RestrictImports passed
[INFO] 
[INFO] --- enforcer:3.6.3:enforce (ban-imports) @ hdds-interface-server ---
[INFO] Rule 0: org.apache.maven.plugins.enforcer.RestrictImports passed
[INFO] Rule 1: org.apache.maven.plugins.enforcer.RestrictImports passed
[INFO] Rule 2: org.apache.maven.plugins.enforcer.RestrictImports passed
[INFO] Rule 3: org.apache.maven.plugins.enforcer.RestrictImports passed
[INFO] Rule 4: org.apache.maven.plugins.enforcer.RestrictImports passed
[WARNING] EXPERIMENTAL FEATURE enabled. You have enabled full-compilation-unit parsing. Please be aware that experimental features might get removed or changed. Please share your feedback!
[INFO] Rule 5: org.apache.maven.plugins.enforcer.RestrictImports passed
[INFO] Rule 6: org.apache.maven.plugins.enforcer.RestrictImports passed
[INFO] Rule 7: org.apache.maven.plugins.enforcer.RestrictImports passed
[INFO] Rule 8: org.apache.maven.plugins.enforcer.RestrictImports passed
[INFO] Rule 9: org.apache.maven.plugins.enforcer.RestrictImports passed
[INFO] Rule 10: org.apache.maven.plugins.enforcer.RestrictImports passed
[INFO] Rule 11: org.apache.maven.plugins.enforcer.RestrictImports passed
[INFO] Rule 12: org.apache.maven.plugins.enforcer.RestrictImports passed
[INFO] 
[INFO] --- enforcer:3.6.3:enforce (ban-annotations) @ hdds-interface-server ---
[INFO] Rule 0: org.apache.maven.plugins.enforcer.RestrictImports passed
[INFO] 
[INFO] --- dependency:3.11.0:build-classpath (add-classpath-descriptor) @ hdds-interface-server ---
[INFO] Skipping plugin execution
[INFO] 
[INFO] --- remote-resources:3.3.0:process (default) @ hdds-interface-server ---
[INFO] Preparing remote bundle org.apache.ozone:ozone-dev-support:2.3.0-SNAPSHOT
[INFO] Copying 2 resources from 1 bundle.
[INFO] 
[INFO] --- resources:3.5.0:resources (default-resources) @ hdds-interface-server ---
[INFO] Copying 1 resource from src/main/resources to target/classes
[INFO] Copying 3 resources from src/main/proto to target/classes
[INFO] Copying 3 resources from src/main/proto to target/classes
[INFO] Copying 4 resources from src/main/proto to target/classes
[INFO] Copying 2 resources from target/maven-shared-archive-resources to target/classes
[INFO] 
[INFO] --- compiler:3.15.0:compile (default-compile) @ hdds-interface-server ---
[INFO] Compiling 9 source files with javac [debug release 8] to target/classes
[WARNING] source value 8 is obsolete and will be removed in a future release
[WARNING] target value 8 is obsolete and will be removed in a future release
[WARNING] To suppress warnings about obsolete options, use -Xlint:-options.
[INFO] /home/runner/work/ozone/ozone/hadoop-hdds/interface-server/target/generated-sources/proto-java-for-protobuf-3.25.9/org/apache/hadoop/hdds/protocol/proto/SCMSecurityProtocolProtos.java: Some input files use or override a deprecated API.
[INFO] /home/runner/work/ozone/ozone/hadoop-hdds/interface-server/target/generated-sources/proto-java-for-protobuf-3.25.9/org/apache/hadoop/hdds/protocol/proto/SCMSecurityProtocolProtos.java: Recompile with -Xlint:deprecation for details.
[INFO] 
[INFO] --- protobuf:0.6.1:test-compile (compile-proto-for-ratis) @ hdds-interface-server ---
[INFO] /home/runner/work/ozone/ozone/hadoop-hdds/interface-server/src/test/proto does not exist. Review the configuration or consider disabling the plugin.
[INFO] 
[INFO] --- protobuf:0.6.1:test-compile-custom (compile-proto-for-ratis) @ hdds-interface-server ---
[INFO] /home/runner/work/ozone/ozone/hadoop-hdds/interface-server/src/test/proto does not exist. Review the configuration or consider disabling the plugin.
[INFO] 
[INFO] --- protobuf:0.6.1:test-compile (compile-proto-3.25.9) @ hdds-interface-server ---
[INFO] /home/runner/work/ozone/ozone/hadoop-hdds/interface-server/src/test/proto does not exist. Review the configuration or consider disabling the plugin.
[INFO] 
[INFO] --- resources:3.5.0:testResources (default-testResources) @ hdds-interface-server ---
[INFO] Not copying test resources
[INFO] 
[INFO] --- compiler:3.15.0:testCompile (default-testCompile) @ hdds-interface-server ---
[INFO] Skipped
[INFO] 
[INFO] --- surefire:3.5.2:test (default-test) @ hdds-interface-server ---
[INFO] Skipped
[INFO] 
[INFO] --- dependency:3.11.0:copy-dependencies (copy-jars) @ hdds-interface-server ---
[INFO] Skipping plugin execution
[INFO] 
[INFO] --- jar:3.5.1:jar (default-jar) @ hdds-interface-server ---
[INFO] Building jar: /home/runner/work/ozone/ozone/hadoop-hdds/interface-server/target/hdds-interface-server-2.3.0-SNAPSHOT.jar
[INFO] 
[INFO] --- jar:3.5.1:test-jar (default) @ hdds-interface-server ---
[INFO] Skipping packaging of the test-jar
[INFO] 
[INFO] --- dependency:3.11.0:analyze-only (analyze) @ hdds-interface-server ---
[INFO] No dependency problems found
[INFO] 
[INFO] --- proto-backwards-compatibility:1.0.7:backwards-compatibility-check (default) @ hdds-interface-server ---
[INFO] protolock cmd line: /home/runner/work/ozone/ozone/hadoop-hdds/interface-server/target/protolock-bin/protolock status --lockdir=/home/runner/work/ozone/ozone/hadoop-hdds/interface-server/target/classes --protoroot=/home/runner/work/ozone/ozone/hadoop-hdds/interface-server/target/classes
[INFO] protolock cmd line: /home/runner/work/ozone/ozone/hadoop-hdds/interface-server/target/protolock-bin/protolock commit --lockdir=/home/runner/work/ozone/ozone/hadoop-hdds/interface-server/target/classes --protoroot=/home/runner/work/ozone/ozone/hadoop-hdds/interface-server/target/classes
[INFO] Backwards compatibility check passed.
[INFO] 
[INFO] ---------------< org.apache.ozone:hdds-managed-rocksdb >----------------
[INFO] Building Apache Ozone HDDS Managed RocksDB 2.3.0-SNAPSHOT        [14/55]
[INFO]   from hadoop-hdds/managed-rocksdb/pom.xml
[INFO] --------------------------------[ jar ]---------------------------------
[INFO] 
[INFO] --- sortpom:3.0.1:verify (default) @ hdds-managed-rocksdb ---
[INFO] Verifying file /home/runner/work/ozone/ozone/hadoop-hdds/managed-rocksdb/pom.xml
[INFO] 
[INFO] --- jacoco:0.8.15:prepare-agent (default-prepare-agent) @ hdds-managed-rocksdb ---
[INFO] argLine set to -javaagent:/home/runner/.m2/repository/org/jacoco/org.jacoco.agent/0.8.15/org.jacoco.agent-0.8.15-runtime.jar=destfile=/home/runner/work/ozone/ozone/hadoop-hdds/managed-rocksdb/target/jacoco.exec,includes=org.apache.hadoop.hdds.*:org.apache.hadoop.ozone.*:org.apache.hadoop.fs.ozone.*:org.apache.ozone.*:org.apache.hadoop.io_.*:org.apache.hadoop.ipc_.*:org.apache.hadoop.security_.*
[INFO] 
[INFO] --- enforcer:3.6.3:enforce (banned-rocksdb-imports) @ hdds-managed-rocksdb ---
[INFO] Rule 0: org.apache.maven.plugins.enforcer.RestrictImports passed
[INFO] 
[INFO] --- enforcer:3.6.3:enforce (ban-imports) @ hdds-managed-rocksdb ---
[INFO] Rule 0: org.apache.maven.plugins.enforcer.RestrictImports passed
[INFO] Rule 1: org.apache.maven.plugins.enforcer.RestrictImports passed
[INFO] Rule 2: org.apache.maven.plugins.enforcer.RestrictImports passed
[INFO] Rule 3: org.apache.maven.plugins.enforcer.RestrictImports passed
[INFO] Rule 4: org.apache.maven.plugins.enforcer.RestrictImports passed
[WARNING] EXPERIMENTAL FEATURE enabled. You have enabled full-compilation-unit parsing. Please be aware that experimental features might get removed or changed. Please share your feedback!
[INFO] Rule 5: org.apache.maven.plugins.enforcer.RestrictImports passed
[INFO] Rule 6: org.apache.maven.plugins.enforcer.RestrictImports passed
[INFO] Rule 7: org.apache.maven.plugins.enforcer.RestrictImports passed
[INFO] Rule 8: org.apache.maven.plugins.enforcer.RestrictImports passed
[INFO] Rule 9: org.apache.maven.plugins.enforcer.RestrictImports passed
[INFO] Rule 10: org.apache.maven.plugins.enforcer.RestrictImports passed
[INFO] Rule 11: org.apache.maven.plugins.enforcer.RestrictImports passed
[INFO] Rule 12: org.apache.maven.plugins.enforcer.RestrictImports passed
[INFO] 
[INFO] --- enforcer:3.6.3:enforce (ban-annotations) @ hdds-managed-rocksdb ---
[INFO] Rule 0: org.apache.maven.plugins.enforcer.RestrictImports passed
[INFO] 
[INFO] --- dependency:3.11.0:build-classpath (add-classpath-descriptor) @ hdds-managed-rocksdb ---
[INFO] Skipping plugin execution
[INFO] 
[INFO] --- remote-resources:3.3.0:process (default) @ hdds-managed-rocksdb ---
[INFO] Preparing remote bundle org.apache.ozone:ozone-dev-support:2.3.0-SNAPSHOT
[INFO] Copying 2 resources from 1 bundle.
[INFO] 
[INFO] --- resources:3.5.0:resources (default-resources) @ hdds-managed-rocksdb ---
[INFO] skip non existing resourceDirectory /home/runner/work/ozone/ozone/hadoop-hdds/managed-rocksdb/src/main/resources
[INFO] Copying 2 resources from target/maven-shared-archive-resources to target/classes
[INFO] 
[INFO] --- compiler:3.15.0:compile (default-compile) @ hdds-managed-rocksdb ---
[INFO] Compiling 32 source files with javac [debug release 8] to target/classes
[WARNING] source value 8 is obsolete and will be removed in a future release
[WARNING] target value 8 is obsolete and will be removed in a future release
[WARNING] To suppress warnings about obsolete options, use -Xlint:-options.
[INFO] /home/runner/work/ozone/ozone/hadoop-hdds/managed-rocksdb/src/main/java/org/apache/hadoop/hdds/utils/db/managed/ManagedLogger.java: /home/runner/work/ozone/ozone/hadoop-hdds/managed-rocksdb/src/main/java/org/apache/hadoop/hdds/utils/db/managed/ManagedLogger.java uses or overrides a deprecated API.
[INFO] /home/runner/work/ozone/ozone/hadoop-hdds/managed-rocksdb/src/main/java/org/apache/hadoop/hdds/utils/db/managed/ManagedLogger.java: Recompile with -Xlint:deprecation for details.
[INFO] 
[INFO] --- resources:3.5.0:testResources (default-testResources) @ hdds-managed-rocksdb ---
[INFO] skip non existing resourceDirectory /home/runner/work/ozone/ozone/hadoop-hdds/managed-rocksdb/src/test/resources
[INFO] Copying 2 resources from target/maven-shared-archive-resources to target/test-classes
[INFO] 
[INFO] --- compiler:3.15.0:testCompile (default-testCompile) @ hdds-managed-rocksdb ---
[INFO] Compiling 3 source files with javac [debug release 8] to target/test-classes
[WARNING] source value 8 is obsolete and will be removed in a future release
[WARNING] target value 8 is obsolete and will be removed in a future release
[WARNING] To suppress warnings about obsolete options, use -Xlint:-options.
[INFO] 
[INFO] --- surefire:3.5.2:test (default-test) @ hdds-managed-rocksdb ---
[INFO] Using auto detected provider org.apache.maven.surefire.junitplatform.JUnitPlatformProvider
[INFO] Using auto detected provider org.apache.maven.surefire.junitplatform.JUnitPlatformProvider
[INFO] 
[INFO] --- dependency:3.11.0:copy-dependencies (copy-jars) @ hdds-managed-rocksdb ---
[INFO] Skipping plugin execution
[INFO] 
[INFO] --- jar:3.5.1:jar (default-jar) @ hdds-managed-rocksdb ---
[INFO] Building jar: /home/runner/work/ozone/ozone/hadoop-hdds/managed-rocksdb/target/hdds-managed-rocksdb-2.3.0-SNAPSHOT.jar
[INFO] 
[INFO] --- jar:3.5.1:test-jar (default) @ hdds-managed-rocksdb ---
[INFO] Building jar: /home/runner/work/ozone/ozone/hadoop-hdds/managed-rocksdb/target/hdds-managed-rocksdb-2.3.0-SNAPSHOT-tests.jar
[INFO] 
[INFO] --- jar:3.5.1:test-jar (test-jar) @ hdds-managed-rocksdb ---
[WARNING] artifact org.apache.ozone:hdds-managed-rocksdb:test-jar:tests:2.3.0-SNAPSHOT already attached, replace previous instance
[INFO] 
[INFO] --- dependency:3.11.0:analyze-only (analyze) @ hdds-managed-rocksdb ---
[INFO] No dependency problems found
[INFO] 
[INFO] ---------------< org.apache.ozone:hdds-interface-admin >----------------
[INFO] Building Apache Ozone HDDS Admin Interface 2.3.0-SNAPSHOT        [15/55]
[INFO]   from hadoop-hdds/interface-admin/pom.xml
[INFO] --------------------------------[ jar ]---------------------------------
[INFO] 
[INFO] --- sortpom:3.0.1:verify (default) @ hdds-interface-admin ---
[INFO] Verifying file /home/runner/work/ozone/ozone/hadoop-hdds/interface-admin/pom.xml
[INFO] 
[INFO] --- jacoco:0.8.15:prepare-agent (default-prepare-agent) @ hdds-interface-admin ---
[INFO] argLine set to -javaagent:/home/runner/.m2/repository/org/jacoco/org.jacoco.agent/0.8.15/org.jacoco.agent-0.8.15-runtime.jar=destfile=/home/runner/work/ozone/ozone/hadoop-hdds/interface-admin/target/jacoco.exec,includes=org.apache.hadoop.hdds.*:org.apache.hadoop.ozone.*:org.apache.hadoop.fs.ozone.*:org.apache.ozone.*:org.apache.hadoop.io_.*:org.apache.hadoop.ipc_.*:org.apache.hadoop.security_.*
[INFO] 
[INFO] --- protobuf:0.6.1:compile (compile-proto-3.25.9) @ hdds-interface-admin ---
[INFO] Compiling 1 proto file(s) to /home/runner/work/ozone/ozone/hadoop-hdds/interface-admin/target/generated-sources/protobuf/java
[INFO] 
[INFO] --- enforcer:3.6.3:enforce (banned-rocksdb-imports) @ hdds-interface-admin ---
[INFO] Rule 0: org.apache.maven.plugins.enforcer.RestrictImports passed
[INFO] 
[INFO] --- enforcer:3.6.3:enforce (ban-imports) @ hdds-interface-admin ---
[INFO] Rule 0: org.apache.maven.plugins.enforcer.RestrictImports passed
[INFO] Rule 1: org.apache.maven.plugins.enforcer.RestrictImports passed
[INFO] Rule 2: org.apache.maven.plugins.enforcer.RestrictImports passed
[INFO] Rule 3: org.apache.maven.plugins.enforcer.RestrictImports passed
[INFO] Rule 4: org.apache.maven.plugins.enforcer.RestrictImports passed
[WARNING] EXPERIMENTAL FEATURE enabled. You have enabled full-compilation-unit parsing. Please be aware that experimental features might get removed or changed. Please share your feedback!
[INFO] Rule 5: org.apache.maven.plugins.enforcer.RestrictImports passed
[INFO] Rule 6: org.apache.maven.plugins.enforcer.RestrictImports passed
[INFO] Rule 7: org.apache.maven.plugins.enforcer.RestrictImports passed
[INFO] Rule 8: org.apache.maven.plugins.enforcer.RestrictImports passed
[INFO] Rule 9: org.apache.maven.plugins.enforcer.RestrictImports passed
[INFO] Rule 10: org.apache.maven.plugins.enforcer.RestrictImports passed
[INFO] Rule 11: org.apache.maven.plugins.enforcer.RestrictImports passed
[INFO] Rule 12: org.apache.maven.plugins.enforcer.RestrictImports passed
[INFO] 
[INFO] --- enforcer:3.6.3:enforce (ban-annotations) @ hdds-interface-admin ---
[INFO] Rule 0: org.apache.maven.plugins.enforcer.RestrictImports passed
[INFO] 
[INFO] --- dependency:3.11.0:build-classpath (add-classpath-descriptor) @ hdds-interface-admin ---
[INFO] Skipping plugin execution
[INFO] 
[INFO] --- remote-resources:3.3.0:process (default) @ hdds-interface-admin ---
[INFO] Preparing remote bundle org.apache.ozone:ozone-dev-support:2.3.0-SNAPSHOT
[INFO] Copying 2 resources from 1 bundle.
[INFO] 
[INFO] --- resources:3.5.0:resources (default-resources) @ hdds-interface-admin ---
[INFO] Copying 1 resource from src/main/resources to target/classes
[INFO] Copying 1 resource from src/main/proto to target/classes
[INFO] Copying 2 resources from target/maven-shared-archive-resources to target/classes
[INFO] 
[INFO] --- compiler:3.15.0:compile (default-compile) @ hdds-interface-admin ---
[INFO] Compiling 1 source file with javac [debug release 8] to target/classes
[WARNING] source value 8 is obsolete and will be removed in a future release
[WARNING] target value 8 is obsolete and will be removed in a future release
[WARNING] To suppress warnings about obsolete options, use -Xlint:-options.
[INFO] /home/runner/work/ozone/ozone/hadoop-hdds/interface-admin/target/generated-sources/protobuf/java/org/apache/hadoop/hdds/protocol/proto/StorageContainerLocationProtocolProtos.java: /home/runner/work/ozone/ozone/hadoop-hdds/interface-admin/target/generated-sources/protobuf/java/org/apache/hadoop/hdds/protocol/proto/StorageContainerLocationProtocolProtos.java uses or overrides a deprecated API.
[INFO] /home/runner/work/ozone/ozone/hadoop-hdds/interface-admin/target/generated-sources/protobuf/java/org/apache/hadoop/hdds/protocol/proto/StorageContainerLocationProtocolProtos.java: Recompile with -Xlint:deprecation for details.
[INFO] 
[INFO] --- protobuf:0.6.1:test-compile (compile-proto-3.25.9) @ hdds-interface-admin ---
[INFO] /home/runner/work/ozone/ozone/hadoop-hdds/interface-admin/src/test/proto does not exist. Review the configuration or consider disabling the plugin.
[INFO] 
[INFO] --- resources:3.5.0:testResources (default-testResources) @ hdds-interface-admin ---
[INFO] Not copying test resources
[INFO] 
[INFO] --- compiler:3.15.0:testCompile (default-testCompile) @ hdds-interface-admin ---
[INFO] Skipped
[INFO] 
[INFO] --- surefire:3.5.2:test (default-test) @ hdds-interface-admin ---
[INFO] Skipped
[INFO] 
[INFO] --- dependency:3.11.0:copy-dependencies (copy-jars) @ hdds-interface-admin ---
[INFO] Skipping plugin execution
[INFO] 
[INFO] --- jar:3.5.1:jar (default-jar) @ hdds-interface-admin ---
[INFO] Building jar: /home/runner/work/ozone/ozone/hadoop-hdds/interface-admin/target/hdds-interface-admin-2.3.0-SNAPSHOT.jar
[INFO] 
[INFO] --- jar:3.5.1:test-jar (default) @ hdds-interface-admin ---
[INFO] Skipping packaging of the test-jar
[INFO] 
[INFO] --- dependency:3.11.0:analyze-only (analyze) @ hdds-interface-admin ---
[INFO] No dependency problems found
[INFO] 
[INFO] --- proto-backwards-compatibility:1.0.7:backwards-compatibility-check (default) @ hdds-interface-admin ---
[INFO] protolock cmd line: /home/runner/work/ozone/ozone/hadoop-hdds/interface-admin/target/protolock-bin/protolock status --lockdir=/home/runner/work/ozone/ozone/hadoop-hdds/interface-admin/target/classes --protoroot=/home/runner/work/ozone/ozone/hadoop-hdds/interface-admin/target/classes
[INFO] protolock cmd line: /home/runner/work/ozone/ozone/hadoop-hdds/interface-admin/target/protolock-bin/protolock commit --lockdir=/home/runner/work/ozone/ozone/hadoop-hdds/interface-admin/target/classes --protoroot=/home/runner/work/ozone/ozone/hadoop-hdds/interface-admin/target/classes
[INFO] Backwards compatibility check passed.
[INFO] 
[INFO] -----------------< org.apache.ozone:hdds-rocks-native >-----------------
[INFO] Building Apache Ozone HDDS RocksDB Tools 2.3.0-SNAPSHOT          [16/55]
[INFO]   from hadoop-hdds/rocks-native/pom.xml
[INFO] --------------------------------[ jar ]---------------------------------
[INFO] 
[INFO] --- sortpom:3.0.1:verify (default) @ hdds-rocks-native ---
[INFO] Verifying file /home/runner/work/ozone/ozone/hadoop-hdds/rocks-native/pom.xml
[INFO] 
[INFO] --- dependency:3.11.0:unpack (unpack-dependency) @ hdds-rocks-native ---
[INFO] 
[INFO] --- build-helper:3.6.1:regex-property (derive-rocksdb-source-version) @ hdds-rocks-native ---
[INFO] 
[INFO] --- download:1.9.0:wget (rocksdb source download) @ hdds-rocks-native ---
[INFO] 
[INFO] --- jacoco:0.8.15:prepare-agent (default-prepare-agent) @ hdds-rocks-native ---
[INFO] argLine set to -javaagent:/home/runner/.m2/repository/org/jacoco/org.jacoco.agent/0.8.15/org.jacoco.agent-0.8.15-runtime.jar=destfile=/home/runner/work/ozone/ozone/hadoop-hdds/rocks-native/target/jacoco.exec,includes=org.apache.hadoop.hdds.*:org.apache.hadoop.ozone.*:org.apache.hadoop.fs.ozone.*:org.apache.ozone.*:org.apache.hadoop.io_.*:org.apache.hadoop.ipc_.*:org.apache.hadoop.security_.*
[INFO] 
[INFO] --- build-helper:3.6.1:cpu-count (get-cpu-count) @ hdds-rocks-native ---
[INFO] CPU count: 4
[INFO] 
[INFO] --- antrun:3.2.0:run (unzip-artifact) @ hdds-rocks-native ---
[INFO] Executing tasks
[INFO]     [untar] Expanding: /home/runner/work/ozone/ozone/hadoop-hdds/rocks-native/target/rocksdb/rocksdb-v10.10.1.tar.gz into /home/runner/work/ozone/ozone/hadoop-hdds/rocks-native/target/rocksdb
[INFO] Executed tasks
[INFO] 
[INFO] --- patch:1.3:apply (patch) @ hdds-rocks-native ---
[INFO] Applying patch: rocks-native.patch
[INFO] 
[INFO] --- enforcer:3.6.3:enforce (banned-rocksdb-imports) @ hdds-rocks-native ---
[INFO] Rule 0: org.apache.maven.plugins.enforcer.RestrictImports passed
[INFO] 
[INFO] --- enforcer:3.6.3:enforce (ban-imports) @ hdds-rocks-native ---
[INFO] Rule 0: org.apache.maven.plugins.enforcer.RestrictImports passed
[INFO] Rule 1: org.apache.maven.plugins.enforcer.RestrictImports passed
[INFO] Rule 2: org.apache.maven.plugins.enforcer.RestrictImports passed
[INFO] Rule 3: org.apache.maven.plugins.enforcer.RestrictImports passed
[INFO] Rule 4: org.apache.maven.plugins.enforcer.RestrictImports passed
[WARNING] EXPERIMENTAL FEATURE enabled. You have enabled full-compilation-unit parsing. Please be aware that experimental features might get removed or changed. Please share your feedback!
[INFO] Rule 5: org.apache.maven.plugins.enforcer.RestrictImports passed
[INFO] Rule 6: org.apache.maven.plugins.enforcer.RestrictImports passed
[INFO] Rule 7: org.apache.maven.plugins.enforcer.RestrictImports passed
[INFO] Rule 8: org.apache.maven.plugins.enforcer.RestrictImports passed
[INFO] Rule 9: org.apache.maven.plugins.enforcer.RestrictImports passed
[INFO] Rule 10: org.apache.maven.plugins.enforcer.RestrictImports passed
[INFO] Rule 11: org.apache.maven.plugins.enforcer.RestrictImports passed
[INFO] Rule 12: org.apache.maven.plugins.enforcer.RestrictImports passed
[INFO] 
[INFO] --- enforcer:3.6.3:enforce (ban-annotations) @ hdds-rocks-native ---
[INFO] Rule 0: org.apache.maven.plugins.enforcer.RestrictImports passed
[INFO] 
[INFO] --- exec:3.6.3:java (set-property) @ hdds-rocks-native ---
[INFO] 
[INFO] --- properties:1.3.0:read-project-properties (read-property-from-file) @ hdds-rocks-native ---
[WARNING] Unknown properties resource extension: 'txt' assume as: 'properties'
[INFO] Loading 1 properties from File: /home/runner/work/ozone/ozone/hadoop-hdds/rocks-native/target/propertyFile.txt
[INFO] 
[INFO] --- dependency:3.11.0:build-classpath (add-classpath-descriptor) @ hdds-rocks-native ---
[INFO] Skipping plugin execution
[INFO] 
[INFO] --- remote-resources:3.3.0:process (default) @ hdds-rocks-native ---
[INFO] Preparing remote bundle org.apache.ozone:ozone-dev-support:2.3.0-SNAPSHOT
[INFO] Copying 2 resources from 1 bundle.
[INFO] 
[INFO] --- antrun:3.2.0:run (build-rocksjava) @ hdds-rocks-native ---
[INFO] Executing tasks
[INFO]      [exec] $DEBUG_LEVEL is 0, $LIB_MODE is static
[INFO]      [exec] $DEBUG_LEVEL is 0, $LIB_MODE is static
[INFO]      [exec]   CC       tools/raw_sst_file_reader.o
[INFO]      [exec]   CC       tools/raw_sst_file_iterator.o
[INFO]      [exec]   AR       librocksdb_tools.a
[INFO]      [exec] /usr/bin/ar: creating librocksdb_tools.a
[INFO] Executed tasks
[INFO] 
[INFO] --- resources:3.5.0:resources (default-resources) @ hdds-rocks-native ---
[INFO] skip non existing resourceDirectory /home/runner/work/ozone/ozone/hadoop-hdds/rocks-native/src/main/resources
[INFO] Copying 2 resources from target/maven-shared-archive-resources to target/classes
[INFO] 
[INFO] --- compiler:3.15.0:compile (default-compile) @ hdds-rocks-native ---
[INFO] Compiling 8 source files with javac [debug release 8] to target/classes
[WARNING] source value 8 is obsolete and will be removed in a future release
[WARNING] target value 8 is obsolete and will be removed in a future release
[WARNING] To suppress warnings about obsolete options, use -Xlint:-options.
[INFO] 
[INFO] --- antrun:3.2.0:run (build-rocks-tools) @ hdds-rocks-native ---
[INFO] Executing tasks
[INFO]     [mkdir] Created dir: /home/runner/work/ozone/ozone/hadoop-hdds/rocks-native/target/native/rocksdb
[INFO]      [copy] Copying 1 file to /home/runner/work/ozone/ozone/hadoop-hdds/rocks-native/target/native/rocksdb
[INFO]      [exec] -- The C compiler identification is GNU 13.3.0
[INFO]      [exec] -- The CXX compiler identification is GNU 13.3.0
[INFO]      [exec] -- Detecting C compiler ABI info
[INFO]      [exec] -- Detecting C compiler ABI info - done
[INFO]      [exec] -- Check for working C compiler: /usr/bin/cc - skipped
[INFO]      [exec] -- Detecting C compile features
[INFO]      [exec] -- Detecting C compile features - done
[INFO]      [exec] -- Detecting CXX compiler ABI info
[INFO]      [exec] -- Detecting CXX compiler ABI info - done
[INFO]      [exec] -- Check for working CXX compiler: /usr/bin/c++ - skipped
[INFO]      [exec] -- Detecting CXX compile features
[INFO]      [exec] -- Detecting CXX compile features - done
[INFO]      [exec] -- Found JNI: /opt/hostedtoolcache/Java_Temurin-Hotspot_jdk/25.0.3-9/x64/include  found components: AWT JVM
[INFO]      [exec] -- Configuring done (0.5s)
[INFO]      [exec] -- Generating done (0.0s)
[INFO]      [exec] -- Build files have been written to: /home/runner/work/ozone/ozone/hadoop-hdds/rocks-native/target/native/rocksdb
[INFO]      [exec] [ 33%] Building CXX object CMakeFiles/ozone_rocksdb_tools.dir/main/native/ManagedRawSSTFileReader.cpp.o
[INFO]      [exec] [ 66%] Building CXX object CMakeFiles/ozone_rocksdb_tools.dir/main/native/ManagedRawSSTFileIterator.cpp.o
[INFO]      [exec] [100%] Linking CXX shared library libozone_rocksdb_tools.so
[INFO]      [exec] [100%] Built target ozone_rocksdb_tools
[INFO]    [delete] Deleting directory /home/runner/work/ozone/ozone/hadoop-hdds/rocks-native/target/rocksdb/rocksdb-10.10.1
[INFO] Executed tasks
[INFO] 
[INFO] --- antrun:3.2.0:run (copy-lib-file) @ hdds-rocks-native ---
[INFO] Executing tasks
[INFO]      [copy] Copying 2 files to /home/runner/work/ozone/ozone/hadoop-hdds/rocks-native/target/classes
[INFO] Executed tasks
[INFO] 
[INFO] --- resources:3.5.0:testResources (default-testResources) @ hdds-rocks-native ---
[INFO] Copying 2 resources from src/test/resources to target/test-classes
[INFO] Copying 2 resources from target/maven-shared-archive-resources to target/test-classes
[INFO] 
[INFO] --- compiler:3.15.0:testCompile (default-testCompile) @ hdds-rocks-native ---
[INFO] Compiling 6 source files with javac [debug release 8] to target/test-classes
[WARNING] source value 8 is obsolete and will be removed in a future release
[WARNING] target value 8 is obsolete and will be removed in a future release
[WARNING] To suppress warnings about obsolete options, use -Xlint:-options.
[INFO] 
[INFO] --- surefire:3.5.2:test (default-test) @ hdds-rocks-native ---
[INFO] Using auto detected provider org.apache.maven.surefire.junitplatform.JUnitPlatformProvider
[INFO] Using auto detected provider org.apache.maven.surefire.junitplatform.JUnitPlatformProvider
[INFO] 
[INFO] --- dependency:3.11.0:copy-dependencies (copy-jars) @ hdds-rocks-native ---
[INFO] Skipping plugin execution
[INFO] 
[INFO] --- jar:3.5.1:jar (default-jar) @ hdds-rocks-native ---
[INFO] Building jar: /home/runner/work/ozone/ozone/hadoop-hdds/rocks-native/target/hdds-rocks-native-2.3.0-SNAPSHOT.jar
[INFO] 
[INFO] --- jar:3.5.1:test-jar (default) @ hdds-rocks-native ---
[INFO] Building jar: /home/runner/work/ozone/ozone/hadoop-hdds/rocks-native/target/hdds-rocks-native-2.3.0-SNAPSHOT-tests.jar
[INFO] 
[INFO] --- dependency:3.11.0:analyze-only (analyze) @ hdds-rocks-native ---
[INFO] No dependency problems found
[INFO] 
[INFO] -------------< org.apache.ozone:rocksdb-checkpoint-differ >-------------
[INFO] Building Apache Ozone Checkpoint Differ for RocksDB 2.3.0-SNAPSHOT [17/55]
[INFO]   from hadoop-hdds/rocksdb-checkpoint-differ/pom.xml
[INFO] --------------------------------[ jar ]---------------------------------
[INFO] 
[INFO] --- sortpom:3.0.1:verify (default) @ rocksdb-checkpoint-differ ---
[INFO] Verifying file /home/runner/work/ozone/ozone/hadoop-hdds/rocksdb-checkpoint-differ/pom.xml
[INFO] 
[INFO] --- jacoco:0.8.15:prepare-agent (default-prepare-agent) @ rocksdb-checkpoint-differ ---
[INFO] argLine set to -javaagent:/home/runner/.m2/repository/org/jacoco/org.jacoco.agent/0.8.15/org.jacoco.agent-0.8.15-runtime.jar=destfile=/home/runner/work/ozone/ozone/hadoop-hdds/rocksdb-checkpoint-differ/target/jacoco.exec,includes=org.apache.hadoop.hdds.*:org.apache.hadoop.ozone.*:org.apache.hadoop.fs.ozone.*:org.apache.ozone.*:org.apache.hadoop.io_.*:org.apache.hadoop.ipc_.*:org.apache.hadoop.security_.*
[INFO] 
[INFO] --- enforcer:3.6.3:enforce (banned-rocksdb-imports) @ rocksdb-checkpoint-differ ---
[INFO] Rule 0: org.apache.maven.plugins.enforcer.RestrictImports passed
[INFO] 
[INFO] --- enforcer:3.6.3:enforce (ban-imports) @ rocksdb-checkpoint-differ ---
[INFO] Rule 0: org.apache.maven.plugins.enforcer.RestrictImports passed
[INFO] Rule 1: org.apache.maven.plugins.enforcer.RestrictImports passed
[INFO] Rule 2: org.apache.maven.plugins.enforcer.RestrictImports passed
[INFO] Rule 3: org.apache.maven.plugins.enforcer.RestrictImports passed
[INFO] Rule 4: org.apache.maven.plugins.enforcer.RestrictImports passed
[WARNING] EXPERIMENTAL FEATURE enabled. You have enabled full-compilation-unit parsing. Please be aware that experimental features might get removed or changed. Please share your feedback!
[INFO] Rule 5: org.apache.maven.plugins.enforcer.RestrictImports passed
[INFO] Rule 6: org.apache.maven.plugins.enforcer.RestrictImports passed
[INFO] Rule 7: org.apache.maven.plugins.enforcer.RestrictImports passed
[INFO] Rule 8: org.apache.maven.plugins.enforcer.RestrictImports passed
[INFO] Rule 9: org.apache.maven.plugins.enforcer.RestrictImports passed
[INFO] Rule 10: org.apache.maven.plugins.enforcer.RestrictImports passed
[INFO] Rule 11: org.apache.maven.plugins.enforcer.RestrictImports passed
[INFO] Rule 12: org.apache.maven.plugins.enforcer.RestrictImports passed
[INFO] 
[INFO] --- enforcer:3.6.3:enforce (ban-annotations) @ rocksdb-checkpoint-differ ---
[INFO] Rule 0: org.apache.maven.plugins.enforcer.RestrictImports passed
[INFO] 
[INFO] --- dependency:3.11.0:build-classpath (add-classpath-descriptor) @ rocksdb-checkpoint-differ ---
[INFO] Skipping plugin execution
[INFO] 
[INFO] --- remote-resources:3.3.0:process (default) @ rocksdb-checkpoint-differ ---
[INFO] Preparing remote bundle org.apache.ozone:ozone-dev-support:2.3.0-SNAPSHOT
[INFO] Copying 2 resources from 1 bundle.
[INFO] 
[INFO] --- resources:3.5.0:resources (default-resources) @ rocksdb-checkpoint-differ ---
[INFO] skip non existing resourceDirectory /home/runner/work/ozone/ozone/hadoop-hdds/rocksdb-checkpoint-differ/src/main/resources
[INFO] Copying 2 resources from target/maven-shared-archive-resources to target/classes
[INFO] 
[INFO] --- compiler:3.15.0:compile (default-compile) @ rocksdb-checkpoint-differ ---
[INFO] Compiling 19 source files with javac [debug release 8] to target/classes
[WARNING] source value 8 is obsolete and will be removed in a future release
[WARNING] target value 8 is obsolete and will be removed in a future release
[WARNING] To suppress warnings about obsolete options, use -Xlint:-options.
[INFO] 
[INFO] --- resources:3.5.0:testResources (default-testResources) @ rocksdb-checkpoint-differ ---
[INFO] Copying 1 resource from src/test/resources to target/test-classes
[INFO] Copying 2 resources from target/maven-shared-archive-resources to target/test-classes
[INFO] 
[INFO] --- compiler:3.15.0:testCompile (default-testCompile) @ rocksdb-checkpoint-differ ---
[INFO] Compiling 9 source files with javac [debug release 8] to target/test-classes
[WARNING] source value 8 is obsolete and will be removed in a future release
[WARNING] target value 8 is obsolete and will be removed in a future release
[WARNING] To suppress warnings about obsolete options, use -Xlint:-options.
[INFO] /home/runner/work/ozone/ozone/hadoop-hdds/rocksdb-checkpoint-differ/src/test/java/org/apache/ozone/rocksdiff/TestRocksDBCheckpointDiffer.java: /home/runner/work/ozone/ozone/hadoop-hdds/rocksdb-checkpoint-differ/src/test/java/org/apache/ozone/rocksdiff/TestRocksDBCheckpointDiffer.java uses unchecked or unsafe operations.
[INFO] /home/runner/work/ozone/ozone/hadoop-hdds/rocksdb-checkpoint-differ/src/test/java/org/apache/ozone/rocksdiff/TestRocksDBCheckpointDiffer.java: Recompile with -Xlint:unchecked for details.
[INFO] 
[INFO] --- surefire:3.5.2:test (default-test) @ rocksdb-checkpoint-differ ---
[INFO] Using auto detected provider org.apache.maven.surefire.junitplatform.JUnitPlatformProvider
[INFO] Using auto detected provider org.apache.maven.surefire.junitplatform.JUnitPlatformProvider
[INFO] 
[INFO] --- dependency:3.11.0:copy-dependencies (copy-jars) @ rocksdb-checkpoint-differ ---
[INFO] Skipping plugin execution
[INFO] 
[INFO] --- jar:3.5.1:jar (default-jar) @ rocksdb-checkpoint-differ ---
[INFO] Building jar: /home/runner/work/ozone/ozone/hadoop-hdds/rocksdb-checkpoint-differ/target/rocksdb-checkpoint-differ-2.3.0-SNAPSHOT.jar
[INFO] 
[INFO] --- jar:3.5.1:test-jar (default) @ rocksdb-checkpoint-differ ---
[INFO] Building jar: /home/runner/work/ozone/ozone/hadoop-hdds/rocksdb-checkpoint-differ/target/rocksdb-checkpoint-differ-2.3.0-SNAPSHOT-tests.jar
[INFO] 
[INFO] --- dependency:3.11.0:analyze-only (analyze) @ rocksdb-checkpoint-differ ---
[INFO] No dependency problems found
[INFO] 
[INFO] ---------------< org.apache.ozone:hdds-server-framework >---------------
[INFO] Building Apache Ozone HDDS Server Framework 2.3.0-SNAPSHOT       [18/55]
[INFO]   from hadoop-hdds/framework/pom.xml
[INFO] --------------------------------[ jar ]---------------------------------
[INFO] 
[INFO] --- sortpom:3.0.1:verify (default) @ hdds-server-framework ---
[INFO] Verifying file /home/runner/work/ozone/ozone/hadoop-hdds/framework/pom.xml
[INFO] 
[INFO] --- jacoco:0.8.15:prepare-agent (default-prepare-agent) @ hdds-server-framework ---
[INFO] argLine set to -javaagent:/home/runner/.m2/repository/org/jacoco/org.jacoco.agent/0.8.15/org.jacoco.agent-0.8.15-runtime.jar=destfile=/home/runner/work/ozone/ozone/hadoop-hdds/framework/target/jacoco.exec,includes=org.apache.hadoop.hdds.*:org.apache.hadoop.ozone.*:org.apache.hadoop.fs.ozone.*:org.apache.ozone.*:org.apache.hadoop.io_.*:org.apache.hadoop.ipc_.*:org.apache.hadoop.security_.*
[INFO] 
[INFO] --- enforcer:3.6.3:enforce (banned-rocksdb-imports) @ hdds-server-framework ---
[INFO] Rule 0: org.apache.maven.plugins.enforcer.RestrictImports passed
[INFO] 
[INFO] --- enforcer:3.6.3:enforce (ban-imports) @ hdds-server-framework ---
[INFO] Rule 0: org.apache.maven.plugins.enforcer.RestrictImports passed
[INFO] Rule 1: org.apache.maven.plugins.enforcer.RestrictImports passed
[INFO] Rule 2: org.apache.maven.plugins.enforcer.RestrictImports passed
[INFO] Rule 3: org.apache.maven.plugins.enforcer.RestrictImports passed
[INFO] Rule 4: org.apache.maven.plugins.enforcer.RestrictImports passed
[WARNING] EXPERIMENTAL FEATURE enabled. You have enabled full-compilation-unit parsing. Please be aware that experimental features might get removed or changed. Please share your feedback!
[INFO] Rule 5: org.apache.maven.plugins.enforcer.RestrictImports passed
[INFO] Rule 6: org.apache.maven.plugins.enforcer.RestrictImports passed
[INFO] Rule 7: org.apache.maven.plugins.enforcer.RestrictImports passed
[INFO] Rule 8: org.apache.maven.plugins.enforcer.RestrictImports passed
[INFO] Rule 9: org.apache.maven.plugins.enforcer.RestrictImports passed
[INFO] Rule 10: org.apache.maven.plugins.enforcer.RestrictImports passed
[INFO] Rule 11: org.apache.maven.plugins.enforcer.RestrictImports passed
[INFO] Rule 12: org.apache.maven.plugins.enforcer.RestrictImports passed
[INFO] 
[INFO] --- enforcer:3.6.3:enforce (ban-annotations) @ hdds-server-framework ---
[INFO] Rule 0: org.apache.maven.plugins.enforcer.RestrictImports passed
[INFO] 
[INFO] --- dependency:3.11.0:build-classpath (add-classpath-descriptor) @ hdds-server-framework ---
[INFO] Wrote classpath file '/home/runner/work/ozone/ozone/hadoop-hdds/framework/target/classes/hdds-server-framework.classpath'.
[INFO] 
[INFO] --- remote-resources:3.3.0:process (default) @ hdds-server-framework ---
[INFO] Preparing remote bundle org.apache.ozone:ozone-dev-support:2.3.0-SNAPSHOT
[INFO] Copying 2 resources from 1 bundle.
[INFO] 
[INFO] --- resources:3.5.0:resources (default-resources) @ hdds-server-framework ---
[INFO] Copying 38 resources from src/main/resources to target/classes
[INFO] Copying 2 resources from target/maven-shared-archive-resources to target/classes
[INFO] 
[INFO] --- compiler:3.15.0:compile (default-compile) @ hdds-server-framework ---
[INFO] Compiling 302 source files with javac [debug release 8] to target/classes
[WARNING] source value 8 is obsolete and will be removed in a future release
[WARNING] target value 8 is obsolete and will be removed in a future release
[WARNING] To suppress warnings about obsolete options, use -Xlint:-options.
[INFO] /home/runner/work/ozone/ozone/hadoop-hdds/framework/src/main/java/org/apache/hadoop/hdds/scm/container/common/helpers/DeletedBlocksTransactionInfoWrapper.java: Some input files use or override a deprecated API.
[INFO] /home/runner/work/ozone/ozone/hadoop-hdds/framework/src/main/java/org/apache/hadoop/hdds/scm/container/common/helpers/DeletedBlocksTransactionInfoWrapper.java: Recompile with -Xlint:deprecation for details.
[INFO] /home/runner/work/ozone/ozone/hadoop-hdds/framework/src/main/java/org/apache/hadoop/hdds/security/symmetric/ManagedSecretKey.java: Some input files use unchecked or unsafe operations.
[INFO] /home/runner/work/ozone/ozone/hadoop-hdds/framework/src/main/java/org/apache/hadoop/hdds/security/symmetric/ManagedSecretKey.java: Recompile with -Xlint:unchecked for details.
[INFO] 
[INFO] --- resources:3.5.0:testResources (default-testResources) @ hdds-server-framework ---
[INFO] Copying 25 resources from src/test/resources to target/test-classes
[INFO] Copying 2 resources from target/maven-shared-archive-resources to target/test-classes
[INFO] 
[INFO] --- compiler:3.15.0:testCompile (default-testCompile) @ hdds-server-framework ---
[INFO] Compiling 118 source files with javac [debug release 8] to target/test-classes
[WARNING] source value 8 is obsolete and will be removed in a future release
[WARNING] target value 8 is obsolete and will be removed in a future release
[WARNING] To suppress warnings about obsolete options, use -Xlint:-options.
[INFO] /home/runner/work/ozone/ozone/hadoop-hdds/framework/src/test/java/org/apache/hadoop/ozone/upgrade/TestAbstractLayoutVersionManager.java: /home/runner/work/ozone/ozone/hadoop-hdds/framework/src/test/java/org/apache/hadoop/ozone/upgrade/TestAbstractLayoutVersionManager.java uses or overrides a deprecated API.
[INFO] /home/runner/work/ozone/ozone/hadoop-hdds/framework/src/test/java/org/apache/hadoop/ozone/upgrade/TestAbstractLayoutVersionManager.java: Recompile with -Xlint:deprecation for details.
[INFO] /home/runner/work/ozone/ozone/hadoop-hdds/framework/src/test/java/org/apache/hadoop/hdds/scm/net/TestNetworkTopologyImpl.java: Some input files use unchecked or unsafe operations.
[INFO] /home/runner/work/ozone/ozone/hadoop-hdds/framework/src/test/java/org/apache/hadoop/hdds/scm/net/TestNetworkTopologyImpl.java: Recompile with -Xlint:unchecked for details.
[INFO] 
[INFO] --- surefire:3.5.2:test (default-test) @ hdds-server-framework ---
[INFO] Using auto detected provider org.apache.maven.surefire.junitplatform.JUnitPlatformProvider
[INFO] Using auto detected provider org.apache.maven.surefire.junitplatform.JUnitPlatformProvider
[INFO] 
[INFO] --- dependency:3.11.0:copy-dependencies (copy-jars) @ hdds-server-framework ---
[INFO] 
[INFO] --- jar:3.5.1:jar (default-jar) @ hdds-server-framework ---
[INFO] Building jar: /home/runner/work/ozone/ozone/hadoop-hdds/framework/target/hdds-server-framework-2.3.0-SNAPSHOT.jar
[INFO] 
[INFO] --- jar:3.5.1:test-jar (default) @ hdds-server-framework ---
[INFO] Building jar: /home/runner/work/ozone/ozone/hadoop-hdds/framework/target/hdds-server-framework-2.3.0-SNAPSHOT-tests.jar
[INFO] 
[INFO] --- dependency:3.11.0:analyze-only (analyze) @ hdds-server-framework ---
[INFO] No dependency problems found
[INFO] 
[INFO] ---------------------< org.apache.ozone:hdds-docs >---------------------
[INFO] Building Apache Ozone Documentation 2.3.0-SNAPSHOT               [19/55]
[INFO]   from hadoop-hdds/docs/pom.xml
[INFO] --------------------------------[ jar ]---------------------------------
[INFO] 
[INFO] --- sortpom:3.0.1:verify (default) @ hdds-docs ---
[INFO] Verifying file /home/runner/work/ozone/ozone/hadoop-hdds/docs/pom.xml
[INFO] 
[INFO] --- jacoco:0.8.15:prepare-agent (default-prepare-agent) @ hdds-docs ---
[INFO] argLine set to -javaagent:/home/runner/.m2/repository/org/jacoco/org.jacoco.agent/0.8.15/org.jacoco.agent-0.8.15-runtime.jar=destfile=/home/runner/work/ozone/ozone/hadoop-hdds/docs/target/jacoco.exec,includes=org.apache.hadoop.hdds.*:org.apache.hadoop.ozone.*:org.apache.hadoop.fs.ozone.*:org.apache.ozone.*:org.apache.hadoop.io_.*:org.apache.hadoop.ipc_.*:org.apache.hadoop.security_.*
[INFO] 
[INFO] --- enforcer:3.6.3:enforce (banned-rocksdb-imports) @ hdds-docs ---
[INFO] Rule 0: org.apache.maven.plugins.enforcer.RestrictImports passed
[INFO] 
[INFO] --- enforcer:3.6.3:enforce (ban-imports) @ hdds-docs ---
[INFO] Rule 0: org.apache.maven.plugins.enforcer.RestrictImports passed
[INFO] Rule 1: org.apache.maven.plugins.enforcer.RestrictImports passed
[INFO] Rule 2: org.apache.maven.plugins.enforcer.RestrictImports passed
[INFO] Rule 3: org.apache.maven.plugins.enforcer.RestrictImports passed
[INFO] Rule 4: org.apache.maven.plugins.enforcer.RestrictImports passed
[WARNING] EXPERIMENTAL FEATURE enabled. You have enabled full-compilation-unit parsing. Please be aware that experimental features might get removed or changed. Please share your feedback!
[INFO] Rule 5: org.apache.maven.plugins.enforcer.RestrictImports passed
[INFO] Rule 6: org.apache.maven.plugins.enforcer.RestrictImports passed
[INFO] Rule 7: org.apache.maven.plugins.enforcer.RestrictImports passed
[INFO] Rule 8: org.apache.maven.plugins.enforcer.RestrictImports passed
[INFO] Rule 9: org.apache.maven.plugins.enforcer.RestrictImports passed
[INFO] Rule 10: org.apache.maven.plugins.enforcer.RestrictImports passed
[INFO] Rule 11: org.apache.maven.plugins.enforcer.RestrictImports passed
[INFO] Rule 12: org.apache.maven.plugins.enforcer.RestrictImports passed
[INFO] 
[INFO] --- enforcer:3.6.3:enforce (ban-annotations) @ hdds-docs ---
[INFO] Rule 0: org.apache.maven.plugins.enforcer.RestrictImports passed
[INFO] 
[INFO] --- dependency:3.11.0:build-classpath (add-classpath-descriptor) @ hdds-docs ---
[INFO] Skipping plugin execution
[INFO] 
[INFO] --- remote-resources:3.3.0:process (default) @ hdds-docs ---
[INFO] Preparing remote bundle org.apache.ozone:ozone-dev-support:2.3.0-SNAPSHOT
[INFO] Copying 2 resources from 1 bundle.
[INFO] 
[INFO] --- resources:3.5.0:resources (default-resources) @ hdds-docs ---
[INFO] skip non existing resourceDirectory /home/runner/work/ozone/ozone/hadoop-hdds/docs/src/main/resources
[INFO] Copying 2 resources from target/maven-shared-archive-resources to target/classes
[INFO] 
[INFO] --- compiler:3.15.0:compile (default-compile) @ hdds-docs ---
[INFO] No sources to compile
[INFO] 
[INFO] --- exec:3.6.3:exec (default) @ hdds-docs ---
[INFO] skipping execute as per configuration
[INFO] 
[INFO] --- resources:3.5.0:testResources (default-testResources) @ hdds-docs ---
[INFO] Not copying test resources
[INFO] 
[INFO] --- compiler:3.15.0:testCompile (default-testCompile) @ hdds-docs ---
[INFO] Skipped
[INFO] 
[INFO] --- surefire:3.5.2:test (default-test) @ hdds-docs ---
[INFO] Skipped
[INFO] 
[INFO] --- dependency:3.11.0:copy-dependencies (copy-jars) @ hdds-docs ---
[INFO] Skipping plugin execution
[INFO] 
[INFO] --- jar:3.5.1:jar (default-jar) @ hdds-docs ---
[INFO] Building jar: /home/runner/work/ozone/ozone/hadoop-hdds/docs/target/hdds-docs-2.3.0-SNAPSHOT.jar
[INFO] 
[INFO] --- jar:3.5.1:test-jar (default) @ hdds-docs ---
[INFO] Skipping packaging of the test-jar
[INFO] 
[INFO] --- dependency:3.11.0:analyze-only (analyze) @ hdds-docs ---
[INFO] No dependency problems found
[INFO] 
[INFO] --------------< org.apache.ozone:hdds-container-service >---------------
[INFO] Building Apache Ozone HDDS Container Service 2.3.0-SNAPSHOT      [20/55]
[INFO]   from hadoop-hdds/container-service/pom.xml
[INFO] --------------------------------[ jar ]---------------------------------
[INFO] 
[INFO] --- sortpom:3.0.1:verify (default) @ hdds-container-service ---
[INFO] Verifying file /home/runner/work/ozone/ozone/hadoop-hdds/container-service/pom.xml
[INFO] 
[INFO] --- jacoco:0.8.15:prepare-agent (default-prepare-agent) @ hdds-container-service ---
[INFO] argLine set to -javaagent:/home/runner/.m2/repository/org/jacoco/org.jacoco.agent/0.8.15/org.jacoco.agent-0.8.15-runtime.jar=destfile=/home/runner/work/ozone/ozone/hadoop-hdds/container-service/target/jacoco.exec,includes=org.apache.hadoop.hdds.*:org.apache.hadoop.ozone.*:org.apache.hadoop.fs.ozone.*:org.apache.ozone.*:org.apache.hadoop.io_.*:org.apache.hadoop.ipc_.*:org.apache.hadoop.security_.*
[INFO] 
[INFO] --- enforcer:3.6.3:enforce (banned-rocksdb-imports) @ hdds-container-service ---
[INFO] Rule 0: org.apache.maven.plugins.enforcer.RestrictImports passed
[INFO] 
[INFO] --- enforcer:3.6.3:enforce (ban-imports) @ hdds-container-service ---
[INFO] Rule 0: org.apache.maven.plugins.enforcer.RestrictImports passed
[INFO] Rule 1: org.apache.maven.plugins.enforcer.RestrictImports passed
[INFO] Rule 2: org.apache.maven.plugins.enforcer.RestrictImports passed
[INFO] Rule 3: org.apache.maven.plugins.enforcer.RestrictImports passed
[INFO] Rule 4: org.apache.maven.plugins.enforcer.RestrictImports passed
[WARNING] EXPERIMENTAL FEATURE enabled. You have enabled full-compilation-unit parsing. Please be aware that experimental features might get removed or changed. Please share your feedback!
[INFO] Rule 5: org.apache.maven.plugins.enforcer.RestrictImports passed
[INFO] Rule 6: org.apache.maven.plugins.enforcer.RestrictImports passed
[INFO] Rule 7: org.apache.maven.plugins.enforcer.RestrictImports passed
[INFO] Rule 8: org.apache.maven.plugins.enforcer.RestrictImports passed
[INFO] Rule 9: org.apache.maven.plugins.enforcer.RestrictImports passed
[INFO] Rule 10: org.apache.maven.plugins.enforcer.RestrictImports passed
[INFO] Rule 11: org.apache.maven.plugins.enforcer.RestrictImports passed
[INFO] Rule 12: org.apache.maven.plugins.enforcer.RestrictImports passed
[INFO] 
[INFO] --- enforcer:3.6.3:enforce (ban-annotations) @ hdds-container-service ---
[INFO] Rule 0: org.apache.maven.plugins.enforcer.RestrictImports passed
[INFO] 
[INFO] --- dependency:3.11.0:build-classpath (add-classpath-descriptor) @ hdds-container-service ---
[INFO] Skipping plugin execution
[INFO] 
[INFO] --- remote-resources:3.3.0:process (default) @ hdds-container-service ---
[INFO] Preparing remote bundle org.apache.ozone:ozone-dev-support:2.3.0-SNAPSHOT
[INFO] Copying 2 resources from 1 bundle.
[INFO] 
[INFO] --- resources:3.5.0:resources (default-resources) @ hdds-container-service ---
[INFO] Copying 7 resources from src/main/resources to target/classes
[INFO] Copying 2 resources from target/maven-shared-archive-resources to target/classes
[INFO] 
[INFO] --- compiler:3.15.0:compile (default-compile) @ hdds-container-service ---
[INFO] Compiling 309 source files with javac [debug release 8] to target/classes
[WARNING] source value 8 is obsolete and will be removed in a future release
[WARNING] target value 8 is obsolete and will be removed in a future release
[WARNING] To suppress warnings about obsolete options, use -Xlint:-options.
[INFO] /home/runner/work/ozone/ozone/hadoop-hdds/container-service/src/main/java/org/apache/hadoop/ozone/container/ozoneimpl/OzoneContainer.java: Some input files use or override a deprecated API.
[INFO] /home/runner/work/ozone/ozone/hadoop-hdds/container-service/src/main/java/org/apache/hadoop/ozone/container/ozoneimpl/OzoneContainer.java: Recompile with -Xlint:deprecation for details.
[INFO] /home/runner/work/ozone/ozone/hadoop-hdds/container-service/src/main/java/org/apache/hadoop/ozone/container/common/states/datanode/RunningDatanodeState.java: Some input files use unchecked or unsafe operations.
[INFO] /home/runner/work/ozone/ozone/hadoop-hdds/container-service/src/main/java/org/apache/hadoop/ozone/container/common/states/datanode/RunningDatanodeState.java: Recompile with -Xlint:unchecked for details.
[INFO] 
[INFO] --- resources:3.5.0:testResources (default-testResources) @ hdds-container-service ---
[INFO] Copying 16 resources from src/test/resources to target/test-classes
[INFO] Copying 2 resources from target/maven-shared-archive-resources to target/test-classes
[INFO] 
[INFO] --- compiler:3.15.0:testCompile (default-testCompile) @ hdds-container-service ---
[INFO] Compiling 141 source files with javac [debug release 8] to target/test-classes
[WARNING] source value 8 is obsolete and will be removed in a future release
[WARNING] target value 8 is obsolete and will be removed in a future release
[WARNING] To suppress warnings about obsolete options, use -Xlint:-options.
[INFO] /home/runner/work/ozone/ozone/hadoop-hdds/container-service/src/test/java/org/apache/hadoop/ozone/container/common/TestBlockDeletingService.java: Some input files use or override a deprecated API.
[INFO] /home/runner/work/ozone/ozone/hadoop-hdds/container-service/src/test/java/org/apache/hadoop/ozone/container/common/TestBlockDeletingService.java: Recompile with -Xlint:deprecation for details.
[INFO] /home/runner/work/ozone/ozone/hadoop-hdds/container-service/src/test/java/org/apache/hadoop/ozone/container/common/SCMTestUtils.java: Some input files use unchecked or unsafe operations.
[INFO] /home/runner/work/ozone/ozone/hadoop-hdds/container-service/src/test/java/org/apache/hadoop/ozone/container/common/SCMTestUtils.java: Recompile with -Xlint:unchecked for details.
[INFO] 
[INFO] --- surefire:3.5.2:test (default-test) @ hdds-container-service ---
[INFO] Using auto detected provider org.apache.maven.surefire.junitplatform.JUnitPlatformProvider
[INFO] Using auto detected provider org.apache.maven.surefire.junitplatform.JUnitPlatformProvider
[INFO] 
[INFO] --- dependency:3.11.0:copy-dependencies (copy-jars) @ hdds-container-service ---
[INFO] Skipping plugin execution
[INFO] 
[INFO] --- dependency:3.11.0:unpack (copy-common-html) @ hdds-container-service ---
[INFO] 
[INFO] --- jar:3.5.1:jar (default-jar) @ hdds-container-service ---
[INFO] Building jar: /home/runner/work/ozone/ozone/hadoop-hdds/container-service/target/hdds-container-service-2.3.0-SNAPSHOT.jar
[INFO] 
[INFO] --- jar:3.5.1:test-jar (default) @ hdds-container-service ---
[INFO] Building jar: /home/runner/work/ozone/ozone/hadoop-hdds/container-service/target/hdds-container-service-2.3.0-SNAPSHOT-tests.jar
[INFO] 
[INFO] --- dependency:3.11.0:analyze-only (analyze) @ hdds-container-service ---
[INFO] No dependency problems found
[INFO] 
[INFO] ------------------< org.apache.ozone:hdds-crypto-api >------------------
[INFO] Building Apache Ozone HDDS Crypto 2.3.0-SNAPSHOT                 [21/55]
[INFO]   from hadoop-hdds/crypto-api/pom.xml
[INFO] --------------------------------[ jar ]---------------------------------
[INFO] 
[INFO] --- sortpom:3.0.1:verify (default) @ hdds-crypto-api ---
[INFO] Verifying file /home/runner/work/ozone/ozone/hadoop-hdds/crypto-api/pom.xml
[INFO] 
[INFO] --- jacoco:0.8.15:prepare-agent (default-prepare-agent) @ hdds-crypto-api ---
[INFO] argLine set to -javaagent:/home/runner/.m2/repository/org/jacoco/org.jacoco.agent/0.8.15/org.jacoco.agent-0.8.15-runtime.jar=destfile=/home/runner/work/ozone/ozone/hadoop-hdds/crypto-api/target/jacoco.exec,includes=org.apache.hadoop.hdds.*:org.apache.hadoop.ozone.*:org.apache.hadoop.fs.ozone.*:org.apache.ozone.*:org.apache.hadoop.io_.*:org.apache.hadoop.ipc_.*:org.apache.hadoop.security_.*
[INFO] 
[INFO] --- enforcer:3.6.3:enforce (banned-rocksdb-imports) @ hdds-crypto-api ---
[INFO] Rule 0: org.apache.maven.plugins.enforcer.RestrictImports passed
[INFO] 
[INFO] --- enforcer:3.6.3:enforce (ban-imports) @ hdds-crypto-api ---
[INFO] Rule 0: org.apache.maven.plugins.enforcer.RestrictImports passed
[INFO] Rule 1: org.apache.maven.plugins.enforcer.RestrictImports passed
[INFO] Rule 2: org.apache.maven.plugins.enforcer.RestrictImports passed
[INFO] Rule 3: org.apache.maven.plugins.enforcer.RestrictImports passed
[INFO] Rule 4: org.apache.maven.plugins.enforcer.RestrictImports passed
[WARNING] EXPERIMENTAL FEATURE enabled. You have enabled full-compilation-unit parsing. Please be aware that experimental features might get removed or changed. Please share your feedback!
[INFO] Rule 5: org.apache.maven.plugins.enforcer.RestrictImports passed
[INFO] Rule 6: org.apache.maven.plugins.enforcer.RestrictImports passed
[INFO] Rule 7: org.apache.maven.plugins.enforcer.RestrictImports passed
[INFO] Rule 8: org.apache.maven.plugins.enforcer.RestrictImports passed
[INFO] Rule 9: org.apache.maven.plugins.enforcer.RestrictImports passed
[INFO] Rule 10: org.apache.maven.plugins.enforcer.RestrictImports passed
[INFO] Rule 11: org.apache.maven.plugins.enforcer.RestrictImports passed
[INFO] Rule 12: org.apache.maven.plugins.enforcer.RestrictImports passed
[INFO] 
[INFO] --- enforcer:3.6.3:enforce (ban-annotations) @ hdds-crypto-api ---
[INFO] Rule 0: org.apache.maven.plugins.enforcer.RestrictImports passed
[INFO] 
[INFO] --- dependency:3.11.0:build-classpath (add-classpath-descriptor) @ hdds-crypto-api ---
[INFO] Skipping plugin execution
[INFO] 
[INFO] --- remote-resources:3.3.0:process (default) @ hdds-crypto-api ---
[INFO] Preparing remote bundle org.apache.ozone:ozone-dev-support:2.3.0-SNAPSHOT
[INFO] Copying 2 resources from 1 bundle.
[INFO] 
[INFO] --- resources:3.5.0:resources (default-resources) @ hdds-crypto-api ---
[INFO] skip non existing resourceDirectory /home/runner/work/ozone/ozone/hadoop-hdds/crypto-api/src/main/resources
[INFO] Copying 2 resources from target/maven-shared-archive-resources to target/classes
[INFO] 
[INFO] --- compiler:3.15.0:compile (default-compile) @ hdds-crypto-api ---
[INFO] No sources to compile
[INFO] 
[INFO] --- resources:3.5.0:testResources (default-testResources) @ hdds-crypto-api ---
[INFO] Not copying test resources
[INFO] 
[INFO] --- compiler:3.15.0:testCompile (default-testCompile) @ hdds-crypto-api ---
[INFO] Skipped
[INFO] 
[INFO] --- surefire:3.5.2:test (default-test) @ hdds-crypto-api ---
[INFO] Skipped
[INFO] 
[INFO] --- dependency:3.11.0:copy-dependencies (copy-jars) @ hdds-crypto-api ---
[INFO] Skipping plugin execution
[INFO] 
[INFO] --- jar:3.5.1:jar (default-jar) @ hdds-crypto-api ---
[INFO] Building jar: /home/runner/work/ozone/ozone/hadoop-hdds/crypto-api/target/hdds-crypto-api-2.3.0-SNAPSHOT.jar
[INFO] 
[INFO] --- jar:3.5.1:test-jar (default) @ hdds-crypto-api ---
[INFO] Skipping packaging of the test-jar
[INFO] 
[INFO] --- dependency:3.11.0:analyze-only (analyze) @ hdds-crypto-api ---
[INFO] No dependency problems found
[INFO] 
[INFO] ----------------< org.apache.ozone:hdds-crypto-default >----------------
[INFO] Building Apache Ozone HDDS Crypto - Default 2.3.0-SNAPSHOT       [22/55]
[INFO]   from hadoop-hdds/crypto-default/pom.xml
[INFO] --------------------------------[ jar ]---------------------------------
[INFO] 
[INFO] --- sortpom:3.0.1:verify (default) @ hdds-crypto-default ---
[INFO] Verifying file /home/runner/work/ozone/ozone/hadoop-hdds/crypto-default/pom.xml
[INFO] 
[INFO] --- jacoco:0.8.15:prepare-agent (default-prepare-agent) @ hdds-crypto-default ---
[INFO] argLine set to -javaagent:/home/runner/.m2/repository/org/jacoco/org.jacoco.agent/0.8.15/org.jacoco.agent-0.8.15-runtime.jar=destfile=/home/runner/work/ozone/ozone/hadoop-hdds/crypto-default/target/jacoco.exec,includes=org.apache.hadoop.hdds.*:org.apache.hadoop.ozone.*:org.apache.hadoop.fs.ozone.*:org.apache.ozone.*:org.apache.hadoop.io_.*:org.apache.hadoop.ipc_.*:org.apache.hadoop.security_.*
[INFO] 
[INFO] --- enforcer:3.6.3:enforce (banned-rocksdb-imports) @ hdds-crypto-default ---
[INFO] Rule 0: org.apache.maven.plugins.enforcer.RestrictImports passed
[INFO] 
[INFO] --- enforcer:3.6.3:enforce (ban-imports) @ hdds-crypto-default ---
[INFO] Rule 0: org.apache.maven.plugins.enforcer.RestrictImports passed
[INFO] Rule 1: org.apache.maven.plugins.enforcer.RestrictImports passed
[INFO] Rule 2: org.apache.maven.plugins.enforcer.RestrictImports passed
[INFO] Rule 3: org.apache.maven.plugins.enforcer.RestrictImports passed
[INFO] Rule 4: org.apache.maven.plugins.enforcer.RestrictImports passed
[WARNING] EXPERIMENTAL FEATURE enabled. You have enabled full-compilation-unit parsing. Please be aware that experimental features might get removed or changed. Please share your feedback!
[INFO] Rule 5: org.apache.maven.plugins.enforcer.RestrictImports passed
[INFO] Rule 6: org.apache.maven.plugins.enforcer.RestrictImports passed
[INFO] Rule 7: org.apache.maven.plugins.enforcer.RestrictImports passed
[INFO] Rule 8: org.apache.maven.plugins.enforcer.RestrictImports passed
[INFO] Rule 9: org.apache.maven.plugins.enforcer.RestrictImports passed
[INFO] Rule 10: org.apache.maven.plugins.enforcer.RestrictImports passed
[INFO] Rule 11: org.apache.maven.plugins.enforcer.RestrictImports passed
[INFO] Rule 12: org.apache.maven.plugins.enforcer.RestrictImports passed
[INFO] 
[INFO] --- enforcer:3.6.3:enforce (ban-annotations) @ hdds-crypto-default ---
[INFO] Rule 0: org.apache.maven.plugins.enforcer.RestrictImports passed
[INFO] 
[INFO] --- dependency:3.11.0:build-classpath (add-classpath-descriptor) @ hdds-crypto-default ---
[INFO] Skipping plugin execution
[INFO] 
[INFO] --- remote-resources:3.3.0:process (default) @ hdds-crypto-default ---
[INFO] Preparing remote bundle org.apache.ozone:ozone-dev-support:2.3.0-SNAPSHOT
[INFO] Copying 2 resources from 1 bundle.
[INFO] 
[INFO] --- resources:3.5.0:resources (default-resources) @ hdds-crypto-default ---
[INFO] skip non existing resourceDirectory /home/runner/work/ozone/ozone/hadoop-hdds/crypto-default/src/main/resources
[INFO] Copying 2 resources from target/maven-shared-archive-resources to target/classes
[INFO] 
[INFO] --- compiler:3.15.0:compile (default-compile) @ hdds-crypto-default ---
[INFO] No sources to compile
[INFO] 
[INFO] --- resources:3.5.0:testResources (default-testResources) @ hdds-crypto-default ---
[INFO] Not copying test resources
[INFO] 
[INFO] --- compiler:3.15.0:testCompile (default-testCompile) @ hdds-crypto-default ---
[INFO] Skipped
[INFO] 
[INFO] --- surefire:3.5.2:test (default-test) @ hdds-crypto-default ---
[INFO] Skipped
[INFO] 
[INFO] --- dependency:3.11.0:copy-dependencies (copy-jars) @ hdds-crypto-default ---
[INFO] Skipping plugin execution
[INFO] 
[INFO] --- jar:3.5.1:jar (default-jar) @ hdds-crypto-default ---
[INFO] Building jar: /home/runner/work/ozone/ozone/hadoop-hdds/crypto-default/target/hdds-crypto-default-2.3.0-SNAPSHOT.jar
[INFO] 
[INFO] --- jar:3.5.1:test-jar (default) @ hdds-crypto-default ---
[INFO] Skipping packaging of the test-jar
[INFO] 
[INFO] --- dependency:3.11.0:analyze-only (analyze) @ hdds-crypto-default ---
[INFO] No dependency problems found
[INFO] 
[INFO] ------------------< org.apache.ozone:hdds-server-scm >------------------
[INFO] Building Apache Ozone HDDS SCM Server 2.3.0-SNAPSHOT             [23/55]
[INFO]   from hadoop-hdds/server-scm/pom.xml
[INFO] --------------------------------[ jar ]---------------------------------
[INFO] 
[INFO] --- sortpom:3.0.1:verify (default) @ hdds-server-scm ---
[INFO] Verifying file /home/runner/work/ozone/ozone/hadoop-hdds/server-scm/pom.xml
[INFO] 
[INFO] --- jacoco:0.8.15:prepare-agent (default-prepare-agent) @ hdds-server-scm ---
[INFO] argLine set to -javaagent:/home/runner/.m2/repository/org/jacoco/org.jacoco.agent/0.8.15/org.jacoco.agent-0.8.15-runtime.jar=destfile=/home/runner/work/ozone/ozone/hadoop-hdds/server-scm/target/jacoco.exec,includes=org.apache.hadoop.hdds.*:org.apache.hadoop.ozone.*:org.apache.hadoop.fs.ozone.*:org.apache.ozone.*:org.apache.hadoop.io_.*:org.apache.hadoop.ipc_.*:org.apache.hadoop.security_.*
[INFO] 
[INFO] --- enforcer:3.6.3:enforce (banned-rocksdb-imports) @ hdds-server-scm ---
[INFO] Rule 0: org.apache.maven.plugins.enforcer.RestrictImports passed
[INFO] 
[INFO] --- enforcer:3.6.3:enforce (ban-imports) @ hdds-server-scm ---
[INFO] Rule 0: org.apache.maven.plugins.enforcer.RestrictImports passed
[INFO] Rule 1: org.apache.maven.plugins.enforcer.RestrictImports passed
[INFO] Rule 2: org.apache.maven.plugins.enforcer.RestrictImports passed
[INFO] Rule 3: org.apache.maven.plugins.enforcer.RestrictImports passed
[INFO] Rule 4: org.apache.maven.plugins.enforcer.RestrictImports passed
[WARNING] EXPERIMENTAL FEATURE enabled. You have enabled full-compilation-unit parsing. Please be aware that experimental features might get removed or changed. Please share your feedback!
[INFO] Rule 5: org.apache.maven.plugins.enforcer.RestrictImports passed
[INFO] Rule 6: org.apache.maven.plugins.enforcer.RestrictImports passed
[INFO] Rule 7: org.apache.maven.plugins.enforcer.RestrictImports passed
[INFO] Rule 8: org.apache.maven.plugins.enforcer.RestrictImports passed
[INFO] Rule 9: org.apache.maven.plugins.enforcer.RestrictImports passed
[INFO] Rule 10: org.apache.maven.plugins.enforcer.RestrictImports passed
[INFO] Rule 11: org.apache.maven.plugins.enforcer.RestrictImports passed
[INFO] Rule 12: org.apache.maven.plugins.enforcer.RestrictImports passed
[INFO] 
[INFO] --- enforcer:3.6.3:enforce (ban-annotations) @ hdds-server-scm ---
[INFO] Rule 0: org.apache.maven.plugins.enforcer.RestrictImports passed
[INFO] 
[INFO] --- dependency:3.11.0:build-classpath (add-classpath-descriptor) @ hdds-server-scm ---
[INFO] Wrote classpath file '/home/runner/work/ozone/ozone/hadoop-hdds/server-scm/target/classes/hdds-server-scm.classpath'.
[INFO] 
[INFO] --- remote-resources:3.3.0:process (default) @ hdds-server-scm ---
[INFO] Preparing remote bundle org.apache.ozone:ozone-dev-support:2.3.0-SNAPSHOT
[INFO] Copying 2 resources from 1 bundle.
[INFO] 
[INFO] --- resources:3.5.0:resources (default-resources) @ hdds-server-scm ---
[INFO] Copying 5 resources from src/main/resources to target/classes
[INFO] Copying 2 resources from target/maven-shared-archive-resources to target/classes
[INFO] 
[INFO] --- compiler:3.15.0:compile (default-compile) @ hdds-server-scm ---
[INFO] Compiling 337 source files with javac [debug release 8] to target/classes
[WARNING] source value 8 is obsolete and will be removed in a future release
[WARNING] target value 8 is obsolete and will be removed in a future release
[WARNING] To suppress warnings about obsolete options, use -Xlint:-options.
[INFO] /home/runner/work/ozone/ozone/hadoop-hdds/server-scm/src/main/java/org/apache/hadoop/hdds/scm/security/RootCARotationManager.java: Some input files use or override a deprecated API.
[INFO] /home/runner/work/ozone/ozone/hadoop-hdds/server-scm/src/main/java/org/apache/hadoop/hdds/scm/security/RootCARotationManager.java: Recompile with -Xlint:deprecation for details.
[INFO] /home/runner/work/ozone/ozone/hadoop-hdds/server-scm/src/main/java/org/apache/hadoop/hdds/scm/server/SCMDatanodeHeartbeatDispatcher.java: Some input files use unchecked or unsafe operations.
[INFO] /home/runner/work/ozone/ozone/hadoop-hdds/server-scm/src/main/java/org/apache/hadoop/hdds/scm/server/SCMDatanodeHeartbeatDispatcher.java: Recompile with -Xlint:unchecked for details.
[INFO] 
[INFO] --- protobuf:0.6.1:test-compile (compile-test-protobuf) @ hdds-server-scm ---
[INFO] Compiling 1 proto file(s) to /home/runner/work/ozone/ozone/hadoop-hdds/server-scm/target/generated-test-sources/protobuf/java
[INFO] 
[INFO] --- resources:3.5.0:testResources (default-testResources) @ hdds-server-scm ---
[INFO] skip non existing resourceDirectory /home/runner/work/ozone/ozone/hadoop-hdds/server-scm/../../hdds/common/src/main/resources
[INFO] Copying 7 resources from src/test/resources to target/test-classes
[INFO] Copying 2 resources from target/maven-shared-archive-resources to target/test-classes
[INFO] Copying 1 resource from src/test/proto to target/test-classes
[INFO] 
[INFO] --- compiler:3.15.0:testCompile (default-testCompile) @ hdds-server-scm ---
[INFO] Compiling 186 source files with javac [debug release 8] to target/test-classes
[WARNING] source value 8 is obsolete and will be removed in a future release
[WARNING] target value 8 is obsolete and will be removed in a future release
[WARNING] To suppress warnings about obsolete options, use -Xlint:-options.
[INFO] /home/runner/work/ozone/ozone/hadoop-hdds/server-scm/src/test/java/org/apache/hadoop/hdds/scm/HddsTestUtils.java: Some input files use or override a deprecated API.
[INFO] /home/runner/work/ozone/ozone/hadoop-hdds/server-scm/src/test/java/org/apache/hadoop/hdds/scm/HddsTestUtils.java: Recompile with -Xlint:deprecation for details.
[INFO] /home/runner/work/ozone/ozone/hadoop-hdds/server-scm/src/test/java/org/apache/hadoop/hdds/scm/block/TestDeletedBlockLog.java: Some input files use unchecked or unsafe operations.
[INFO] /home/runner/work/ozone/ozone/hadoop-hdds/server-scm/src/test/java/org/apache/hadoop/hdds/scm/block/TestDeletedBlockLog.java: Recompile with -Xlint:unchecked for details.
[INFO] 
[INFO] --- surefire:3.5.2:test (default-test) @ hdds-server-scm ---
[INFO] Using auto detected provider org.apache.maven.surefire.junitplatform.JUnitPlatformProvider
[INFO] Using auto detected provider org.apache.maven.surefire.junitplatform.JUnitPlatformProvider
[INFO] 
[INFO] --- dependency:3.11.0:copy-dependencies (copy-jars) @ hdds-server-scm ---
[INFO] 
[INFO] --- dependency:3.11.0:unpack (copy-common-html) @ hdds-server-scm ---
[INFO] 
[INFO] --- jar:3.5.1:jar (default-jar) @ hdds-server-scm ---
[INFO] Building jar: /home/runner/work/ozone/ozone/hadoop-hdds/server-scm/target/hdds-server-scm-2.3.0-SNAPSHOT.jar
[INFO] 
[INFO] --- jar:3.5.1:test-jar (default) @ hdds-server-scm ---
[INFO] Building jar: /home/runner/work/ozone/ozone/hadoop-hdds/server-scm/target/hdds-server-scm-2.3.0-SNAPSHOT-tests.jar
[INFO] 
[INFO] --- dependency:3.11.0:analyze-only (analyze) @ hdds-server-scm ---
[INFO] No dependency problems found
[INFO] 
[INFO] -----------------------< org.apache.ozone:ozone >-----------------------
[INFO] Building Apache Ozone 2.3.0-SNAPSHOT                             [24/55]
[INFO]   from hadoop-ozone/pom.xml
[INFO] --------------------------------[ pom ]---------------------------------
[INFO] 
[INFO] --- sortpom:3.0.1:verify (default) @ ozone ---
[INFO] Verifying file /home/runner/work/ozone/ozone/hadoop-ozone/pom.xml
[INFO] 
[INFO] --- jacoco:0.8.15:prepare-agent (default-prepare-agent) @ ozone ---
[INFO] argLine set to -javaagent:/home/runner/.m2/repository/org/jacoco/org.jacoco.agent/0.8.15/org.jacoco.agent-0.8.15-runtime.jar=destfile=/home/runner/work/ozone/ozone/hadoop-ozone/target/jacoco.exec,includes=org.apache.hadoop.hdds.*:org.apache.hadoop.ozone.*:org.apache.hadoop.fs.ozone.*:org.apache.ozone.*:org.apache.hadoop.io_.*:org.apache.hadoop.ipc_.*:org.apache.hadoop.security_.*
[INFO] 
[INFO] --- enforcer:3.6.3:enforce (banned-rocksdb-imports) @ ozone ---
[INFO] Rule 0: org.apache.maven.plugins.enforcer.RestrictImports passed
[INFO] 
[INFO] --- enforcer:3.6.3:enforce (ban-imports) @ ozone ---
[INFO] Rule 0: org.apache.maven.plugins.enforcer.RestrictImports passed
[INFO] Rule 1: org.apache.maven.plugins.enforcer.RestrictImports passed
[INFO] Rule 2: org.apache.maven.plugins.enforcer.RestrictImports passed
[INFO] Rule 3: org.apache.maven.plugins.enforcer.RestrictImports passed
[INFO] Rule 4: org.apache.maven.plugins.enforcer.RestrictImports passed
[WARNING] EXPERIMENTAL FEATURE enabled. You have enabled full-compilation-unit parsing. Please be aware that experimental features might get removed or changed. Please share your feedback!
[INFO] Rule 5: org.apache.maven.plugins.enforcer.RestrictImports passed
[INFO] Rule 6: org.apache.maven.plugins.enforcer.RestrictImports passed
[INFO] Rule 7: org.apache.maven.plugins.enforcer.RestrictImports passed
[INFO] Rule 8: org.apache.maven.plugins.enforcer.RestrictImports passed
[INFO] Rule 9: org.apache.maven.plugins.enforcer.RestrictImports passed
[INFO] Rule 10: org.apache.maven.plugins.enforcer.RestrictImports passed
[INFO] Rule 11: org.apache.maven.plugins.enforcer.RestrictImports passed
[INFO] Rule 12: org.apache.maven.plugins.enforcer.RestrictImports passed
[INFO] 
[INFO] --- enforcer:3.6.3:enforce (ban-annotations) @ ozone ---
[INFO] Rule 0: org.apache.maven.plugins.enforcer.RestrictImports passed
[INFO] 
[INFO] --- dependency:3.11.0:build-classpath (add-classpath-descriptor) @ ozone ---
[INFO] Skipping plugin execution
[INFO] 
[INFO] --- remote-resources:3.3.0:process (default) @ ozone ---
[INFO] Preparing remote bundle org.apache.ozone:ozone-dev-support:2.3.0-SNAPSHOT
[INFO] Copying 2 resources from 1 bundle.
[INFO] 
[INFO] --- dependency:3.11.0:copy-dependencies (copy-jars) @ ozone ---
[INFO] Skipping plugin execution
[INFO] 
[INFO] --- jar:3.5.1:test-jar (default) @ ozone ---
[WARNING] JAR will be empty - no content was marked for inclusion!
[INFO] Building jar: /home/runner/work/ozone/ozone/hadoop-ozone/target/ozone-2.3.0-SNAPSHOT-tests.jar
[INFO] 
[INFO] --- dependency:3.11.0:analyze-only (analyze) @ ozone ---
[INFO] Skipping pom project
[INFO] 
[INFO] --------------< org.apache.ozone:ozone-interface-client >---------------
[INFO] Building Apache Ozone Client Interface 2.3.0-SNAPSHOT            [25/55]
[INFO]   from hadoop-ozone/interface-client/pom.xml
[INFO] --------------------------------[ jar ]---------------------------------
[INFO] 
[INFO] --- sortpom:3.0.1:verify (default) @ ozone-interface-client ---
[INFO] Verifying file /home/runner/work/ozone/ozone/hadoop-ozone/interface-client/pom.xml
[INFO] 
[INFO] --- jacoco:0.8.15:prepare-agent (default-prepare-agent) @ ozone-interface-client ---
[INFO] argLine set to -javaagent:/home/runner/.m2/repository/org/jacoco/org.jacoco.agent/0.8.15/org.jacoco.agent-0.8.15-runtime.jar=destfile=/home/runner/work/ozone/ozone/hadoop-ozone/interface-client/target/jacoco.exec,includes=org.apache.hadoop.hdds.*:org.apache.hadoop.ozone.*:org.apache.hadoop.fs.ozone.*:org.apache.ozone.*:org.apache.hadoop.io_.*:org.apache.hadoop.ipc_.*:org.apache.hadoop.security_.*
[INFO] 
[INFO] --- protobuf:0.6.1:compile (compile-proto-3.25.9) @ ozone-interface-client ---
[INFO] Compiling 4 proto file(s) to /home/runner/work/ozone/ozone/hadoop-ozone/interface-client/target/generated-sources/proto-java-protobuf-3.25.9
[INFO] 
[INFO] --- protobuf:0.6.1:compile-custom (compile-proto-3.25.9) @ ozone-interface-client ---
[INFO] Compiling 4 proto file(s) to /home/runner/work/ozone/ozone/hadoop-ozone/interface-client/target/generated-sources/proto-java-protobuf-3.25.9
[INFO] 
[INFO] --- enforcer:3.6.3:enforce (banned-rocksdb-imports) @ ozone-interface-client ---
[INFO] Rule 0: org.apache.maven.plugins.enforcer.RestrictImports passed
[INFO] 
[INFO] --- enforcer:3.6.3:enforce (ban-imports) @ ozone-interface-client ---
[INFO] Rule 0: org.apache.maven.plugins.enforcer.RestrictImports passed
[INFO] Rule 1: org.apache.maven.plugins.enforcer.RestrictImports passed
[INFO] Rule 2: org.apache.maven.plugins.enforcer.RestrictImports passed
[INFO] Rule 3: org.apache.maven.plugins.enforcer.RestrictImports passed
[INFO] Rule 4: org.apache.maven.plugins.enforcer.RestrictImports passed
[WARNING] EXPERIMENTAL FEATURE enabled. You have enabled full-compilation-unit parsing. Please be aware that experimental features might get removed or changed. Please share your feedback!
[INFO] Rule 5: org.apache.maven.plugins.enforcer.RestrictImports passed
[INFO] Rule 6: org.apache.maven.plugins.enforcer.RestrictImports passed
[INFO] Rule 7: org.apache.maven.plugins.enforcer.RestrictImports passed
[INFO] Rule 8: org.apache.maven.plugins.enforcer.RestrictImports passed
[INFO] Rule 9: org.apache.maven.plugins.enforcer.RestrictImports passed
[INFO] Rule 10: org.apache.maven.plugins.enforcer.RestrictImports passed
[INFO] Rule 11: org.apache.maven.plugins.enforcer.RestrictImports passed
[INFO] Rule 12: org.apache.maven.plugins.enforcer.RestrictImports passed
[INFO] 
[INFO] --- enforcer:3.6.3:enforce (ban-annotations) @ ozone-interface-client ---
[INFO] Rule 0: org.apache.maven.plugins.enforcer.RestrictImports passed
[INFO] 
[INFO] --- dependency:3.11.0:build-classpath (add-classpath-descriptor) @ ozone-interface-client ---
[INFO] Skipping plugin execution
[INFO] 
[INFO] --- remote-resources:3.3.0:process (default) @ ozone-interface-client ---
[INFO] Preparing remote bundle org.apache.ozone:ozone-dev-support:2.3.0-SNAPSHOT
[INFO] Copying 2 resources from 1 bundle.
[INFO] 
[INFO] --- resources:3.5.0:resources (default-resources) @ ozone-interface-client ---
[INFO] Copying 1 resource from src/main/resources to target/classes
[INFO] Copying 4 resources from src/main/proto to target/classes
[INFO] Copying 4 resources from src/main/proto to target/classes
[INFO] Copying 2 resources from target/maven-shared-archive-resources to target/classes
[INFO] 
[INFO] --- compiler:3.15.0:compile (default-compile) @ ozone-interface-client ---
[INFO] Compiling 7 source files with javac [debug release 8] to target/classes
[WARNING] source value 8 is obsolete and will be removed in a future release
[WARNING] target value 8 is obsolete and will be removed in a future release
[WARNING] To suppress warnings about obsolete options, use -Xlint:-options.
[INFO] /home/runner/work/ozone/ozone/hadoop-ozone/interface-client/target/generated-sources/proto-java-protobuf-3.25.9/org/apache/hadoop/ozone/protocol/proto/OzoneManagerProtocolProtos.java: /home/runner/work/ozone/ozone/hadoop-ozone/interface-client/target/generated-sources/proto-java-protobuf-3.25.9/org/apache/hadoop/ozone/protocol/proto/OzoneManagerProtocolProtos.java uses or overrides a deprecated API.
[INFO] /home/runner/work/ozone/ozone/hadoop-ozone/interface-client/target/generated-sources/proto-java-protobuf-3.25.9/org/apache/hadoop/ozone/protocol/proto/OzoneManagerProtocolProtos.java: Recompile with -Xlint:deprecation for details.
[INFO] 
[INFO] --- protobuf:0.6.1:test-compile (compile-proto-3.25.9) @ ozone-interface-client ---
[INFO] /home/runner/work/ozone/ozone/hadoop-ozone/interface-client/src/test/proto does not exist. Review the configuration or consider disabling the plugin.
[INFO] 
[INFO] --- protobuf:0.6.1:test-compile-custom (compile-proto-3.25.9) @ ozone-interface-client ---
[INFO] /home/runner/work/ozone/ozone/hadoop-ozone/interface-client/src/test/proto does not exist. Review the configuration or consider disabling the plugin.
[INFO] 
[INFO] --- resources:3.5.0:testResources (default-testResources) @ ozone-interface-client ---
[INFO] Not copying test resources
[INFO] 
[INFO] --- compiler:3.15.0:testCompile (default-testCompile) @ ozone-interface-client ---
[INFO] Skipped
[INFO] 
[INFO] --- surefire:3.5.2:test (default-test) @ ozone-interface-client ---
[INFO] Skipped
[INFO] 
[INFO] --- dependency:3.11.0:copy-dependencies (copy-jars) @ ozone-interface-client ---
[INFO] Skipping plugin execution
[INFO] 
[INFO] --- jar:3.5.1:jar (default-jar) @ ozone-interface-client ---
[INFO] Building jar: /home/runner/work/ozone/ozone/hadoop-ozone/interface-client/target/ozone-interface-client-2.3.0-SNAPSHOT.jar
[INFO] 
[INFO] --- jar:3.5.1:test-jar (default) @ ozone-interface-client ---
[INFO] Skipping packaging of the test-jar
[INFO] 
[INFO] --- dependency:3.11.0:analyze-only (analyze) @ ozone-interface-client ---
[INFO] No dependency problems found
[INFO] 
[INFO] --- proto-backwards-compatibility:1.0.7:backwards-compatibility-check (default) @ ozone-interface-client ---
[INFO] protolock cmd line: /home/runner/work/ozone/ozone/hadoop-ozone/interface-client/target/protolock-bin/protolock status --lockdir=/home/runner/work/ozone/ozone/hadoop-ozone/interface-client/target/classes --protoroot=/home/runner/work/ozone/ozone/hadoop-ozone/interface-client/target/classes
[INFO] protolock cmd line: /home/runner/work/ozone/ozone/hadoop-ozone/interface-client/target/protolock-bin/protolock commit --lockdir=/home/runner/work/ozone/ozone/hadoop-ozone/interface-client/target/classes --protoroot=/home/runner/work/ozone/ozone/hadoop-ozone/interface-client/target/classes
[INFO] Backwards compatibility check passed.
[INFO] 
[INFO] -------------------< org.apache.ozone:ozone-common >--------------------
[INFO] Building Apache Ozone Common 2.3.0-SNAPSHOT                      [26/55]
[INFO]   from hadoop-ozone/common/pom.xml
[INFO] --------------------------------[ jar ]---------------------------------
[INFO] 
[INFO] --- sortpom:3.0.1:verify (default) @ ozone-common ---
[INFO] Verifying file /home/runner/work/ozone/ozone/hadoop-ozone/common/pom.xml
[INFO] 
[INFO] --- jacoco:0.8.15:prepare-agent (default-prepare-agent) @ ozone-common ---
[INFO] argLine set to -javaagent:/home/runner/.m2/repository/org/jacoco/org.jacoco.agent/0.8.15/org.jacoco.agent-0.8.15-runtime.jar=destfile=/home/runner/work/ozone/ozone/hadoop-ozone/common/target/jacoco.exec,includes=org.apache.hadoop.hdds.*:org.apache.hadoop.ozone.*:org.apache.hadoop.fs.ozone.*:org.apache.ozone.*:org.apache.hadoop.io_.*:org.apache.hadoop.ipc_.*:org.apache.hadoop.security_.*
[INFO] 
[INFO] --- enforcer:3.6.3:enforce (banned-rocksdb-imports) @ ozone-common ---
[INFO] Rule 0: org.apache.maven.plugins.enforcer.RestrictImports passed
[INFO] 
[INFO] --- enforcer:3.6.3:enforce (ban-imports) @ ozone-common ---
[INFO] Rule 0: org.apache.maven.plugins.enforcer.RestrictImports passed
[INFO] Rule 1: org.apache.maven.plugins.enforcer.RestrictImports passed
[INFO] Rule 2: org.apache.maven.plugins.enforcer.RestrictImports passed
[INFO] Rule 3: org.apache.maven.plugins.enforcer.RestrictImports passed
[INFO] Rule 4: org.apache.maven.plugins.enforcer.RestrictImports passed
[WARNING] EXPERIMENTAL FEATURE enabled. You have enabled full-compilation-unit parsing. Please be aware that experimental features might get removed or changed. Please share your feedback!
[INFO] Rule 5: org.apache.maven.plugins.enforcer.RestrictImports passed
[INFO] Rule 6: org.apache.maven.plugins.enforcer.RestrictImports passed
[INFO] Rule 7: org.apache.maven.plugins.enforcer.RestrictImports passed
[INFO] Rule 8: org.apache.maven.plugins.enforcer.RestrictImports passed
[INFO] Rule 9: org.apache.maven.plugins.enforcer.RestrictImports passed
[INFO] Rule 10: org.apache.maven.plugins.enforcer.RestrictImports passed
[INFO] Rule 11: org.apache.maven.plugins.enforcer.RestrictImports passed
[INFO] Rule 12: org.apache.maven.plugins.enforcer.RestrictImports passed
[INFO] 
[INFO] --- enforcer:3.6.3:enforce (ban-annotations) @ ozone-common ---
[INFO] Rule 0: org.apache.maven.plugins.enforcer.RestrictImports passed
[INFO] 
[INFO] --- dependency:3.11.0:build-classpath (add-classpath-descriptor) @ ozone-common ---
[INFO] Skipping plugin execution
[INFO] 
[INFO] --- remote-resources:3.3.0:process (default) @ ozone-common ---
[INFO] Preparing remote bundle org.apache.ozone:ozone-dev-support:2.3.0-SNAPSHOT
[INFO] Copying 2 resources from 1 bundle.
[INFO] 
[INFO] --- hadoops:3.4.3:version-info (version-info) @ ozone-common ---
[INFO] SCM: GIT
[INFO] Computed MD5: 334e752d70326d6be713a9e070289b
[INFO] 
[INFO] --- resources:3.5.0:resources (default-resources) @ ozone-common ---
[INFO] Copying 0 resource from src/main/resources to target/classes
[INFO] Copying 1 resource from src/main/resources to target/classes
[INFO] Copying 2 resources from target/maven-shared-archive-resources to target/classes
[INFO] The encoding used to copy filtered properties files has not been set. This means that the same encoding will be used to copy filtered properties files as when copying other filtered resources. This might not be what you want! Run your build with --debug to see which files might be affected. Read more at https://maven.apache.org/plugins/maven-resources-plugin/examples/filtering-properties-files.html
[INFO] 
[INFO] --- compiler:3.15.0:compile (default-compile) @ ozone-common ---
[INFO] Compiling 178 source files with javac [debug release 8] to target/classes
[WARNING] source value 8 is obsolete and will be removed in a future release
[WARNING] target value 8 is obsolete and will be removed in a future release
[WARNING] To suppress warnings about obsolete options, use -Xlint:-options.
[INFO] /home/runner/work/ozone/ozone/hadoop-ozone/common/src/main/java/org/apache/hadoop/ozone/om/helpers/OmLCRule.java: Some input files use or override a deprecated API.
[INFO] /home/runner/work/ozone/ozone/hadoop-ozone/common/src/main/java/org/apache/hadoop/ozone/om/helpers/OmLCRule.java: Recompile with -Xlint:deprecation for details.
[INFO] /home/runner/work/ozone/ozone/hadoop-ozone/common/src/main/java/org/apache/hadoop/ozone/security/OzoneDelegationTokenSelector.java: Some input files use unchecked or unsafe operations.
[INFO] /home/runner/work/ozone/ozone/hadoop-ozone/common/src/main/java/org/apache/hadoop/ozone/security/OzoneDelegationTokenSelector.java: Recompile with -Xlint:unchecked for details.
[INFO] 
[INFO] --- resources:3.5.0:testResources (default-testResources) @ ozone-common ---
[INFO] Copying 1 resource from src/test/resources to target/test-classes
[INFO] Copying 2 resources from target/maven-shared-archive-resources to target/test-classes
[INFO] 
[INFO] --- compiler:3.15.0:testCompile (default-testCompile) @ ozone-common ---
[INFO] Compiling 57 source files with javac [debug release 8] to target/test-classes
[WARNING] source value 8 is obsolete and will be removed in a future release
[WARNING] target value 8 is obsolete and will be removed in a future release
[WARNING] To suppress warnings about obsolete options, use -Xlint:-options.
[INFO] /home/runner/work/ozone/ozone/hadoop-ozone/common/src/test/java/org/apache/hadoop/ozone/om/helpers/OldSnapshotDiffJobCodecForTesting.java: Some input files use or override a deprecated API.
[INFO] /home/runner/work/ozone/ozone/hadoop-ozone/common/src/test/java/org/apache/hadoop/ozone/om/helpers/OldSnapshotDiffJobCodecForTesting.java: Recompile with -Xlint:deprecation for details.
[INFO] /home/runner/work/ozone/ozone/hadoop-ozone/common/src/test/java/org/apache/hadoop/ozone/om/helpers/TestOmKeyInfo.java: Some input files use unchecked or unsafe operations.
[INFO] /home/runner/work/ozone/ozone/hadoop-ozone/common/src/test/java/org/apache/hadoop/ozone/om/helpers/TestOmKeyInfo.java: Recompile with -Xlint:unchecked for details.
[INFO] 
[INFO] --- surefire:3.5.2:test (default-test) @ ozone-common ---
[INFO] Using auto detected provider org.apache.maven.surefire.junitplatform.JUnitPlatformProvider
[INFO] Using auto detected provider org.apache.maven.surefire.junitplatform.JUnitPlatformProvider
[INFO] Using auto detected provider org.apache.maven.surefire.junitplatform.JUnitPlatformProvider
[INFO] 
[INFO] -------------------------------------------------------
[INFO]  T E S T S
[INFO] -------------------------------------------------------
[INFO] Running org.apache.hadoop.ozone.om.protocolPB.grpc.TestClientAddressClientInterceptor
[INFO] Tests run: 1, Failures: 0, Errors: 0, Skipped: 0, Time elapsed: 1.123 s -- in org.apache.hadoop.ozone.om.protocolPB.grpc.TestClientAddressClientInterceptor
[INFO] Running org.apache.hadoop.ozone.om.protocolPB.grpc.TestClientAddressServerInterceptor
[INFO] Tests run: 1, Failures: 0, Errors: 0, Skipped: 0, Time elapsed: 0.902 s -- in org.apache.hadoop.ozone.om.protocolPB.grpc.TestClientAddressServerInterceptor
[INFO] Running org.apache.hadoop.ozone.om.protocolPB.TestOzoneManagerProtocolClientSideTranslatorPB
[INFO] Tests run: 3, Failures: 0, Errors: 0, Skipped: 0, Time elapsed: 1.414 s -- in org.apache.hadoop.ozone.om.protocolPB.TestOzoneManagerProtocolClientSideTranslatorPB
[INFO] Running org.apache.hadoop.ozone.om.protocolPB.TestOmTransportFactory
[INFO] Tests run: 2, Failures: 0, Errors: 0, Skipped: 0, Time elapsed: 1.060 s -- in org.apache.hadoop.ozone.om.protocolPB.TestOmTransportFactory
[INFO] Running org.apache.hadoop.ozone.om.protocolPB.TestGrpcOmTransportConcurrentFailover
[INFO] Tests run: 1, Failures: 0, Errors: 0, Skipped: 0, Time elapsed: 4.950 s -- in org.apache.hadoop.ozone.om.protocolPB.TestGrpcOmTransportConcurrentFailover
[INFO] Running org.apache.hadoop.ozone.om.protocolPB.TestS3GrpcOmTransport
[INFO] Tests run: 11, Failures: 0, Errors: 0, Skipped: 0, Time elapsed: 4.970 s -- in org.apache.hadoop.ozone.om.protocolPB.TestS3GrpcOmTransport
[INFO] Running org.apache.hadoop.ozone.om.TestOmConfig
[INFO] Tests run: 6, Failures: 0, Errors: 0, Skipped: 0, Time elapsed: 0.435 s -- in org.apache.hadoop.ozone.om.TestOmConfig
[INFO] Running org.apache.hadoop.ozone.om.exceptions.TestResultCodes
[INFO] Tests run: 1, Failures: 0, Errors: 0, Skipped: 0, Time elapsed: 0.064 s -- in org.apache.hadoop.ozone.om.exceptions.TestResultCodes
[INFO] Running org.apache.hadoop.ozone.om.helpers.TestOmLifeCycleConfiguration
[INFO] Tests run: 7, Failures: 0, Errors: 0, Skipped: 0, Time elapsed: 0.236 s -- in org.apache.hadoop.ozone.om.helpers.TestOmLifeCycleConfiguration
[INFO] Running org.apache.hadoop.ozone.om.helpers.TestOmSnapshotDiffJobCodec
[INFO] Tests run: 1, Failures: 0, Errors: 0, Skipped: 0, Time elapsed: 0.287 s -- in org.apache.hadoop.ozone.om.helpers.TestOmSnapshotDiffJobCodec
[INFO] Running org.apache.hadoop.ozone.om.helpers.TestOmMultipartUpload
[INFO] Tests run: 1, Failures: 0, Errors: 0, Skipped: 0, Time elapsed: 0.049 s -- in org.apache.hadoop.ozone.om.helpers.TestOmMultipartUpload
[INFO] Running org.apache.hadoop.ozone.om.helpers.TestQuotaUtil
[INFO] Tests run: 10, Failures: 0, Errors: 0, Skipped: 0, Time elapsed: 0.134 s -- in org.apache.hadoop.ozone.om.helpers.TestQuotaUtil
[INFO] Running org.apache.hadoop.ozone.om.helpers.TestAclListBuilder
[INFO] Tests run: 12, Failures: 0, Errors: 0, Skipped: 0, Time elapsed: 0.277 s -- in org.apache.hadoop.ozone.om.helpers.TestAclListBuilder
[INFO] Running org.apache.hadoop.ozone.om.helpers.TestOmLifecycleRuleAndOperator
[INFO] Tests run: 4, Failures: 0, Errors: 0, Skipped: 0, Time elapsed: 0.152 s -- in org.apache.hadoop.ozone.om.helpers.TestOmLifecycleRuleAndOperator
[INFO] Running org.apache.hadoop.ozone.om.helpers.TestOmMultipartPartKey
[INFO] Tests run: 55, Failures: 0, Errors: 0, Skipped: 0, Time elapsed: 0.426 s -- in org.apache.hadoop.ozone.om.helpers.TestOmMultipartPartKey
[INFO] Running org.apache.hadoop.ozone.om.helpers.TestOmKeyArgs
[INFO] Tests run: 2, Failures: 0, Errors: 0, Skipped: 0, Time elapsed: 0.125 s -- in org.apache.hadoop.ozone.om.helpers.TestOmKeyArgs
[INFO] Running org.apache.hadoop.ozone.om.helpers.TestOmVolumeArgs
[INFO] Tests run: 4, Failures: 0, Errors: 0, Skipped: 0, Time elapsed: 0.300 s -- in org.apache.hadoop.ozone.om.helpers.TestOmVolumeArgs
[INFO] Running org.apache.hadoop.ozone.om.helpers.TestOmMultipartKeyInfo
[INFO] Tests run: 6, Failures: 0, Errors: 0, Skipped: 0, Time elapsed: 0.265 s -- in org.apache.hadoop.ozone.om.helpers.TestOmMultipartKeyInfo
[INFO] Running org.apache.hadoop.ozone.om.helpers.TestOMNodeDetails
[INFO] Tests run: 17, Failures: 0, Errors: 0, Skipped: 0, Time elapsed: 0.404 s -- in org.apache.hadoop.ozone.om.helpers.TestOMNodeDetails
[INFO] Running org.apache.hadoop.ozone.om.helpers.TestOmSnapshotInfo
[INFO] Tests run: 4, Failures: 0, Errors: 0, Skipped: 0, Time elapsed: 0.225 s -- in org.apache.hadoop.ozone.om.helpers.TestOmSnapshotInfo
[INFO] Running org.apache.hadoop.ozone.om.helpers.TestOmLCFilter
[INFO] Tests run: 5, Failures: 0, Errors: 0, Skipped: 0, Time elapsed: 0.178 s -- in org.apache.hadoop.ozone.om.helpers.TestOmLCFilter
[INFO] Running org.apache.hadoop.ozone.om.helpers.TestOmLCExpiration
[INFO] Tests run: 4, Failures: 0, Errors: 0, Skipped: 0, Time elapsed: 0.129 s -- in org.apache.hadoop.ozone.om.helpers.TestOmLCExpiration
[INFO] Running org.apache.hadoop.ozone.om.helpers.TestOmLCAbortIncompleteMultipartUpload
[INFO] Tests run: 5, Failures: 0, Errors: 0, Skipped: 0, Time elapsed: 0.126 s -- in org.apache.hadoop.ozone.om.helpers.TestOmLCAbortIncompleteMultipartUpload
[INFO] Running org.apache.hadoop.ozone.om.helpers.TestOmMultipartPartInfo
[INFO] Tests run: 4, Failures: 0, Errors: 0, Skipped: 0, Time elapsed: 0.260 s -- in org.apache.hadoop.ozone.om.helpers.TestOmMultipartPartInfo
[INFO] Running org.apache.hadoop.ozone.om.helpers.TestOzoneFsUtils
[INFO] Tests run: 10, Failures: 0, Errors: 0, Skipped: 0, Time elapsed: 0.405 s -- in org.apache.hadoop.ozone.om.helpers.TestOzoneFsUtils
[INFO] Running org.apache.hadoop.ozone.om.helpers.TestOmLCRule
[INFO] Tests run: 15, Failures: 0, Errors: 0, Skipped: 0, Time elapsed: 0.295 s -- in org.apache.hadoop.ozone.om.helpers.TestOmLCRule
[INFO] Running org.apache.hadoop.ozone.om.helpers.TestMapBuilder
[INFO] Tests run: 12, Failures: 0, Errors: 0, Skipped: 0, Time elapsed: 0.215 s -- in org.apache.hadoop.ozone.om.helpers.TestMapBuilder
[INFO] Running org.apache.hadoop.ozone.om.helpers.TestOmBucketInfo
[INFO] Tests run: 6, Failures: 0, Errors: 0, Skipped: 0, Time elapsed: 0.271 s -- in org.apache.hadoop.ozone.om.helpers.TestOmBucketInfo
[INFO] Running org.apache.hadoop.ozone.om.helpers.TestOmLifecycleScanState
[INFO] Tests run: 2, Failures: 0, Errors: 0, Skipped: 0, Time elapsed: 0.167 s -- in org.apache.hadoop.ozone.om.helpers.TestOmLifecycleScanState
[INFO] Running org.apache.hadoop.ozone.om.helpers.TestOmKeyInfo
[INFO] Tests run: 4, Failures: 0, Errors: 0, Skipped: 0, Time elapsed: 0.299 s -- in org.apache.hadoop.ozone.om.helpers.TestOmKeyInfo
[INFO] Running org.apache.hadoop.ozone.om.helpers.TestOmBucketArgs
[INFO] Tests run: 2, Failures: 0, Errors: 0, Skipped: 0, Time elapsed: 0.143 s -- in org.apache.hadoop.ozone.om.helpers.TestOmBucketArgs
[INFO] Running org.apache.hadoop.ozone.om.helpers.TestOmKeyLocationInfoGroup
[INFO] Tests run: 3, Failures: 0, Errors: 0, Skipped: 0, Time elapsed: 0.069 s -- in org.apache.hadoop.ozone.om.helpers.TestOmKeyLocationInfoGroup
[INFO] Running org.apache.hadoop.ozone.om.helpers.TestOzoneIdentityProvider
[INFO] Tests run: 3, Failures: 0, Errors: 0, Skipped: 0, Time elapsed: 0.170 s -- in org.apache.hadoop.ozone.om.helpers.TestOzoneIdentityProvider
[INFO] Running org.apache.hadoop.ozone.om.helpers.TestOzoneAclUtil
[INFO] Tests run: 3, Failures: 0, Errors: 0, Skipped: 0, Time elapsed: 0.399 s -- in org.apache.hadoop.ozone.om.helpers.TestOzoneAclUtil
[INFO] Running org.apache.hadoop.ozone.om.ha.TestOMFailoverProxyProvider
[INFO] Tests run: 8, Failures: 0, Errors: 0, Skipped: 0, Time elapsed: 0.481 s -- in org.apache.hadoop.ozone.om.ha.TestOMFailoverProxyProvider
[INFO] Running org.apache.hadoop.ozone.om.ha.TestOMProxyInfoDnsRefresh
[INFO] Tests run: 4, Failures: 0, Errors: 0, Skipped: 0, Time elapsed: 0.239 s -- in org.apache.hadoop.ozone.om.ha.TestOMProxyInfoDnsRefresh
[INFO] Running org.apache.hadoop.ozone.om.ha.TestOMFailoverProxyProviderRefreshWired
[INFO] Tests run: 5, Failures: 0, Errors: 0, Skipped: 0, Time elapsed: 0.435 s -- in org.apache.hadoop.ozone.om.ha.TestOMFailoverProxyProviderRefreshWired
[INFO] Running org.apache.hadoop.ozone.om.ha.TestHadoopRpcOMFollowerReadFailoverProxyProvider
[INFO] Tests run: 18, Failures: 0, Errors: 0, Skipped: 0, Time elapsed: 9.267 s -- in org.apache.hadoop.ozone.om.ha.TestHadoopRpcOMFollowerReadFailoverProxyProvider
[INFO] 
[INFO] Results:
[INFO] 
[INFO] Tests run: 262, Failures: 0, Errors: 0, Skipped: 0
[INFO] 
[INFO] 
[INFO] --- dependency:3.11.0:copy-dependencies (copy-jars) @ ozone-common ---
[INFO] Skipping plugin execution
[INFO] 
[INFO] --- jar:3.5.1:jar (default-jar) @ ozone-common ---
[INFO] Building jar: /home/runner/work/ozone/ozone/hadoop-ozone/common/target/ozone-common-2.3.0-SNAPSHOT.jar
[INFO] 
[INFO] --- jar:3.5.1:test-jar (default) @ ozone-common ---
[INFO] Building jar: /home/runner/work/ozone/ozone/hadoop-ozone/common/target/ozone-common-2.3.0-SNAPSHOT-tests.jar
[INFO] 
[INFO] --- dependency:3.11.0:analyze-only (analyze) @ ozone-common ---
[INFO] No dependency problems found
[INFO] 
[INFO] -------------------< org.apache.ozone:ozone-client >--------------------
[INFO] Building Apache Ozone Client 2.3.0-SNAPSHOT                      [27/55]
[INFO]   from hadoop-ozone/client/pom.xml
[INFO] --------------------------------[ jar ]---------------------------------
[INFO] 
[INFO] --- sortpom:3.0.1:verify (default) @ ozone-client ---
[INFO] Verifying file /home/runner/work/ozone/ozone/hadoop-ozone/client/pom.xml
[INFO] 
[INFO] --- jacoco:0.8.15:prepare-agent (default-prepare-agent) @ ozone-client ---
[INFO] argLine set to -javaagent:/home/runner/.m2/repository/org/jacoco/org.jacoco.agent/0.8.15/org.jacoco.agent-0.8.15-runtime.jar=destfile=/home/runner/work/ozone/ozone/hadoop-ozone/client/target/jacoco.exec,includes=org.apache.hadoop.hdds.*:org.apache.hadoop.ozone.*:org.apache.hadoop.fs.ozone.*:org.apache.ozone.*:org.apache.hadoop.io_.*:org.apache.hadoop.ipc_.*:org.apache.hadoop.security_.*
[INFO] 
[INFO] --- enforcer:3.6.3:enforce (banned-rocksdb-imports) @ ozone-client ---
[INFO] Rule 0: org.apache.maven.plugins.enforcer.RestrictImports passed
[INFO] 
[INFO] --- enforcer:3.6.3:enforce (ban-imports) @ ozone-client ---
[INFO] Rule 0: org.apache.maven.plugins.enforcer.RestrictImports passed
[INFO] Rule 1: org.apache.maven.plugins.enforcer.RestrictImports passed
[INFO] Rule 2: org.apache.maven.plugins.enforcer.RestrictImports passed
[INFO] Rule 3: org.apache.maven.plugins.enforcer.RestrictImports passed
[INFO] Rule 4: org.apache.maven.plugins.enforcer.RestrictImports passed
[WARNING] EXPERIMENTAL FEATURE enabled. You have enabled full-compilation-unit parsing. Please be aware that experimental features might get removed or changed. Please share your feedback!
[INFO] Rule 5: org.apache.maven.plugins.enforcer.RestrictImports passed
[INFO] Rule 6: org.apache.maven.plugins.enforcer.RestrictImports passed
[INFO] Rule 7: org.apache.maven.plugins.enforcer.RestrictImports passed
[INFO] Rule 8: org.apache.maven.plugins.enforcer.RestrictImports passed
[INFO] Rule 9: org.apache.maven.plugins.enforcer.RestrictImports passed
[INFO] Rule 10: org.apache.maven.plugins.enforcer.RestrictImports passed
[INFO] Rule 11: org.apache.maven.plugins.enforcer.RestrictImports passed
[INFO] Rule 12: org.apache.maven.plugins.enforcer.RestrictImports passed
[INFO] 
[INFO] --- enforcer:3.6.3:enforce (ban-annotations) @ ozone-client ---
[INFO] Rule 0: org.apache.maven.plugins.enforcer.RestrictImports passed
[INFO] 
[INFO] --- dependency:3.11.0:build-classpath (add-classpath-descriptor) @ ozone-client ---
[INFO] Skipping plugin execution
[INFO] 
[INFO] --- remote-resources:3.3.0:process (default) @ ozone-client ---
[INFO] Preparing remote bundle org.apache.ozone:ozone-dev-support:2.3.0-SNAPSHOT
[INFO] Copying 2 resources from 1 bundle.
[INFO] 
[INFO] --- resources:3.5.0:resources (default-resources) @ ozone-client ---
[INFO] skip non existing resourceDirectory /home/runner/work/ozone/ozone/hadoop-ozone/client/src/main/resources
[INFO] Copying 2 resources from target/maven-shared-archive-resources to target/classes
[INFO] 
[INFO] --- compiler:3.15.0:compile (default-compile) @ ozone-client ---
[INFO] Compiling 52 source files with javac [debug release 8] to target/classes
[WARNING] source value 8 is obsolete and will be removed in a future release
[WARNING] target value 8 is obsolete and will be removed in a future release
[WARNING] To suppress warnings about obsolete options, use -Xlint:-options.
[INFO] /home/runner/work/ozone/ozone/hadoop-ozone/client/src/main/java/org/apache/hadoop/ozone/client/ObjectStore.java: Some input files use or override a deprecated API.
[INFO] /home/runner/work/ozone/ozone/hadoop-ozone/client/src/main/java/org/apache/hadoop/ozone/client/ObjectStore.java: Recompile with -Xlint:deprecation for details.
[INFO] /home/runner/work/ozone/ozone/hadoop-ozone/client/src/main/java/org/apache/hadoop/ozone/client/OzoneBucket.java: Some input files use unchecked or unsafe operations.
[INFO] /home/runner/work/ozone/ozone/hadoop-ozone/client/src/main/java/org/apache/hadoop/ozone/client/OzoneBucket.java: Recompile with -Xlint:unchecked for details.
[INFO] 
[INFO] --- resources:3.5.0:testResources (default-testResources) @ ozone-client ---
[INFO] skip non existing resourceDirectory /home/runner/work/ozone/ozone/hadoop-ozone/client/src/test/resources
[INFO] Copying 2 resources from target/maven-shared-archive-resources to target/test-classes
[INFO] 
[INFO] --- compiler:3.15.0:testCompile (default-testCompile) @ ozone-client ---
[INFO] Compiling 28 source files with javac [debug release 8] to target/test-classes
[WARNING] source value 8 is obsolete and will be removed in a future release
[WARNING] target value 8 is obsolete and will be removed in a future release
[WARNING] To suppress warnings about obsolete options, use -Xlint:-options.
[INFO] /home/runner/work/ozone/ozone/hadoop-ozone/client/src/test/java/org/apache/hadoop/ozone/client/OzoneClientTestUtils.java: Some input files use or override a deprecated API.
[INFO] /home/runner/work/ozone/ozone/hadoop-ozone/client/src/test/java/org/apache/hadoop/ozone/client/OzoneClientTestUtils.java: Recompile with -Xlint:deprecation for details.
[INFO] /home/runner/work/ozone/ozone/hadoop-ozone/client/src/test/java/org/apache/hadoop/ozone/client/MockDatanodeStorage.java: /home/runner/work/ozone/ozone/hadoop-ozone/client/src/test/java/org/apache/hadoop/ozone/client/MockDatanodeStorage.java uses unchecked or unsafe operations.
[INFO] /home/runner/work/ozone/ozone/hadoop-ozone/client/src/test/java/org/apache/hadoop/ozone/client/MockDatanodeStorage.java: Recompile with -Xlint:unchecked for details.
[INFO] 
[INFO] --- surefire:3.5.2:test (default-test) @ ozone-client ---
[INFO] Using auto detected provider org.apache.maven.surefire.junitplatform.JUnitPlatformProvider
[INFO] Using auto detected provider org.apache.maven.surefire.junitplatform.JUnitPlatformProvider
[INFO] 
[INFO] --- dependency:3.11.0:copy-dependencies (copy-jars) @ ozone-client ---
[INFO] Skipping plugin execution
[INFO] 
[INFO] --- jar:3.5.1:jar (default-jar) @ ozone-client ---
[INFO] Building jar: /home/runner/work/ozone/ozone/hadoop-ozone/client/target/ozone-client-2.3.0-SNAPSHOT.jar
[INFO] 
[INFO] --- jar:3.5.1:test-jar (default) @ ozone-client ---
[INFO] Building jar: /home/runner/work/ozone/ozone/hadoop-ozone/client/target/ozone-client-2.3.0-SNAPSHOT-tests.jar
[INFO] 
[INFO] --- dependency:3.11.0:analyze-only (analyze) @ ozone-client ---
[INFO] No dependency problems found
[INFO] 
[INFO] --------------< org.apache.ozone:ozone-filesystem-common >--------------
[INFO] Building Apache Ozone FileSystem Common 2.3.0-SNAPSHOT           [28/55]
[INFO]   from hadoop-ozone/ozonefs-common/pom.xml
[INFO] --------------------------------[ jar ]---------------------------------
[INFO] 
[INFO] --- sortpom:3.0.1:verify (default) @ ozone-filesystem-common ---
[INFO] Verifying file /home/runner/work/ozone/ozone/hadoop-ozone/ozonefs-common/pom.xml
[INFO] 
[INFO] --- jacoco:0.8.15:prepare-agent (default-prepare-agent) @ ozone-filesystem-common ---
[INFO] argLine set to -javaagent:/home/runner/.m2/repository/org/jacoco/org.jacoco.agent/0.8.15/org.jacoco.agent-0.8.15-runtime.jar=destfile=/home/runner/work/ozone/ozone/hadoop-ozone/ozonefs-common/target/jacoco.exec,includes=org.apache.hadoop.hdds.*:org.apache.hadoop.ozone.*:org.apache.hadoop.fs.ozone.*:org.apache.ozone.*:org.apache.hadoop.io_.*:org.apache.hadoop.ipc_.*:org.apache.hadoop.security_.*
[INFO] 
[INFO] --- enforcer:3.6.3:enforce (banned-rocksdb-imports) @ ozone-filesystem-common ---
[INFO] Rule 0: org.apache.maven.plugins.enforcer.RestrictImports passed
[INFO] 
[INFO] --- enforcer:3.6.3:enforce (ban-imports) @ ozone-filesystem-common ---
[INFO] Rule 0: org.apache.maven.plugins.enforcer.RestrictImports passed
[INFO] Rule 1: org.apache.maven.plugins.enforcer.RestrictImports passed
[INFO] Rule 2: org.apache.maven.plugins.enforcer.RestrictImports passed
[INFO] Rule 3: org.apache.maven.plugins.enforcer.RestrictImports passed
[INFO] Rule 4: org.apache.maven.plugins.enforcer.RestrictImports passed
[WARNING] EXPERIMENTAL FEATURE enabled. You have enabled full-compilation-unit parsing. Please be aware that experimental features might get removed or changed. Please share your feedback!
[INFO] Rule 5: org.apache.maven.plugins.enforcer.RestrictImports passed
[INFO] Rule 6: org.apache.maven.plugins.enforcer.RestrictImports passed
[INFO] Rule 7: org.apache.maven.plugins.enforcer.RestrictImports passed
[INFO] Rule 8: org.apache.maven.plugins.enforcer.RestrictImports passed
[INFO] Rule 9: org.apache.maven.plugins.enforcer.RestrictImports passed
[INFO] Rule 10: org.apache.maven.plugins.enforcer.RestrictImports passed
[INFO] Rule 11: org.apache.maven.plugins.enforcer.RestrictImports passed
[INFO] Rule 12: org.apache.maven.plugins.enforcer.RestrictImports passed
[INFO] 
[INFO] --- enforcer:3.6.3:enforce (ban-annotations) @ ozone-filesystem-common ---
[INFO] Rule 0: org.apache.maven.plugins.enforcer.RestrictImports passed
[INFO] 
[INFO] --- dependency:3.11.0:build-classpath (add-classpath-descriptor) @ ozone-filesystem-common ---
[INFO] Skipping plugin execution
[INFO] 
[INFO] --- remote-resources:3.3.0:process (default) @ ozone-filesystem-common ---
[INFO] Preparing remote bundle org.apache.ozone:ozone-dev-support:2.3.0-SNAPSHOT
[INFO] Copying 2 resources from 1 bundle.
[INFO] 
[INFO] --- resources:3.5.0:resources (default-resources) @ ozone-filesystem-common ---
[INFO] skip non existing resourceDirectory /home/runner/work/ozone/ozone/hadoop-ozone/ozonefs-common/src/main/resources
[INFO] Copying 2 resources from target/maven-shared-archive-resources to target/classes
[INFO] 
[INFO] --- compiler:3.15.0:compile (default-compile) @ ozone-filesystem-common ---
[INFO] Compiling 24 source files with javac [debug release 8] to target/classes
[WARNING] source value 8 is obsolete and will be removed in a future release
[WARNING] target value 8 is obsolete and will be removed in a future release
[WARNING] To suppress warnings about obsolete options, use -Xlint:-options.
[INFO] /home/runner/work/ozone/ozone/hadoop-ozone/ozonefs-common/src/main/java/org/apache/hadoop/fs/ozone/BasicOzoneClientAdapterImpl.java: Some input files use or override a deprecated API.
[INFO] /home/runner/work/ozone/ozone/hadoop-ozone/ozonefs-common/src/main/java/org/apache/hadoop/fs/ozone/BasicOzoneClientAdapterImpl.java: Recompile with -Xlint:deprecation for details.
[INFO] /home/runner/work/ozone/ozone/hadoop-ozone/ozonefs-common/src/main/java/org/apache/hadoop/fs/ozone/OzoneDelegationTokenRenewer.java: /home/runner/work/ozone/ozone/hadoop-ozone/ozonefs-common/src/main/java/org/apache/hadoop/fs/ozone/OzoneDelegationTokenRenewer.java uses unchecked or unsafe operations.
[INFO] /home/runner/work/ozone/ozone/hadoop-ozone/ozonefs-common/src/main/java/org/apache/hadoop/fs/ozone/OzoneDelegationTokenRenewer.java: Recompile with -Xlint:unchecked for details.
[INFO] 
[INFO] --- resources:3.5.0:testResources (default-testResources) @ ozone-filesystem-common ---
[INFO] Copying 2 resources from src/test/resources to target/test-classes
[INFO] Copying 2 resources from target/maven-shared-archive-resources to target/test-classes
[INFO] 
[INFO] --- compiler:3.15.0:testCompile (default-testCompile) @ ozone-filesystem-common ---
[INFO] Compiling 8 source files with javac [debug release 8] to target/test-classes
[WARNING] source value 8 is obsolete and will be removed in a future release
[WARNING] target value 8 is obsolete and will be removed in a future release
[WARNING] To suppress warnings about obsolete options, use -Xlint:-options.
[INFO] /home/runner/work/ozone/ozone/hadoop-ozone/ozonefs-common/src/test/java/org/apache/hadoop/fs/ozone/TestBasicOzoneFileSystems.java: /home/runner/work/ozone/ozone/hadoop-ozone/ozonefs-common/src/test/java/org/apache/hadoop/fs/ozone/TestBasicOzoneFileSystems.java uses or overrides a deprecated API.
[INFO] /home/runner/work/ozone/ozone/hadoop-ozone/ozonefs-common/src/test/java/org/apache/hadoop/fs/ozone/TestBasicOzoneFileSystems.java: Recompile with -Xlint:deprecation for details.
[INFO] 
[INFO] --- surefire:3.5.2:test (default-test) @ ozone-filesystem-common ---
[INFO] Using auto detected provider org.apache.maven.surefire.junitplatform.JUnitPlatformProvider
[INFO] Using auto detected provider org.apache.maven.surefire.junitplatform.JUnitPlatformProvider
[INFO] 
[INFO] --- dependency:3.11.0:copy-dependencies (copy-jars) @ ozone-filesystem-common ---
[INFO] Skipping plugin execution
[INFO] 
[INFO] --- jar:3.5.1:jar (default-jar) @ ozone-filesystem-common ---
[INFO] Building jar: /home/runner/work/ozone/ozone/hadoop-ozone/ozonefs-common/target/ozone-filesystem-common-2.3.0-SNAPSHOT.jar
[INFO] 
[INFO] --- jar:3.5.1:test-jar (default) @ ozone-filesystem-common ---
[INFO] Building jar: /home/runner/work/ozone/ozone/hadoop-ozone/ozonefs-common/target/ozone-filesystem-common-2.3.0-SNAPSHOT-tests.jar
[INFO] 
[INFO] --- dependency:3.11.0:analyze-only (analyze) @ ozone-filesystem-common ---
[INFO] No dependency problems found
[INFO] 
[INFO] -----------------< org.apache.ozone:ozone-filesystem >------------------
[INFO] Building Apache Ozone FileSystem 2.3.0-SNAPSHOT                  [29/55]
[INFO]   from hadoop-ozone/ozonefs/pom.xml
[INFO] --------------------------------[ jar ]---------------------------------
[INFO] 
[INFO] --- sortpom:3.0.1:verify (default) @ ozone-filesystem ---
[INFO] Verifying file /home/runner/work/ozone/ozone/hadoop-ozone/ozonefs/pom.xml
[INFO] 
[INFO] --- jacoco:0.8.15:prepare-agent (default-prepare-agent) @ ozone-filesystem ---
[INFO] argLine set to -javaagent:/home/runner/.m2/repository/org/jacoco/org.jacoco.agent/0.8.15/org.jacoco.agent-0.8.15-runtime.jar=destfile=/home/runner/work/ozone/ozone/hadoop-ozone/ozonefs/target/jacoco.exec,includes=org.apache.hadoop.hdds.*:org.apache.hadoop.ozone.*:org.apache.hadoop.fs.ozone.*:org.apache.ozone.*:org.apache.hadoop.io_.*:org.apache.hadoop.ipc_.*:org.apache.hadoop.security_.*
[INFO] 
[INFO] --- enforcer:3.6.3:enforce (banned-rocksdb-imports) @ ozone-filesystem ---
[INFO] Rule 0: org.apache.maven.plugins.enforcer.RestrictImports passed
[INFO] 
[INFO] --- enforcer:3.6.3:enforce (ban-imports) @ ozone-filesystem ---
[INFO] Rule 0: org.apache.maven.plugins.enforcer.RestrictImports passed
[INFO] Rule 1: org.apache.maven.plugins.enforcer.RestrictImports passed
[INFO] Rule 2: org.apache.maven.plugins.enforcer.RestrictImports passed
[INFO] Rule 3: org.apache.maven.plugins.enforcer.RestrictImports passed
[INFO] Rule 4: org.apache.maven.plugins.enforcer.RestrictImports passed
[WARNING] EXPERIMENTAL FEATURE enabled. You have enabled full-compilation-unit parsing. Please be aware that experimental features might get removed or changed. Please share your feedback!
[INFO] Rule 5: org.apache.maven.plugins.enforcer.RestrictImports passed
[INFO] Rule 6: org.apache.maven.plugins.enforcer.RestrictImports passed
[INFO] Rule 7: org.apache.maven.plugins.enforcer.RestrictImports passed
[INFO] Rule 8: org.apache.maven.plugins.enforcer.RestrictImports passed
[INFO] Rule 9: org.apache.maven.plugins.enforcer.RestrictImports passed
[INFO] Rule 10: org.apache.maven.plugins.enforcer.RestrictImports passed
[INFO] Rule 11: org.apache.maven.plugins.enforcer.RestrictImports passed
[INFO] Rule 12: org.apache.maven.plugins.enforcer.RestrictImports passed
[INFO] 
[INFO] --- enforcer:3.6.3:enforce (ban-annotations) @ ozone-filesystem ---
[INFO] Rule 0: org.apache.maven.plugins.enforcer.RestrictImports passed
[INFO] 
[INFO] --- dependency:3.11.0:build-classpath (add-classpath-descriptor) @ ozone-filesystem ---
[INFO] Skipping plugin execution
[INFO] 
[INFO] --- remote-resources:3.3.0:process (default) @ ozone-filesystem ---
[INFO] Preparing remote bundle org.apache.ozone:ozone-dev-support:2.3.0-SNAPSHOT
[INFO] Copying 2 resources from 1 bundle.
[INFO] 
[INFO] --- resources:3.5.0:resources (default-resources) @ ozone-filesystem ---
[INFO] Copying 4 resources from src/main/resources to target/classes
[INFO] Copying 2 resources from target/maven-shared-archive-resources to target/classes
[INFO] 
[INFO] --- compiler:3.15.0:compile (default-compile) @ ozone-filesystem ---
[INFO] Compiling 7 source files with javac [debug release 8] to target/classes
[WARNING] source value 8 is obsolete and will be removed in a future release
[WARNING] target value 8 is obsolete and will be removed in a future release
[WARNING] To suppress warnings about obsolete options, use -Xlint:-options.
[INFO] 
[INFO] --- dependency:3.11.0:list (deplist) @ ozone-filesystem ---
[INFO] Can't extract module name from hadoop-shaded-protobuf_3_25-1.5.0.jar: hadoop.shaded.protobuf.3.25: Invalid module name: '3' is not a Java identifier
[INFO] Can't extract module name from hdds-interface-client-2.3.0-SNAPSHOT.jar: hdds.interface.client: Invalid module name: 'interface' is not a Java identifier
[INFO] Can't extract module name from ozone-interface-client-2.3.0-SNAPSHOT.jar: ozone.interface.client: Invalid module name: 'interface' is not a Java identifier
[INFO] 
[INFO] --- resources:3.5.0:testResources (default-testResources) @ ozone-filesystem ---
[INFO] skip non existing resourceDirectory /home/runner/work/ozone/ozone/hadoop-ozone/ozonefs/src/test/resources
[INFO] Copying 2 resources from target/maven-shared-archive-resources to target/test-classes
[INFO] 
[INFO] --- compiler:3.15.0:testCompile (default-testCompile) @ ozone-filesystem ---
[INFO] No sources to compile
[INFO] 
[INFO] --- surefire:3.5.2:test (default-test) @ ozone-filesystem ---
[INFO] Using auto detected provider org.apache.maven.surefire.junitplatform.JUnitPlatformProvider
[INFO] 
[INFO] --- dependency:3.11.0:copy-dependencies (copy-jars) @ ozone-filesystem ---
[INFO] Skipping plugin execution
[INFO] 
[INFO] --- jar:3.5.1:jar (default-jar) @ ozone-filesystem ---
[INFO] Building jar: /home/runner/work/ozone/ozone/hadoop-ozone/ozonefs/target/ozone-filesystem-2.3.0-SNAPSHOT.jar
[INFO] 
[INFO] --- jar:3.5.1:test-jar (default) @ ozone-filesystem ---
[INFO] Building jar: /home/runner/work/ozone/ozone/hadoop-ozone/ozonefs/target/ozone-filesystem-2.3.0-SNAPSHOT-tests.jar
[INFO] 
[INFO] --- dependency:3.11.0:analyze-only (analyze) @ ozone-filesystem ---
[INFO] No dependency problems found
[INFO] 
[INFO] ------------------< org.apache.ozone:ozone-cli-shell >------------------
[INFO] Building Apache Ozone CLI Shell 2.3.0-SNAPSHOT                   [30/55]
[INFO]   from hadoop-ozone/cli-shell/pom.xml
[INFO] --------------------------------[ jar ]---------------------------------
[INFO] 
[INFO] --- sortpom:3.0.1:verify (default) @ ozone-cli-shell ---
[INFO] Verifying file /home/runner/work/ozone/ozone/hadoop-ozone/cli-shell/pom.xml
[INFO] 
[INFO] --- jacoco:0.8.15:prepare-agent (default-prepare-agent) @ ozone-cli-shell ---
[INFO] argLine set to -javaagent:/home/runner/.m2/repository/org/jacoco/org.jacoco.agent/0.8.15/org.jacoco.agent-0.8.15-runtime.jar=destfile=/home/runner/work/ozone/ozone/hadoop-ozone/cli-shell/target/jacoco.exec,includes=org.apache.hadoop.hdds.*:org.apache.hadoop.ozone.*:org.apache.hadoop.fs.ozone.*:org.apache.ozone.*:org.apache.hadoop.io_.*:org.apache.hadoop.ipc_.*:org.apache.hadoop.security_.*
[INFO] 
[INFO] --- enforcer:3.6.3:enforce (banned-rocksdb-imports) @ ozone-cli-shell ---
[INFO] Rule 0: org.apache.maven.plugins.enforcer.RestrictImports passed
[INFO] 
[INFO] --- enforcer:3.6.3:enforce (ban-imports) @ ozone-cli-shell ---
[INFO] Rule 0: org.apache.maven.plugins.enforcer.RestrictImports passed
[INFO] Rule 1: org.apache.maven.plugins.enforcer.RestrictImports passed
[INFO] Rule 2: org.apache.maven.plugins.enforcer.RestrictImports passed
[INFO] Rule 3: org.apache.maven.plugins.enforcer.RestrictImports passed
[INFO] Rule 4: org.apache.maven.plugins.enforcer.RestrictImports passed
[WARNING] EXPERIMENTAL FEATURE enabled. You have enabled full-compilation-unit parsing. Please be aware that experimental features might get removed or changed. Please share your feedback!
[INFO] Rule 5: org.apache.maven.plugins.enforcer.RestrictImports passed
[INFO] Rule 6: org.apache.maven.plugins.enforcer.RestrictImports passed
[INFO] Rule 7: org.apache.maven.plugins.enforcer.RestrictImports passed
[INFO] Rule 8: org.apache.maven.plugins.enforcer.RestrictImports passed
[INFO] Rule 9: org.apache.maven.plugins.enforcer.RestrictImports passed
[INFO] Rule 10: org.apache.maven.plugins.enforcer.RestrictImports passed
[INFO] Rule 11: org.apache.maven.plugins.enforcer.RestrictImports passed
[INFO] Rule 12: org.apache.maven.plugins.enforcer.RestrictImports passed
[INFO] 
[INFO] --- enforcer:3.6.3:enforce (ban-annotations) @ ozone-cli-shell ---
[INFO] Rule 0: org.apache.maven.plugins.enforcer.RestrictImports passed
[INFO] 
[INFO] --- dependency:3.11.0:build-classpath (add-classpath-descriptor) @ ozone-cli-shell ---
[INFO] Wrote classpath file '/home/runner/work/ozone/ozone/hadoop-ozone/cli-shell/target/classes/ozone-cli-shell.classpath'.
[INFO] 
[INFO] --- remote-resources:3.3.0:process (default) @ ozone-cli-shell ---
[INFO] Preparing remote bundle org.apache.ozone:ozone-dev-support:2.3.0-SNAPSHOT
[INFO] Copying 2 resources from 1 bundle.
[INFO] 
[INFO] --- resources:3.5.0:resources (default-resources) @ ozone-cli-shell ---
[INFO] skip non existing resourceDirectory /home/runner/work/ozone/ozone/hadoop-ozone/cli-shell/src/main/resources
[INFO] Copying 2 resources from target/maven-shared-archive-resources to target/classes
[INFO] 
[INFO] --- compiler:3.15.0:compile (default-compile) @ ozone-cli-shell ---
[INFO] Compiling 123 source files with javac [debug release 8] to target/classes
[WARNING] source value 8 is obsolete and will be removed in a future release
[WARNING] target value 8 is obsolete and will be removed in a future release
[WARNING] To suppress warnings about obsolete options, use -Xlint:-options.
[INFO] /home/runner/work/ozone/ozone/hadoop-ozone/cli-shell/src/main/java/org/apache/hadoop/ozone/shell/ReplicationOptions.java: Some input files use or override a deprecated API.
[INFO] /home/runner/work/ozone/ozone/hadoop-ozone/cli-shell/src/main/java/org/apache/hadoop/ozone/shell/ReplicationOptions.java: Recompile with -Xlint:deprecation for details.
[INFO] /home/runner/work/ozone/ozone/hadoop-ozone/cli-shell/src/main/java/org/apache/hadoop/ozone/shell/token/TokenOption.java: /home/runner/work/ozone/ozone/hadoop-ozone/cli-shell/src/main/java/org/apache/hadoop/ozone/shell/token/TokenOption.java uses unchecked or unsafe operations.
[INFO] /home/runner/work/ozone/ozone/hadoop-ozone/cli-shell/src/main/java/org/apache/hadoop/ozone/shell/token/TokenOption.java: Recompile with -Xlint:unchecked for details.
[INFO] 
[INFO] --- resources:3.5.0:testResources (default-testResources) @ ozone-cli-shell ---
[INFO] skip non existing resourceDirectory /home/runner/work/ozone/ozone/hadoop-ozone/cli-shell/src/test/resources
[INFO] Copying 2 resources from target/maven-shared-archive-resources to target/test-classes
[INFO] 
[INFO] --- compiler:3.15.0:testCompile (default-testCompile) @ ozone-cli-shell ---
[INFO] Compiling 7 source files with javac [debug release 8] to target/test-classes
[WARNING] source value 8 is obsolete and will be removed in a future release
[WARNING] target value 8 is obsolete and will be removed in a future release
[WARNING] To suppress warnings about obsolete options, use -Xlint:-options.
[INFO] 
[INFO] --- surefire:3.5.2:test (default-test) @ ozone-cli-shell ---
[INFO] Using auto detected provider org.apache.maven.surefire.junitplatform.JUnitPlatformProvider
[INFO] Using auto detected provider org.apache.maven.surefire.junitplatform.JUnitPlatformProvider
[INFO] 
[INFO] --- dependency:3.11.0:copy-dependencies (copy-jars) @ ozone-cli-shell ---
[INFO] 
[INFO] --- jar:3.5.1:jar (default-jar) @ ozone-cli-shell ---
[INFO] Building jar: /home/runner/work/ozone/ozone/hadoop-ozone/cli-shell/target/ozone-cli-shell-2.3.0-SNAPSHOT.jar
[INFO] 
[INFO] --- jar:3.5.1:test-jar (default) @ ozone-cli-shell ---
[INFO] Building jar: /home/runner/work/ozone/ozone/hadoop-ozone/cli-shell/target/ozone-cli-shell-2.3.0-SNAPSHOT-tests.jar
[INFO] 
[INFO] --- dependency:3.11.0:analyze-only (analyze) @ ozone-cli-shell ---
[INFO] No dependency problems found
[INFO] 
[INFO] ------------------< org.apache.ozone:ozone-cli-admin >------------------
[INFO] Building Apache Ozone CLI Admin 2.3.0-SNAPSHOT                   [31/55]
[INFO]   from hadoop-ozone/cli-admin/pom.xml
[INFO] --------------------------------[ jar ]---------------------------------
[INFO] 
[INFO] --- sortpom:3.0.1:verify (default) @ ozone-cli-admin ---
[INFO] Verifying file /home/runner/work/ozone/ozone/hadoop-ozone/cli-admin/pom.xml
[INFO] 
[INFO] --- jacoco:0.8.15:prepare-agent (default-prepare-agent) @ ozone-cli-admin ---
[INFO] argLine set to -javaagent:/home/runner/.m2/repository/org/jacoco/org.jacoco.agent/0.8.15/org.jacoco.agent-0.8.15-runtime.jar=destfile=/home/runner/work/ozone/ozone/hadoop-ozone/cli-admin/target/jacoco.exec,includes=org.apache.hadoop.hdds.*:org.apache.hadoop.ozone.*:org.apache.hadoop.fs.ozone.*:org.apache.ozone.*:org.apache.hadoop.io_.*:org.apache.hadoop.ipc_.*:org.apache.hadoop.security_.*
[INFO] 
[INFO] --- enforcer:3.6.3:enforce (banned-rocksdb-imports) @ ozone-cli-admin ---
[INFO] Rule 0: org.apache.maven.plugins.enforcer.RestrictImports passed
[INFO] 
[INFO] --- enforcer:3.6.3:enforce (ban-imports) @ ozone-cli-admin ---
[INFO] Rule 0: org.apache.maven.plugins.enforcer.RestrictImports passed
[INFO] Rule 1: org.apache.maven.plugins.enforcer.RestrictImports passed
[INFO] Rule 2: org.apache.maven.plugins.enforcer.RestrictImports passed
[INFO] Rule 3: org.apache.maven.plugins.enforcer.RestrictImports passed
[INFO] Rule 4: org.apache.maven.plugins.enforcer.RestrictImports passed
[WARNING] EXPERIMENTAL FEATURE enabled. You have enabled full-compilation-unit parsing. Please be aware that experimental features might get removed or changed. Please share your feedback!
[INFO] Rule 5: org.apache.maven.plugins.enforcer.RestrictImports passed
[INFO] Rule 6: org.apache.maven.plugins.enforcer.RestrictImports passed
[INFO] Rule 7: org.apache.maven.plugins.enforcer.RestrictImports passed
[INFO] Rule 8: org.apache.maven.plugins.enforcer.RestrictImports passed
[INFO] Rule 9: org.apache.maven.plugins.enforcer.RestrictImports passed
[INFO] Rule 10: org.apache.maven.plugins.enforcer.RestrictImports passed
[INFO] Rule 11: org.apache.maven.plugins.enforcer.RestrictImports passed
[INFO] Rule 12: org.apache.maven.plugins.enforcer.RestrictImports passed
[INFO] 
[INFO] --- enforcer:3.6.3:enforce (ban-annotations) @ ozone-cli-admin ---
[INFO] Rule 0: org.apache.maven.plugins.enforcer.RestrictImports passed
[INFO] 
[INFO] --- dependency:3.11.0:build-classpath (add-classpath-descriptor) @ ozone-cli-admin ---
[INFO] Wrote classpath file '/home/runner/work/ozone/ozone/hadoop-ozone/cli-admin/target/classes/ozone-cli-admin.classpath'.
[INFO] 
[INFO] --- remote-resources:3.3.0:process (default) @ ozone-cli-admin ---
[INFO] Preparing remote bundle org.apache.ozone:ozone-dev-support:2.3.0-SNAPSHOT
[INFO] Copying 2 resources from 1 bundle.
[INFO] 
[INFO] --- resources:3.5.0:resources (default-resources) @ ozone-cli-admin ---
[INFO] skip non existing resourceDirectory /home/runner/work/ozone/ozone/hadoop-ozone/cli-admin/src/main/resources
[INFO] Copying 2 resources from target/maven-shared-archive-resources to target/classes
[INFO] 
[INFO] --- compiler:3.15.0:compile (default-compile) @ ozone-cli-admin ---
[INFO] Compiling 114 source files with javac [debug release 8] to target/classes
[WARNING] source value 8 is obsolete and will be removed in a future release
[WARNING] target value 8 is obsolete and will be removed in a future release
[WARNING] To suppress warnings about obsolete options, use -Xlint:-options.
[INFO] Writing META-INF/services/org.apache.hadoop.hdds.cli.AdminSubcommand
[INFO] /home/runner/work/ozone/ozone/hadoop-ozone/cli-admin/src/main/java/org/apache/hadoop/hdds/scm/cli/ContainerOperationClient.java: Some input files use or override a deprecated API.
[INFO] /home/runner/work/ozone/ozone/hadoop-ozone/cli-admin/src/main/java/org/apache/hadoop/hdds/scm/cli/ContainerOperationClient.java: Recompile with -Xlint:deprecation for details.
[INFO] 
[INFO] --- resources:3.5.0:testResources (default-testResources) @ ozone-cli-admin ---
[INFO] skip non existing resourceDirectory /home/runner/work/ozone/ozone/hadoop-ozone/cli-admin/src/test/resources
[INFO] Copying 2 resources from target/maven-shared-archive-resources to target/test-classes
[INFO] 
[INFO] --- compiler:3.15.0:testCompile (default-testCompile) @ ozone-cli-admin ---
[INFO] Compiling 22 source files with javac [debug release 8] to target/test-classes
[WARNING] source value 8 is obsolete and will be removed in a future release
[WARNING] target value 8 is obsolete and will be removed in a future release
[WARNING] To suppress warnings about obsolete options, use -Xlint:-options.
[INFO] /home/runner/work/ozone/ozone/hadoop-ozone/cli-admin/src/test/java/org/apache/hadoop/hdds/scm/cli/container/TestReconcileSubcommand.java: /home/runner/work/ozone/ozone/hadoop-ozone/cli-admin/src/test/java/org/apache/hadoop/hdds/scm/cli/container/TestReconcileSubcommand.java uses unchecked or unsafe operations.
[INFO] /home/runner/work/ozone/ozone/hadoop-ozone/cli-admin/src/test/java/org/apache/hadoop/hdds/scm/cli/container/TestReconcileSubcommand.java: Recompile with -Xlint:unchecked for details.
[INFO] 
[INFO] --- surefire:3.5.2:test (default-test) @ ozone-cli-admin ---
[INFO] Using auto detected provider org.apache.maven.surefire.junitplatform.JUnitPlatformProvider
[INFO] Using auto detected provider org.apache.maven.surefire.junitplatform.JUnitPlatformProvider
[INFO] 
[INFO] --- dependency:3.11.0:copy-dependencies (copy-jars) @ ozone-cli-admin ---
[INFO] 
[INFO] --- jar:3.5.1:jar (default-jar) @ ozone-cli-admin ---
[INFO] Building jar: /home/runner/work/ozone/ozone/hadoop-ozone/cli-admin/target/ozone-cli-admin-2.3.0-SNAPSHOT.jar
[INFO] 
[INFO] --- jar:3.5.1:test-jar (default) @ ozone-cli-admin ---
[INFO] Building jar: /home/runner/work/ozone/ozone/hadoop-ozone/cli-admin/target/ozone-cli-admin-2.3.0-SNAPSHOT-tests.jar
[INFO] 
[INFO] --- dependency:3.11.0:analyze-only (analyze) @ ozone-cli-admin ---
[INFO] No dependency problems found
[INFO] 
[INFO] --------------< org.apache.ozone:ozone-interface-storage >--------------
[INFO] Building Apache Ozone Storage Interface 2.3.0-SNAPSHOT           [32/55]
[INFO]   from hadoop-ozone/interface-storage/pom.xml
[INFO] --------------------------------[ jar ]---------------------------------
[INFO] 
[INFO] --- sortpom:3.0.1:verify (default) @ ozone-interface-storage ---
[INFO] Verifying file /home/runner/work/ozone/ozone/hadoop-ozone/interface-storage/pom.xml
[INFO] 
[INFO] --- jacoco:0.8.15:prepare-agent (default-prepare-agent) @ ozone-interface-storage ---
[INFO] argLine set to -javaagent:/home/runner/.m2/repository/org/jacoco/org.jacoco.agent/0.8.15/org.jacoco.agent-0.8.15-runtime.jar=destfile=/home/runner/work/ozone/ozone/hadoop-ozone/interface-storage/target/jacoco.exec,includes=org.apache.hadoop.hdds.*:org.apache.hadoop.ozone.*:org.apache.hadoop.fs.ozone.*:org.apache.ozone.*:org.apache.hadoop.io_.*:org.apache.hadoop.ipc_.*:org.apache.hadoop.security_.*
[INFO] 
[INFO] --- protobuf:0.6.1:compile (compile-proto-3.25.9) @ ozone-interface-storage ---
[INFO] Compiling 1 proto file(s) to /home/runner/work/ozone/ozone/hadoop-ozone/interface-storage/target/generated-sources/protobuf/java
[INFO] 
[INFO] --- enforcer:3.6.3:enforce (banned-rocksdb-imports) @ ozone-interface-storage ---
[INFO] Rule 0: org.apache.maven.plugins.enforcer.RestrictImports passed
[INFO] 
[INFO] --- enforcer:3.6.3:enforce (ban-imports) @ ozone-interface-storage ---
[INFO] Rule 0: org.apache.maven.plugins.enforcer.RestrictImports passed
[INFO] Rule 1: org.apache.maven.plugins.enforcer.RestrictImports passed
[INFO] Rule 2: org.apache.maven.plugins.enforcer.RestrictImports passed
[INFO] Rule 3: org.apache.maven.plugins.enforcer.RestrictImports passed
[INFO] Rule 4: org.apache.maven.plugins.enforcer.RestrictImports passed
[WARNING] EXPERIMENTAL FEATURE enabled. You have enabled full-compilation-unit parsing. Please be aware that experimental features might get removed or changed. Please share your feedback!
[INFO] Rule 5: org.apache.maven.plugins.enforcer.RestrictImports passed
[INFO] Rule 6: org.apache.maven.plugins.enforcer.RestrictImports passed
[INFO] Rule 7: org.apache.maven.plugins.enforcer.RestrictImports passed
[INFO] Rule 8: org.apache.maven.plugins.enforcer.RestrictImports passed
[INFO] Rule 9: org.apache.maven.plugins.enforcer.RestrictImports passed
[INFO] Rule 10: org.apache.maven.plugins.enforcer.RestrictImports passed
[INFO] Rule 11: org.apache.maven.plugins.enforcer.RestrictImports passed
[INFO] Rule 12: org.apache.maven.plugins.enforcer.RestrictImports passed
[INFO] 
[INFO] --- enforcer:3.6.3:enforce (ban-annotations) @ ozone-interface-storage ---
[INFO] Rule 0: org.apache.maven.plugins.enforcer.RestrictImports passed
[INFO] 
[INFO] --- dependency:3.11.0:build-classpath (add-classpath-descriptor) @ ozone-interface-storage ---
[INFO] Skipping plugin execution
[INFO] 
[INFO] --- remote-resources:3.3.0:process (default) @ ozone-interface-storage ---
[INFO] Preparing remote bundle org.apache.ozone:ozone-dev-support:2.3.0-SNAPSHOT
[INFO] Copying 2 resources from 1 bundle.
[INFO] 
[INFO] --- resources:3.5.0:resources (default-resources) @ ozone-interface-storage ---
[INFO] skip non existing resourceDirectory /home/runner/work/ozone/ozone/hadoop-ozone/interface-storage/src/main/resources
[INFO] Copying 1 resource from src/main/proto to target/classes
[INFO] Copying 2 resources from target/maven-shared-archive-resources to target/classes
[INFO] 
[INFO] --- compiler:3.15.0:compile (default-compile) @ ozone-interface-storage ---
[INFO] Compiling 15 source files with javac [debug release 8] to target/classes
[WARNING] source value 8 is obsolete and will be removed in a future release
[WARNING] target value 8 is obsolete and will be removed in a future release
[WARNING] To suppress warnings about obsolete options, use -Xlint:-options.
[INFO] /home/runner/work/ozone/ozone/hadoop-ozone/interface-storage/target/generated-sources/protobuf/java/org/apache/hadoop/ozone/storage/proto/OzoneManagerStorageProtos.java: /home/runner/work/ozone/ozone/hadoop-ozone/interface-storage/target/generated-sources/protobuf/java/org/apache/hadoop/ozone/storage/proto/OzoneManagerStorageProtos.java uses or overrides a deprecated API.
[INFO] /home/runner/work/ozone/ozone/hadoop-ozone/interface-storage/target/generated-sources/protobuf/java/org/apache/hadoop/ozone/storage/proto/OzoneManagerStorageProtos.java: Recompile with -Xlint:deprecation for details.
[INFO] 
[INFO] --- protobuf:0.6.1:test-compile (compile-proto-3.25.9) @ ozone-interface-storage ---
[INFO] /home/runner/work/ozone/ozone/hadoop-ozone/interface-storage/src/test/proto does not exist. Review the configuration or consider disabling the plugin.
[INFO] 
[INFO] --- resources:3.5.0:testResources (default-testResources) @ ozone-interface-storage ---
[INFO] skip non existing resourceDirectory /home/runner/work/ozone/ozone/hadoop-ozone/interface-storage/src/test/resources
[INFO] Copying 2 resources from target/maven-shared-archive-resources to target/test-classes
[INFO] 
[INFO] --- compiler:3.15.0:testCompile (default-testCompile) @ ozone-interface-storage ---
[INFO] Compiling 10 source files with javac [debug release 8] to target/test-classes
[WARNING] source value 8 is obsolete and will be removed in a future release
[WARNING] target value 8 is obsolete and will be removed in a future release
[WARNING] To suppress warnings about obsolete options, use -Xlint:-options.
[INFO] 
[INFO] --- surefire:3.5.2:test (default-test) @ ozone-interface-storage ---
[INFO] Using auto detected provider org.apache.maven.surefire.junitplatform.JUnitPlatformProvider
[INFO] Using auto detected provider org.apache.maven.surefire.junitplatform.JUnitPlatformProvider
[INFO] Using auto detected provider org.apache.maven.surefire.junitplatform.JUnitPlatformProvider
[INFO] 
[INFO] -------------------------------------------------------
[INFO]  T E S T S
[INFO] -------------------------------------------------------
[INFO] Running org.apache.hadoop.ozone.om.helpers.TestOmPrefixInfo
[INFO] Tests run: 4, Failures: 0, Errors: 0, Skipped: 0, Time elapsed: 0.203 s -- in org.apache.hadoop.ozone.om.helpers.TestOmPrefixInfo
[INFO] Running org.apache.hadoop.ozone.om.helpers.TestS3SecretValueCodec
[INFO] Tests run: 4, Failures: 0, Errors: 0, Skipped: 0, Time elapsed: 0.228 s -- in org.apache.hadoop.ozone.om.helpers.TestS3SecretValueCodec
[INFO] Running org.apache.hadoop.ozone.om.helpers.TestTransactionInfoCodec
[INFO] Tests run: 4, Failures: 0, Errors: 0, Skipped: 0, Time elapsed: 0.315 s -- in org.apache.hadoop.ozone.om.helpers.TestTransactionInfoCodec
[INFO] Running org.apache.hadoop.ozone.om.helpers.TestOmMultipartKeyInfoCodec
[INFO] Tests run: 4, Failures: 0, Errors: 0, Skipped: 0, Time elapsed: 0.278 s -- in org.apache.hadoop.ozone.om.helpers.TestOmMultipartKeyInfoCodec
[INFO] Running org.apache.hadoop.ozone.om.helpers.TestOmKeyInfoCodec
[INFO] Tests run: 9, Failures: 0, Errors: 0, Skipped: 0, Time elapsed: 0.419 s -- in org.apache.hadoop.ozone.om.helpers.TestOmKeyInfoCodec
[INFO] Running org.apache.hadoop.ozone.om.helpers.TestRepeatedOmKeyInfoCodec
[INFO] Tests run: 8, Failures: 0, Errors: 0, Skipped: 0, Time elapsed: 5.430 s -- in org.apache.hadoop.ozone.om.helpers.TestRepeatedOmKeyInfoCodec
[INFO] Running org.apache.hadoop.ozone.om.helpers.TestOmPrefixInfoCodec
[INFO] Tests run: 4, Failures: 0, Errors: 0, Skipped: 0, Time elapsed: 0.288 s -- in org.apache.hadoop.ozone.om.helpers.TestOmPrefixInfoCodec
[INFO] Running org.apache.hadoop.ozone.om.lock.TestDAGLeveledResource
[INFO] Tests run: 1, Failures: 0, Errors: 0, Skipped: 0, Time elapsed: 0.068 s -- in org.apache.hadoop.ozone.om.lock.TestDAGLeveledResource
[INFO] 
[INFO] Results:
[INFO] 
[INFO] Tests run: 38, Failures: 0, Errors: 0, Skipped: 0
[INFO] 
[INFO] 
[INFO] --- dependency:3.11.0:copy-dependencies (copy-jars) @ ozone-interface-storage ---
[INFO] Skipping plugin execution
[INFO] 
[INFO] --- jar:3.5.1:jar (default-jar) @ ozone-interface-storage ---
[INFO] Building jar: /home/runner/work/ozone/ozone/hadoop-ozone/interface-storage/target/ozone-interface-storage-2.3.0-SNAPSHOT.jar
[INFO] 
[INFO] --- jar:3.5.1:test-jar (default) @ ozone-interface-storage ---
[INFO] Building jar: /home/runner/work/ozone/ozone/hadoop-ozone/interface-storage/target/ozone-interface-storage-2.3.0-SNAPSHOT-tests.jar
[INFO] 
[INFO] --- dependency:3.11.0:analyze-only (analyze) @ ozone-interface-storage ---
[INFO] No dependency problems found
[INFO] 
[INFO] -------------------< org.apache.ozone:ozone-manager >-------------------
[INFO] Building Apache Ozone Manager Server 2.3.0-SNAPSHOT              [33/55]
[INFO]   from hadoop-ozone/ozone-manager/pom.xml
[INFO] --------------------------------[ jar ]---------------------------------
[INFO] 
[INFO] --- sortpom:3.0.1:verify (default) @ ozone-manager ---
[INFO] Verifying file /home/runner/work/ozone/ozone/hadoop-ozone/ozone-manager/pom.xml
[INFO] 
[INFO] --- jacoco:0.8.15:prepare-agent (default-prepare-agent) @ ozone-manager ---
[INFO] argLine set to -javaagent:/home/runner/.m2/repository/org/jacoco/org.jacoco.agent/0.8.15/org.jacoco.agent-0.8.15-runtime.jar=destfile=/home/runner/work/ozone/ozone/hadoop-ozone/ozone-manager/target/jacoco.exec,includes=org.apache.hadoop.hdds.*:org.apache.hadoop.ozone.*:org.apache.hadoop.fs.ozone.*:org.apache.ozone.*:org.apache.hadoop.io_.*:org.apache.hadoop.ipc_.*:org.apache.hadoop.security_.*
[INFO] 
[INFO] --- enforcer:3.6.3:enforce (banned-rocksdb-imports) @ ozone-manager ---
[INFO] Rule 0: org.apache.maven.plugins.enforcer.RestrictImports passed
[INFO] 
[INFO] --- enforcer:3.6.3:enforce (ban-imports) @ ozone-manager ---
[INFO] Rule 0: org.apache.maven.plugins.enforcer.RestrictImports passed
[INFO] Rule 1: org.apache.maven.plugins.enforcer.RestrictImports passed
[INFO] Rule 2: org.apache.maven.plugins.enforcer.RestrictImports passed
[INFO] Rule 3: org.apache.maven.plugins.enforcer.RestrictImports passed
[INFO] Rule 4: org.apache.maven.plugins.enforcer.RestrictImports passed
[WARNING] EXPERIMENTAL FEATURE enabled. You have enabled full-compilation-unit parsing. Please be aware that experimental features might get removed or changed. Please share your feedback!
[INFO] Rule 5: org.apache.maven.plugins.enforcer.RestrictImports passed
[INFO] Rule 6: org.apache.maven.plugins.enforcer.RestrictImports passed
[INFO] Rule 7: org.apache.maven.plugins.enforcer.RestrictImports passed
[INFO] Rule 8: org.apache.maven.plugins.enforcer.RestrictImports passed
[INFO] Rule 9: org.apache.maven.plugins.enforcer.RestrictImports passed
[INFO] Rule 10: org.apache.maven.plugins.enforcer.RestrictImports passed
[INFO] Rule 11: org.apache.maven.plugins.enforcer.RestrictImports passed
[INFO] Rule 12: org.apache.maven.plugins.enforcer.RestrictImports passed
[INFO] 
[INFO] --- enforcer:3.6.3:enforce (ban-annotations) @ ozone-manager ---
[INFO] Rule 0: org.apache.maven.plugins.enforcer.RestrictImports passed
[INFO] 
[INFO] --- dependency:3.11.0:build-classpath (add-classpath-descriptor) @ ozone-manager ---
[INFO] Wrote classpath file '/home/runner/work/ozone/ozone/hadoop-ozone/ozone-manager/target/classes/ozone-manager.classpath'.
[INFO] 
[INFO] --- remote-resources:3.3.0:process (default) @ ozone-manager ---
[INFO] Preparing remote bundle org.apache.ozone:ozone-dev-support:2.3.0-SNAPSHOT
[INFO] Copying 2 resources from 1 bundle.
[INFO] 
[INFO] --- resources:3.5.0:resources (default-resources) @ ozone-manager ---
[INFO] Copying 10 resources from src/main/resources to target/classes
[INFO] Copying 2 resources from target/maven-shared-archive-resources to target/classes
[INFO] 
[INFO] --- compiler:3.15.0:compile (default-compile) @ ozone-manager ---
[INFO] Compiling 447 source files with javac [debug release 8] to target/classes
[WARNING] source value 8 is obsolete and will be removed in a future release
[WARNING] target value 8 is obsolete and will be removed in a future release
[WARNING] To suppress warnings about obsolete options, use -Xlint:-options.
[INFO] /home/runner/work/ozone/ozone/hadoop-ozone/ozone-manager/src/main/java/org/apache/hadoop/ozone/om/upgrade/OMLayoutVersionManager.java: Some input files use or override a deprecated API.
[INFO] /home/runner/work/ozone/ozone/hadoop-ozone/ozone-manager/src/main/java/org/apache/hadoop/ozone/om/upgrade/OMLayoutVersionManager.java: Recompile with -Xlint:deprecation for details.
[INFO] /home/runner/work/ozone/ozone/hadoop-ozone/ozone-manager/src/main/java/org/apache/hadoop/ozone/om/OzoneManager.java: Some input files use unchecked or unsafe operations.
[INFO] /home/runner/work/ozone/ozone/hadoop-ozone/ozone-manager/src/main/java/org/apache/hadoop/ozone/om/OzoneManager.java: Recompile with -Xlint:unchecked for details.
[INFO] 
[INFO] --- aspectj:1.14.1:compile (default) @ ozone-manager ---
[INFO] Showing AJC message detail for messages of types: [error, warning, fail]
[INFO] 
[INFO] --- resources:3.5.0:testResources (default-testResources) @ ozone-manager ---
[INFO] skip non existing resourceDirectory /home/runner/work/ozone/ozone/hadoop-ozone/ozone-manager/../../hdds/common/src/main/resources
[INFO] Copying 2 resources from src/test/resources to target/test-classes
[INFO] Copying 2 resources from target/maven-shared-archive-resources to target/test-classes
[INFO] 
[INFO] --- compiler:3.15.0:testCompile (default-testCompile) @ ozone-manager ---
[INFO] Compiling 273 source files with javac [debug release 8] to target/test-classes
[WARNING] source value 8 is obsolete and will be removed in a future release
[WARNING] target value 8 is obsolete and will be removed in a future release
[WARNING] To suppress warnings about obsolete options, use -Xlint:-options.
[INFO] /home/runner/work/ozone/ozone/hadoop-ozone/ozone-manager/src/test/java/org/apache/hadoop/ozone/om/request/OMRequestTestUtils.java: Some input files use or override a deprecated API.
[INFO] /home/runner/work/ozone/ozone/hadoop-ozone/ozone-manager/src/test/java/org/apache/hadoop/ozone/om/request/OMRequestTestUtils.java: Recompile with -Xlint:deprecation for details.
[INFO] /home/runner/work/ozone/ozone/hadoop-ozone/ozone-manager/src/test/java/org/apache/hadoop/ozone/om/TestBucketUtilizationMetrics.java: Some input files use unchecked or unsafe operations.
[INFO] /home/runner/work/ozone/ozone/hadoop-ozone/ozone-manager/src/test/java/org/apache/hadoop/ozone/om/TestBucketUtilizationMetrics.java: Recompile with -Xlint:unchecked for details.
[INFO] 
[INFO] --- surefire:3.5.2:test (default-test) @ ozone-manager ---
[INFO] Using auto detected provider org.apache.maven.surefire.junitplatform.JUnitPlatformProvider
[INFO] Using auto detected provider org.apache.maven.surefire.junitplatform.JUnitPlatformProvider
[INFO] Using auto detected provider org.apache.maven.surefire.junitplatform.JUnitPlatformProvider
[INFO] 
[INFO] -------------------------------------------------------
[INFO]  T E S T S
[INFO] -------------------------------------------------------
[INFO] Running org.apache.hadoop.ozone.om.TestGrpcOzoneManagerServer
[INFO] Tests run: 1, Failures: 0, Errors: 0, Skipped: 0, Time elapsed: 6.817 s -- in org.apache.hadoop.ozone.om.TestGrpcOzoneManagerServer
[INFO] Running org.apache.hadoop.ozone.om.TestOzoneManagerListPartsAcls
[INFO] Tests run: 4, Failures: 0, Errors: 0, Skipped: 0, Time elapsed: 16.65 s -- in org.apache.hadoop.ozone.om.TestOzoneManagerListPartsAcls
[INFO] Running org.apache.hadoop.ozone.om.TestChunkStreams
[INFO] Tests run: 2, Failures: 0, Errors: 0, Skipped: 0, Time elapsed: 0.389 s -- in org.apache.hadoop.ozone.om.TestChunkStreams
[INFO] Running org.apache.hadoop.ozone.om.TestOmSnapshotLocalDataYaml
[INFO] Tests run: 8, Failures: 0, Errors: 0, Skipped: 0, Time elapsed: 1.846 s -- in org.apache.hadoop.ozone.om.TestOmSnapshotLocalDataYaml
[INFO] Running org.apache.hadoop.ozone.om.TestSnapshotListJSONServlet
[INFO] Tests run: 1, Failures: 0, Errors: 0, Skipped: 0, Time elapsed: 0.328 s -- in org.apache.hadoop.ozone.om.TestSnapshotListJSONServlet
[INFO] Running org.apache.hadoop.ozone.om.TestOzoneManagerHttpServer
[INFO] Tests run: 4, Failures: 0, Errors: 0, Skipped: 0, Time elapsed: 2.484 s -- in org.apache.hadoop.ozone.om.TestOzoneManagerHttpServer
[INFO] Running org.apache.hadoop.ozone.om.TestOMStorage
[INFO] Tests run: 12, Failures: 0, Errors: 0, Skipped: 0, Time elapsed: 0.575 s -- in org.apache.hadoop.ozone.om.TestOMStorage
[INFO] Running org.apache.hadoop.ozone.om.TestOMDBCheckpointServletInodeBasedXferNonLeader
[INFO] Tests run: 7, Failures: 0, Errors: 0, Skipped: 0, Time elapsed: 2.504 s -- in org.apache.hadoop.ozone.om.TestOMDBCheckpointServletInodeBasedXferNonLeader
[INFO] Running org.apache.hadoop.ozone.om.TestOmMetadataManager
[INFO] Tests run: 29, Failures: 0, Errors: 0, Skipped: 0, Time elapsed: 3.355 s -- in org.apache.hadoop.ozone.om.TestOmMetadataManager
[INFO] Running org.apache.hadoop.ozone.om.TestOmMetadataManagerMetrics
[INFO] Tests run: 6, Failures: 0, Errors: 0, Skipped: 0, Time elapsed: 2.310 s -- in org.apache.hadoop.ozone.om.TestOmMetadataManagerMetrics
[INFO] Running org.apache.hadoop.ozone.om.TestOMMetadataReader
[INFO] Tests run: 1, Failures: 0, Errors: 0, Skipped: 0, Time elapsed: 1.083 s -- in org.apache.hadoop.ozone.om.TestOMMetadataReader
[INFO] Running org.apache.hadoop.ozone.om.TestOMMultiTenantManagerImpl
[INFO] Tests run: 4, Failures: 0, Errors: 0, Skipped: 0, Time elapsed: 3.297 s -- in org.apache.hadoop.ozone.om.TestOMMultiTenantManagerImpl
[INFO] Running org.apache.hadoop.ozone.om.TestOMDBDefinition
[INFO] Tests run: 1, Failures: 0, Errors: 0, Skipped: 0, Time elapsed: 0.984 s -- in org.apache.hadoop.ozone.om.TestOMDBDefinition
[INFO] Running org.apache.hadoop.ozone.om.multitenant.TestInMemoryMultiTenantAccessController
[INFO] Tests run: 9, Failures: 0, Errors: 0, Skipped: 0, Time elapsed: 0.690 s -- in org.apache.hadoop.ozone.om.multitenant.TestInMemoryMultiTenantAccessController
[INFO] Running org.apache.hadoop.ozone.om.TestBucketManagerImpl
[INFO] Tests run: 15, Failures: 0, Errors: 0, Skipped: 0, Time elapsed: 17.04 s -- in org.apache.hadoop.ozone.om.TestBucketManagerImpl
[INFO] Running org.apache.hadoop.ozone.om.TestKeyManagerImpl
[INFO] Tests run: 33, Failures: 0, Errors: 0, Skipped: 0, Time elapsed: 3.741 s -- in org.apache.hadoop.ozone.om.TestKeyManagerImpl
[INFO] Running org.apache.hadoop.ozone.om.TestOmSnapshotManagerConfig
[INFO] Tests run: 4, Failures: 0, Errors: 0, Skipped: 0, Time elapsed: 16.28 s -- in org.apache.hadoop.ozone.om.TestOmSnapshotManagerConfig
[INFO] Running org.apache.hadoop.ozone.om.TestBucketUtilizationMetrics
[INFO] Tests run: 1, Failures: 0, Errors: 0, Skipped: 0, Time elapsed: 1.366 s -- in org.apache.hadoop.ozone.om.TestBucketUtilizationMetrics
[INFO] Running org.apache.hadoop.ozone.om.TestOMMultiTenantManager
[INFO] Tests run: 2, Failures: 0, Errors: 0, Skipped: 0, Time elapsed: 2.447 s -- in org.apache.hadoop.ozone.om.TestOMMultiTenantManager
[INFO] Running org.apache.hadoop.ozone.om.TestServiceInfoProvider
[INFO] Running org.apache.hadoop.ozone.om.TestServiceInfoProvider$TestSecureEnvironment
[INFO] Tests run: 2, Failures: 0, Errors: 0, Skipped: 0, Time elapsed: 2.916 s -- in org.apache.hadoop.ozone.om.TestServiceInfoProvider$TestSecureEnvironment
[INFO] Running org.apache.hadoop.ozone.om.TestServiceInfoProvider$UnsecureEnvironment
[INFO] Tests run: 1, Failures: 0, Errors: 0, Skipped: 0, Time elapsed: 0.023 s -- in org.apache.hadoop.ozone.om.TestServiceInfoProvider$UnsecureEnvironment
[INFO] Tests run: 0, Failures: 0, Errors: 0, Skipped: 0, Time elapsed: 2.972 s -- in org.apache.hadoop.ozone.om.TestServiceInfoProvider
[INFO] Running org.apache.hadoop.ozone.om.failover.TestOMFailovers
[INFO] Tests run: 1, Failures: 0, Errors: 0, Skipped: 0, Time elapsed: 0.460 s -- in org.apache.hadoop.ozone.om.failover.TestOMFailovers
[INFO] Running org.apache.hadoop.ozone.om.upgrade.TestOzoneManagerPrepareState
[INFO] Tests run: 11, Failures: 0, Errors: 0, Skipped: 0, Time elapsed: 0.529 s -- in org.apache.hadoop.ozone.om.upgrade.TestOzoneManagerPrepareState
[INFO] Running org.apache.hadoop.ozone.om.upgrade.TestOMVersionManager
[INFO] Tests run: 5, Failures: 0, Errors: 0, Skipped: 0, Time elapsed: 2.292 s -- in org.apache.hadoop.ozone.om.upgrade.TestOMVersionManager
[INFO] Running org.apache.hadoop.ozone.om.upgrade.TestOMLayoutFeatureAspect
[INFO] Tests run: 2, Failures: 0, Errors: 0, Skipped: 0, Time elapsed: 2.080 s -- in org.apache.hadoop.ozone.om.upgrade.TestOMLayoutFeatureAspect
[INFO] Running org.apache.hadoop.ozone.om.upgrade.TestOMUpgradeFinalizer
[INFO] Tests run: 7, Failures: 0, Errors: 0, Skipped: 0, Time elapsed: 2.029 s -- in org.apache.hadoop.ozone.om.upgrade.TestOMUpgradeFinalizer
[INFO] Running org.apache.hadoop.ozone.om.ha.TestOMHAMetrics
[INFO] Tests run: 2, Failures: 0, Errors: 0, Skipped: 0, Time elapsed: 0.161 s -- in org.apache.hadoop.ozone.om.ha.TestOMHAMetrics
[INFO] Running org.apache.hadoop.ozone.om.ha.TestOMServiceManager
[INFO] Tests run: 1, Failures: 0, Errors: 0, Skipped: 0, Time elapsed: 0.105 s -- in org.apache.hadoop.ozone.om.ha.TestOMServiceManager
[INFO] Running org.apache.hadoop.ozone.om.ratis_snapshot.TestOmRatisSnapshotProvider
[INFO] Tests run: 10, Failures: 0, Errors: 0, Skipped: 0, Time elapsed: 1.730 s -- in org.apache.hadoop.ozone.om.ratis_snapshot.TestOmRatisSnapshotProvider
[INFO] Running org.apache.hadoop.ozone.om.response.key.TestOMKeyCreateResponseWithFSO
[INFO] Tests run: 2, Failures: 0, Errors: 0, Skipped: 0, Time elapsed: 2.229 s -- in org.apache.hadoop.ozone.om.response.key.TestOMKeyCreateResponseWithFSO
[INFO] Running org.apache.hadoop.ozone.om.response.key.TestOMAllocateBlockResponse
[INFO] Tests run: 2, Failures: 0, Errors: 0, Skipped: 0, Time elapsed: 2.091 s -- in org.apache.hadoop.ozone.om.response.key.TestOMAllocateBlockResponse
[INFO] Running org.apache.hadoop.ozone.om.response.key.TestOMKeysDeleteResponseWithFSO
[INFO] Tests run: 3, Failures: 0, Errors: 0, Skipped: 0, Time elapsed: 2.149 s -- in org.apache.hadoop.ozone.om.response.key.TestOMKeysDeleteResponseWithFSO
[INFO] Running org.apache.hadoop.ozone.om.response.key.TestOMKeyRenameResponse
[INFO] Tests run: 2, Failures: 0, Errors: 0, Skipped: 0, Time elapsed: 2.223 s -- in org.apache.hadoop.ozone.om.response.key.TestOMKeyRenameResponse
[INFO] Running org.apache.hadoop.ozone.om.response.key.TestOMKeyCommitResponse
[INFO] Tests run: 3, Failures: 0, Errors: 0, Skipped: 0, Time elapsed: 2.129 s -- in org.apache.hadoop.ozone.om.response.key.TestOMKeyCommitResponse
[INFO] Running org.apache.hadoop.ozone.om.response.key.TestOMKeyRenameResponseWithFSO
[INFO] Tests run: 2, Failures: 0, Errors: 0, Skipped: 0, Time elapsed: 2.027 s -- in org.apache.hadoop.ozone.om.response.key.TestOMKeyRenameResponseWithFSO
[INFO] Running org.apache.hadoop.ozone.om.response.key.TestOMKeyCommitResponseWithFSO
[INFO] Tests run: 3, Failures: 0, Errors: 0, Skipped: 0, Time elapsed: 2.321 s -- in org.apache.hadoop.ozone.om.response.key.TestOMKeyCommitResponseWithFSO
[INFO] Running org.apache.hadoop.ozone.om.response.key.TestOMAllocateBlockResponseWithFSO
[INFO] Tests run: 2, Failures: 0, Errors: 0, Skipped: 0, Time elapsed: 2.077 s -- in org.apache.hadoop.ozone.om.response.key.TestOMAllocateBlockResponseWithFSO
[INFO] Running org.apache.hadoop.ozone.om.response.key.TestOMKeyDeleteResponse
[INFO] Tests run: 3, Failures: 0, Errors: 0, Skipped: 0, Time elapsed: 2.269 s -- in org.apache.hadoop.ozone.om.response.key.TestOMKeyDeleteResponse
[INFO] Running org.apache.hadoop.ozone.om.response.key.acl.prefix.TestOMPrefixAclResponse
[INFO] Tests run: 1, Failures: 0, Errors: 0, Skipped: 0, Time elapsed: 2.979 s -- in org.apache.hadoop.ozone.om.response.key.acl.prefix.TestOMPrefixAclResponse
[INFO] Running org.apache.hadoop.ozone.om.response.key.TestOMKeyDeleteResponseWithFSO
[INFO] Tests run: 3, Failures: 0, Errors: 0, Skipped: 0, Time elapsed: 2.295 s -- in org.apache.hadoop.ozone.om.response.key.TestOMKeyDeleteResponseWithFSO
[INFO] Running org.apache.hadoop.ozone.om.response.key.TestOMKeyCreateResponse
[INFO] Tests run: 2, Failures: 0, Errors: 0, Skipped: 0, Time elapsed: 2.153 s -- in org.apache.hadoop.ozone.om.response.key.TestOMKeyCreateResponse
[INFO] Running org.apache.hadoop.ozone.om.response.key.TestOMKeysDeleteResponse
[INFO] Tests run: 2, Failures: 0, Errors: 0, Skipped: 0, Time elapsed: 2.254 s -- in org.apache.hadoop.ozone.om.response.key.TestOMKeysDeleteResponse
[INFO] Running org.apache.hadoop.ozone.om.response.key.TestOMOpenKeysDeleteResponse
[INFO] Tests run: 6, Failures: 0, Errors: 0, Skipped: 0, Time elapsed: 2.626 s -- in org.apache.hadoop.ozone.om.response.key.TestOMOpenKeysDeleteResponse
[INFO] Running org.apache.hadoop.ozone.om.response.key.TestOMKeysRenameResponse
[INFO] Tests run: 2, Failures: 0, Errors: 0, Skipped: 0, Time elapsed: 2.104 s -- in org.apache.hadoop.ozone.om.response.key.TestOMKeysRenameResponse
[INFO] Running org.apache.hadoop.ozone.om.response.volume.TestOMVolumeSetQuotaResponse
[INFO] Tests run: 2, Failures: 0, Errors: 0, Skipped: 0, Time elapsed: 1.445 s -- in org.apache.hadoop.ozone.om.response.volume.TestOMVolumeSetQuotaResponse
[INFO] Running org.apache.hadoop.ozone.om.response.volume.TestOMVolumeDeleteResponse
[INFO] Tests run: 2, Failures: 0, Errors: 0, Skipped: 0, Time elapsed: 1.498 s -- in org.apache.hadoop.ozone.om.response.volume.TestOMVolumeDeleteResponse
[INFO] Running org.apache.hadoop.ozone.om.response.volume.TestOMVolumeCreateResponse
[INFO] Tests run: 2, Failures: 0, Errors: 0, Skipped: 0, Time elapsed: 1.548 s -- in org.apache.hadoop.ozone.om.response.volume.TestOMVolumeCreateResponse
[INFO] Running org.apache.hadoop.ozone.om.response.volume.TestOMVolumeSetOwnerResponse
[INFO] Tests run: 2, Failures: 0, Errors: 0, Skipped: 0, Time elapsed: 1.544 s -- in org.apache.hadoop.ozone.om.response.volume.TestOMVolumeSetOwnerResponse
[INFO] Running org.apache.hadoop.ozone.om.response.s3.tagging.TestS3PutObjectTaggingResponseWithFSO
[INFO] Tests run: 1, Failures: 0, Errors: 0, Skipped: 0, Time elapsed: 2.114 s -- in org.apache.hadoop.ozone.om.response.s3.tagging.TestS3PutObjectTaggingResponseWithFSO
[INFO] Running org.apache.hadoop.ozone.om.response.s3.tagging.TestS3PutObjectTaggingResponse
[INFO] Tests run: 1, Failures: 0, Errors: 0, Skipped: 0, Time elapsed: 1.944 s -- in org.apache.hadoop.ozone.om.response.s3.tagging.TestS3PutObjectTaggingResponse
[INFO] Running org.apache.hadoop.ozone.om.response.s3.tagging.TestS3DeleteObjectTaggingResponseWithFSO
[INFO] Tests run: 1, Failures: 0, Errors: 0, Skipped: 0, Time elapsed: 2.140 s -- in org.apache.hadoop.ozone.om.response.s3.tagging.TestS3DeleteObjectTaggingResponseWithFSO
[INFO] Running org.apache.hadoop.ozone.om.response.s3.tagging.TestS3DeleteObjectTaggingResponse
[INFO] Tests run: 1, Failures: 0, Errors: 0, Skipped: 0, Time elapsed: 2.173 s -- in org.apache.hadoop.ozone.om.response.s3.tagging.TestS3DeleteObjectTaggingResponse
[INFO] Running org.apache.hadoop.ozone.om.response.s3.multipart.TestS3InitiateMultipartUploadResponseWithFSO
[INFO] Tests run: 1, Failures: 0, Errors: 0, Skipped: 0, Time elapsed: 1.437 s -- in org.apache.hadoop.ozone.om.response.s3.multipart.TestS3InitiateMultipartUploadResponseWithFSO
[INFO] Running org.apache.hadoop.ozone.om.response.s3.multipart.TestS3MultipartUploadAbortResponseWithFSO
[INFO] Tests run: 2, Failures: 0, Errors: 0, Skipped: 0, Time elapsed: 1.508 s -- in org.apache.hadoop.ozone.om.response.s3.multipart.TestS3MultipartUploadAbortResponseWithFSO
[INFO] Running org.apache.hadoop.ozone.om.response.s3.multipart.TestS3MultipartUploadCommitPartResponse
[INFO] Tests run: 3, Failures: 0, Errors: 0, Skipped: 0, Time elapsed: 1.708 s -- in org.apache.hadoop.ozone.om.response.s3.multipart.TestS3MultipartUploadCommitPartResponse
[INFO] Running org.apache.hadoop.ozone.om.response.s3.multipart.TestS3ExpiredMultipartUploadsAbortResponse
[INFO] Tests run: 6, Failures: 0, Errors: 0, Skipped: 0, Time elapsed: 1.837 s -- in org.apache.hadoop.ozone.om.response.s3.multipart.TestS3ExpiredMultipartUploadsAbortResponse
[INFO] Running org.apache.hadoop.ozone.om.response.s3.multipart.TestS3MultipartUploadAbortResponse
[INFO] Tests run: 2, Failures: 0, Errors: 0, Skipped: 0, Time elapsed: 1.505 s -- in org.apache.hadoop.ozone.om.response.s3.multipart.TestS3MultipartUploadAbortResponse
[INFO] Running org.apache.hadoop.ozone.om.response.s3.multipart.TestS3MultipartUploadCommitPartResponseWithFSO
[INFO] Tests run: 3, Failures: 0, Errors: 0, Skipped: 0, Time elapsed: 1.564 s -- in org.apache.hadoop.ozone.om.response.s3.multipart.TestS3MultipartUploadCommitPartResponseWithFSO
[INFO] Running org.apache.hadoop.ozone.om.response.s3.multipart.TestS3MultipartUploadCompleteResponseWithFSO
[INFO] Tests run: 4, Failures: 0, Errors: 0, Skipped: 0, Time elapsed: 1.775 s -- in org.apache.hadoop.ozone.om.response.s3.multipart.TestS3MultipartUploadCompleteResponseWithFSO
[INFO] Running org.apache.hadoop.ozone.om.response.s3.multipart.TestS3InitiateMultipartUploadResponse
[INFO] Tests run: 1, Failures: 0, Errors: 0, Skipped: 0, Time elapsed: 1.525 s -- in org.apache.hadoop.ozone.om.response.s3.multipart.TestS3InitiateMultipartUploadResponse
[INFO] Running org.apache.hadoop.ozone.om.response.s3.multipart.TestS3MultipartUploadCompleteResponse
[INFO] Tests run: 4, Failures: 0, Errors: 0, Skipped: 0, Time elapsed: 1.588 s -- in org.apache.hadoop.ozone.om.response.s3.multipart.TestS3MultipartUploadCompleteResponse
[INFO] Running org.apache.hadoop.ozone.om.response.TestOMResponse
[INFO] Tests run: 2, Failures: 0, Errors: 0, Skipped: 0, Time elapsed: 4.535 s -- in org.apache.hadoop.ozone.om.response.TestOMResponse
[INFO] Running org.apache.hadoop.ozone.om.response.bucket.TestOMBucketSetPropertyResponse
[INFO] Tests run: 1, Failures: 0, Errors: 0, Skipped: 0, Time elapsed: 1.419 s -- in org.apache.hadoop.ozone.om.response.bucket.TestOMBucketSetPropertyResponse
[INFO] Running org.apache.hadoop.ozone.om.response.bucket.TestOMBucketDeleteResponse
[INFO] Tests run: 1, Failures: 0, Errors: 0, Skipped: 0, Time elapsed: 1.519 s -- in org.apache.hadoop.ozone.om.response.bucket.TestOMBucketDeleteResponse
[INFO] Running org.apache.hadoop.ozone.om.response.bucket.TestOMBucketCreateResponse
[INFO] Tests run: 1, Failures: 0, Errors: 0, Skipped: 0, Time elapsed: 1.461 s -- in org.apache.hadoop.ozone.om.response.bucket.TestOMBucketCreateResponse
[INFO] Running org.apache.hadoop.ozone.om.response.security.TestOMGetDelegationTokenResponse
[INFO] Tests run: 1, Failures: 0, Errors: 0, Skipped: 0, Time elapsed: 1.579 s -- in org.apache.hadoop.ozone.om.response.security.TestOMGetDelegationTokenResponse
[INFO] Running org.apache.hadoop.ozone.om.response.TestCleanupTableInfo
[INFO] Tests run: 3, Failures: 0, Errors: 0, Skipped: 0, Time elapsed: 4.156 s -- in org.apache.hadoop.ozone.om.response.TestCleanupTableInfo
[INFO] Running org.apache.hadoop.ozone.om.response.file.TestOMDirectoryCreateResponseWithFSO
[INFO] Tests run: 1, Failures: 0, Errors: 0, Skipped: 0, Time elapsed: 1.399 s -- in org.apache.hadoop.ozone.om.response.file.TestOMDirectoryCreateResponseWithFSO
[INFO] Running org.apache.hadoop.ozone.om.response.file.TestOMDirectoryCreateResponse
[INFO] Tests run: 1, Failures: 0, Errors: 0, Skipped: 0, Time elapsed: 1.530 s -- in org.apache.hadoop.ozone.om.response.file.TestOMDirectoryCreateResponse
[INFO] Running org.apache.hadoop.ozone.om.response.file.TestOMFileCreateResponseWithFSO
[INFO] Tests run: 2, Failures: 0, Errors: 0, Skipped: 0, Time elapsed: 2.077 s -- in org.apache.hadoop.ozone.om.response.file.TestOMFileCreateResponseWithFSO
[INFO] Running org.apache.hadoop.ozone.om.response.snapshot.TestOMSnapshotMoveTableKeysResponse
[INFO] Tests run: 2, Failures: 0, Errors: 0, Skipped: 0, Time elapsed: 4.686 s -- in org.apache.hadoop.ozone.om.response.snapshot.TestOMSnapshotMoveTableKeysResponse
[INFO] Running org.apache.hadoop.ozone.om.response.snapshot.TestOMSnapshotCreateResponse
[INFO] Tests run: 5, Failures: 0, Errors: 0, Skipped: 0, Time elapsed: 3.956 s -- in org.apache.hadoop.ozone.om.response.snapshot.TestOMSnapshotCreateResponse
[INFO] Running org.apache.hadoop.ozone.om.response.snapshot.TestOMSnapshotDeleteResponse
[INFO] Tests run: 1, Failures: 0, Errors: 0, Skipped: 0, Time elapsed: 3.223 s -- in org.apache.hadoop.ozone.om.response.snapshot.TestOMSnapshotDeleteResponse
[INFO] Running org.apache.hadoop.ozone.om.response.lifecycle.TestOMLifecycleConfigurationDeleteResponse
[INFO] Tests run: 1, Failures: 0, Errors: 0, Skipped: 0, Time elapsed: 2.924 s -- in org.apache.hadoop.ozone.om.response.lifecycle.TestOMLifecycleConfigurationDeleteResponse
[INFO] Running org.apache.hadoop.ozone.om.response.lifecycle.TestOMLifecycleSaveScanStateResponse
[INFO] Tests run: 1, Failures: 0, Errors: 0, Skipped: 0, Time elapsed: 1.424 s -- in org.apache.hadoop.ozone.om.response.lifecycle.TestOMLifecycleSaveScanStateResponse
[INFO] Running org.apache.hadoop.ozone.om.response.lifecycle.TestOMLifecycleConfigurationSetResponse
[INFO] Tests run: 1, Failures: 0, Errors: 0, Skipped: 0, Time elapsed: 3.088 s -- in org.apache.hadoop.ozone.om.response.lifecycle.TestOMLifecycleConfigurationSetResponse
[INFO] Running org.apache.hadoop.ozone.om.service.TestCompactDBUtil
[INFO] Tests run: 12, Failures: 0, Errors: 0, Skipped: 0, Time elapsed: 1.986 s -- in org.apache.hadoop.ozone.om.service.TestCompactDBUtil
[INFO] Running org.apache.hadoop.ozone.om.service.TestQuotaRepairTask
[INFO] Tests run: 4, Failures: 0, Errors: 0, Skipped: 0, Time elapsed: 5.603 s -- in org.apache.hadoop.ozone.om.service.TestQuotaRepairTask
[INFO] Running org.apache.hadoop.ozone.om.service.TestMultipartUploadCleanupService
[INFO] Tests run: 3, Failures: 0, Errors: 0, Skipped: 0, Time elapsed: 22.52 s -- in org.apache.hadoop.ozone.om.service.TestMultipartUploadCleanupService
[INFO] Running org.apache.hadoop.ozone.om.service.TestDirectoryDeletingService
[INFO] Tests run: 4, Failures: 0, Errors: 0, Skipped: 0, Time elapsed: 48.47 s -- in org.apache.hadoop.ozone.om.service.TestDirectoryDeletingService
[INFO] Running org.apache.hadoop.ozone.om.service.TestSnapshotDiffCleanupService
[INFO] Tests run: 2, Failures: 0, Errors: 0, Skipped: 0, Time elapsed: 2.476 s -- in org.apache.hadoop.ozone.om.service.TestSnapshotDiffCleanupService
[INFO] Running org.apache.hadoop.ozone.om.service.TestOpenKeyCleanupService
[INFO] Tests run: 14, Failures: 0, Errors: 0, Skipped: 0, Time elapsed: 23.69 s -- in org.apache.hadoop.ozone.om.service.TestOpenKeyCleanupService
[INFO] Running org.apache.hadoop.ozone.om.service.TestKeyDeletingService
[INFO] Running org.apache.hadoop.ozone.om.service.TestKeyDeletingService$RequestBatching
[INFO] Tests run: 1, Failures: 0, Errors: 0, Skipped: 0, Time elapsed: 17.83 s -- in org.apache.hadoop.ozone.om.service.TestKeyDeletingService$RequestBatching
[INFO] Running org.apache.hadoop.ozone.om.service.TestKeyDeletingService$Metrics
[INFO] Tests run: 1, Failures: 0, Errors: 0, Skipped: 0, Time elapsed: 13.26 s -- in org.apache.hadoop.ozone.om.service.TestKeyDeletingService$Metrics
[INFO] Running org.apache.hadoop.ozone.om.service.TestKeyDeletingService$Failing
[INFO] Tests run: 4, Failures: 0, Errors: 0, Skipped: 0, Time elapsed: 12.54 s -- in org.apache.hadoop.ozone.om.service.TestKeyDeletingService$Failing
[INFO] Running org.apache.hadoop.ozone.om.service.TestKeyDeletingService$SnapshotDbHandlePermitDeadlock
[INFO] Tests run: 1, Failures: 0, Errors: 0, Skipped: 0, Time elapsed: 10.64 s -- in org.apache.hadoop.ozone.om.service.TestKeyDeletingService$SnapshotDbHandlePermitDeadlock
[INFO] Running org.apache.hadoop.ozone.om.service.TestKeyDeletingService$SnapshotDbHandleLifecycle
[INFO] Tests run: 1, Failures: 0, Errors: 0, Skipped: 0, Time elapsed: 10.42 s -- in org.apache.hadoop.ozone.om.service.TestKeyDeletingService$SnapshotDbHandleLifecycle
[INFO] Running org.apache.hadoop.ozone.om.service.TestKeyDeletingService$Normal
[INFO] Tests run: 10, Failures: 0, Errors: 0, Skipped: 0, Time elapsed: 27.51 s -- in org.apache.hadoop.ozone.om.service.TestKeyDeletingService$Normal
[INFO] Tests run: 0, Failures: 0, Errors: 0, Skipped: 0, Time elapsed: 92.29 s -- in org.apache.hadoop.ozone.om.service.TestKeyDeletingService
[INFO] Running org.apache.hadoop.ozone.om.service.TestKeyLifecycleService
[INFO] Running org.apache.hadoop.ozone.om.service.TestKeyLifecycleService
[INFO] Running org.apache.hadoop.ozone.om.service.TestKeyLifecycleService$WithAclsEnabled
[INFO] Tests run: 4, Failures: 0, Errors: 0, Skipped: 0, Time elapsed: 14.51 s -- in org.apache.hadoop.ozone.om.service.TestKeyLifecycleService$WithAclsEnabled
[INFO] Running org.apache.hadoop.ozone.om.service.TestKeyLifecycleService$Failing
[WARNING] Tests run: 24, Failures: 0, Errors: 0, Skipped: 4, Time elapsed: 13.01 s -- in org.apache.hadoop.ozone.om.service.TestKeyLifecycleService$Failing
[INFO] Running org.apache.hadoop.ozone.om.service.TestKeyLifecycleService$Normal
[WARNING] Tests run: 148, Failures: 0, Errors: 0, Skipped: 8, Time elapsed: 90.40 s -- in org.apache.hadoop.ozone.om.service.TestKeyLifecycleService$Normal
[INFO] Tests run: 0, Failures: 0, Errors: 0, Skipped: 0, Time elapsed: 120.1 s -- in org.apache.hadoop.ozone.om.service.TestKeyLifecycleService
[INFO] Running org.apache.hadoop.ozone.om.service.TestKeyLifecycleService
[INFO] Running org.apache.hadoop.ozone.om.service.TestKeyLifecycleService$WithAclsEnabled
[INFO] Tests run: 4, Failures: 0, Errors: 0, Skipped: 0, Time elapsed: 11.01 s -- in org.apache.hadoop.ozone.om.service.TestKeyLifecycleService$WithAclsEnabled
[INFO] Running org.apache.hadoop.ozone.om.service.TestKeyLifecycleService$Failing
[INFO] Tests run: 24, Failures: 0, Errors: 0, Skipped: 0, Time elapsed: 16.02 s -- in org.apache.hadoop.ozone.om.service.TestKeyLifecycleService$Failing
[INFO] Running org.apache.hadoop.ozone.om.service.TestKeyLifecycleService$Normal
[ERROR] Tests run: 148, Failures: 0, Errors: 1, Skipped: 6, Time elapsed: 102.0 s <<< FAILURE! -- in org.apache.hadoop.ozone.om.service.TestKeyLifecycleService$Normal
[ERROR] org.apache.hadoop.ozone.om.service.TestKeyLifecycleService$Normal.testKeyUpdatedShouldNotGetDeleted(BucketLayout)[2][2] -- Time elapsed: 10.74 s <<< ERROR!
java.util.concurrent.TimeoutException: 
Timed out waiting for condition. Thread diagnostics:
Timestamp: 2026-08-14 06:09:46,289

"IPC Server handler 81 on default port 9862" daemon prio=5 tid=2650 timed_waiting
java.lang.Thread.State: TIMED_WAITING
        at java.base@25.0.3/jdk.internal.misc.Unsafe.park(Native Method)
        at java.base@25.0.3/java.util.concurrent.locks.LockSupport.parkNanos(LockSupport.java:271)
        at java.base@25.0.3/java.util.concurrent.locks.AbstractQueuedSynchronizer$ConditionObject.awaitNanos(AbstractQueuedSynchronizer.java:1803)
        at java.base@25.0.3/java.util.concurrent.LinkedBlockingQueue.poll(LinkedBlockingQueue.java:460)
        at app//org.apache.hadoop.ipc_.CallQueueManager.take(CallQueueManager.java:294)
        at app//org.apache.hadoop.ipc_.Server$Handler.run(Server.java:2634)
"IPC Parameter Sending Thread for 0.0.0.0/0.0.0.0:9862" daemon prio=5 tid=2676 timed_waiting
java.lang.Thread.State: TIMED_WAITING
        at java.base@25.0.3/jdk.internal.misc.Unsafe.park(Native Method)
        at java.base@25.0.3/java.util.concurrent.locks.LockSupport.parkNanos(LockSupport.java:408)
        at java.base@25.0.3/java.util.concurrent.LinkedTransferQueue$DualNode.await(LinkedTransferQueue.java:452)
        at java.base@25.0.3/java.util.concurrent.LinkedTransferQueue.xfer(LinkedTransferQueue.java:613)
        at java.base@25.0.3/java.util.concurrent.SynchronousQueue.xfer(SynchronousQueue.java:235)
        at java.base@25.0.3/java.util.concurrent.SynchronousQueue.poll(SynchronousQueue.java:338)
        at app//org.apache.hadoop.ipc_.Client$Connection$RpcRequestSender.run(Client.java:1052)
        at java.base@25.0.3/java.lang.Thread.runWith(Thread.java:1487)
        at java.base@25.0.3/java.lang.Thread.run(Thread.java:1474)
"om1-OpenKeyCleanupService#0" daemon prio=5 tid=2551 timed_waiting
java.lang.Thread.State: TIMED_WAITING
        at java.base@25.0.3/jdk.internal.misc.Unsafe.park(Native Method)
        at java.base@25.0.3/java.util.concurrent.locks.LockSupport.parkNanos(LockSupport.java:271)
        at java.base@25.0.3/java.util.concurrent.locks.AbstractQueuedSynchronizer$ConditionObject.awaitNanos(AbstractQueuedSynchronizer.java:1803)
        at java.base@25.0.3/java.util.concurrent.ScheduledThreadPoolExecutor$DelayedWorkQueue.take(ScheduledThreadPoolExecutor.java:1166)
        at java.base@25.0.3/java.util.concurrent.ScheduledThreadPoolExecutor$DelayedWorkQueue.take(ScheduledThreadPoolExecutor.java:883)
        at java.base@25.0.3/java.util.concurrent.ThreadPoolExecutor.getTask(ThreadPoolExecutor.java:1016)
        at java.base@25.0.3/java.util.concurrent.ThreadPoolExecutor.runWorker(ThreadPoolExecutor.java:1076)
        at java.base@25.0.3/java.util.concurrent.ThreadPoolExecutor$Worker.run(ThreadPoolExecutor.java:614)
        at java.base@25.0.3/java.lang.Thread.runWith(Thread.java:1487)
        at java.base@25.0.3/java.lang.Thread.run(Thread.java:1474)
"IPC Server handler 15 on default port 9862" daemon prio=5 tid=2584 timed_waiting
java.lang.Thread.State: TIMED_WAITING
        at java.base@25.0.3/jdk.internal.misc.Unsafe.park(Native Method)
        at java.base@25.0.3/java.util.concurrent.locks.LockSupport.parkNanos(LockSupport.java:271)
        at java.base@25.0.3/java.util.concurrent.locks.AbstractQueuedSynchronizer$ConditionObject.awaitNanos(AbstractQueuedSynchronizer.java:1803)
        at java.base@25.0.3/java.util.concurrent.LinkedBlockingQueue.poll(LinkedBlockingQueue.java:460)
        at app//org.apache.hadoop.ipc_.CallQueueManager.take(CallQueueManager.java:294)
        at app//org.apache.hadoop.ipc_.Server$Handler.run(Server.java:2634)
"qtp88341167-2560" daemon prio=5 tid=2560 runnable
java.lang.Thread.State: RUNNABLE
        at java.base@25.0.3/sun.nio.ch.EPoll.wait(Native Method)
        at java.base@25.0.3/sun.nio.ch.EPollSelectorImpl.doSelect(EPollSelectorImpl.java:117)
        at java.base@25.0.3/sun.nio.ch.SelectorImpl.lockAndDoSelect(SelectorImpl.java:130)
        at java.base@25.0.3/sun.nio.ch.SelectorImpl.select(SelectorImpl.java:147)
        at app//org.eclipse.jetty.io.ManagedSelector.nioSelect(ManagedSelector.java:183)
        at app//org.eclipse.jetty.io.ManagedSelector.select(ManagedSelector.java:190)
        at app//org.eclipse.jetty.io.ManagedSelector$SelectorProducer.select(ManagedSelector.java:606)
        at app//org.eclipse.jetty.io.ManagedSelector$SelectorProducer.produce(ManagedSelector.java:543)
        at app//org.eclipse.jetty.util.thread.strategy.EatWhatYouKill.produceTask(EatWhatYouKill.java:362)
        at app//org.eclipse.jetty.util.thread.strategy.EatWhatYouKill.doProduce(EatWhatYouKill.java:186)
        at app//org.eclipse.jetty.util.thread.strategy.EatWhatYouKill.tryProduce(EatWhatYouKill.java:173)
        at app//org.eclipse.jetty.util.thread.strategy.EatWhatYouKill.produce(EatWhatYouKill.java:137)
        at app//org.eclipse.jetty.io.ManagedSelector$$Lambda/0x00000000079d1568.run(Unknown Source)
        at app//org.eclipse.jetty.util.thread.QueuedThreadPool.runJob(QueuedThreadPool.java:883)
        at app//org.eclipse.jetty.util.thread.QueuedThreadPool$Runner.run(QueuedThreadPool.java:1034)
        at java.base@25.0.3/java.lang.Thread.runWith(Thread.java:1487)
        at java.base@25.0.3/java.lang.Thread.run(Thread.java:1474)
"om1-KeyLifecycleService#1" daemon prio=5 tid=2558 in Object.wait()
java.lang.Thread.State: WAITING (on object monitor)
        at java.base@25.0.3/jdk.internal.misc.Unsafe.park(Native Method)
        at java.base@25.0.3/java.util.concurrent.locks.LockSupport.park(LockSupport.java:369)
        at java.base@25.0.3/java.util.concurrent.locks.AbstractQueuedSynchronizer$ConditionNode.block(AbstractQueuedSynchronizer.java:520)
        at java.base@25.0.3/java.util.concurrent.ForkJoinPool.unmanagedBlock(ForkJoinPool.java:4364)
        at java.base@25.0.3/java.util.concurrent.ForkJoinPool.managedBlock(ForkJoinPool.java:4310)
        at java.base@25.0.3/java.util.concurrent.locks.AbstractQueuedSynchronizer$ConditionObject.await(AbstractQueuedSynchronizer.java:1752)
        at java.base@25.0.3/java.util.concurrent.ScheduledThreadPoolExecutor$DelayedWorkQueue.take(ScheduledThreadPoolExecutor.java:1161)
        at java.base@25.0.3/java.util.concurrent.ScheduledThreadPoolExecutor$DelayedWorkQueue.take(ScheduledThreadPoolExecutor.java:883)
        at java.base@25.0.3/java.util.concurrent.ThreadPoolExecutor.getTask(ThreadPoolExecutor.java:1016)
        at java.base@25.0.3/java.util.concurrent.ThreadPoolExecutor.runWorker(ThreadPoolExecutor.java:1076)
        at java.base@25.0.3/java.util.concurrent.ThreadPoolExecutor$Worker.run(ThreadPoolExecutor.java:614)
        at java.base@25.0.3/java.lang.Thread.runWith(Thread.java:1487)
        at java.base@25.0.3/java.lang.Thread.run(Thread.java:1474)
"om1-SstFilteringService#0" daemon prio=5 tid=2554 timed_waiting
java.lang.Thread.State: TIMED_WAITING
        at java.base@25.0.3/jdk.internal.misc.Unsafe.park(Native Method)
        at java.base@25.0.3/java.util.concurrent.locks.LockSupport.parkNanos(LockSupport.java:271)
        at java.base@25.0.3/java.util.concurrent.locks.AbstractQueuedSynchronizer$ConditionObject.awaitNanos(AbstractQueuedSynchronizer.java:1803)
        at java.base@25.0.3/java.util.concurrent.ScheduledThreadPoolExecutor$DelayedWorkQueue.take(ScheduledThreadPoolExecutor.java:1166)
        at java.base@25.0.3/java.util.concurrent.ScheduledThreadPoolExecutor$DelayedWorkQueue.take(ScheduledThreadPoolExecutor.java:883)
        at java.base@25.0.3/java.util.concurrent.ThreadPoolExecutor.getTask(ThreadPoolExecutor.java:1016)
        at java.base@25.0.3/java.util.concurrent.ThreadPoolExecutor.runWorker(ThreadPoolExecutor.java:1076)
        at java.base@25.0.3/java.util.concurrent.ThreadPoolExecutor$Worker.run(ThreadPoolExecutor.java:614)
        at java.base@25.0.3/java.lang.Thread.runWith(Thread.java:1487)
        at java.base@25.0.3/java.lang.Thread.run(Thread.java:1474)
"fileTable_PartialTableCache-Cleanup-0" daemon prio=5 tid=1088 in Object.wait()
java.lang.Thread.State: WAITING (on object monitor)
        at java.base@25.0.3/jdk.internal.misc.Unsafe.park(Native Method)
        at java.base@25.0.3/java.util.concurrent.locks.LockSupport.park(LockSupport.java:369)
        at java.base@25.0.3/java.util.concurrent.locks.AbstractQueuedSynchronizer$ConditionNode.block(AbstractQueuedSynchronizer.java:520)
        at java.base@25.0.3/java.util.concurrent.ForkJoinPool.unmanagedBlock(ForkJoinPool.java:4364)
        at java.base@25.0.3/java.util.concurrent.ForkJoinPool.managedBlock(ForkJoinPool.java:4310)
        at java.base@25.0.3/java.util.concurrent.locks.AbstractQueuedSynchronizer$ConditionObject.await(AbstractQueuedSynchronizer.java:1752)
        at java.base@25.0.3/java.util.concurrent.LinkedBlockingQueue.take(LinkedBlockingQueue.java:435)
        at java.base@25.0.3/java.util.concurrent.ThreadPoolExecutor.getTask(ThreadPoolExecutor.java:1016)
        at java.base@25.0.3/java.util.concurrent.ThreadPoolExecutor.runWorker(ThreadPoolExecutor.java:1076)
        at java.base@25.0.3/java.util.concurrent.ThreadPoolExecutor$Worker.run(ThreadPoolExecutor.java:614)
        at java.base@25.0.3/java.lang.Thread.runWith(Thread.java:1487)
        at java.base@25.0.3/java.lang.Thread.run(Thread.java:1474)
"snapshotRenamedTable_PartialTableCache-Cleanup-0" daemon prio=5 tid=2683 in Object.wait()
java.lang.Thread.State: WAITING (on object monitor)
        at java.base@25.0.3/jdk.internal.misc.Unsafe.park(Native Method)
        at java.base@25.0.3/java.util.concurrent.locks.LockSupport.park(LockSupport.java:369)
        at java.base@25.0.3/java.util.concurrent.locks.AbstractQueuedSynchronizer$ConditionNode.block(AbstractQueuedSynchronizer.java:520)
        at java.base@25.0.3/java.util.concurrent.ForkJoinPool.unmanagedBlock(ForkJoinPool.java:4364)
        at java.base@25.0.3/java.util.concurrent.ForkJoinPool.managedBlock(ForkJoinPool.java:4310)
        at java.base@25.0.3/java.util.concurrent.locks.AbstractQueuedSynchronizer$ConditionObject.await(AbstractQueuedSynchronizer.java:1752)
        at java.base@25.0.3/java.util.concurrent.LinkedBlockingQueue.take(LinkedBlockingQueue.java:435)
        at java.base@25.0.3/java.util.concurrent.ThreadPoolExecutor.getTask(ThreadPoolExecutor.java:1016)
        at java.base@25.0.3/java.util.concurrent.ThreadPoolExecutor.runWorker(ThreadPoolExecutor.java:1076)
        at java.base@25.0.3/java.util.concurrent.ThreadPoolExecutor$Worker.run(ThreadPoolExecutor.java:614)
        at java.base@25.0.3/java.lang.Thread.runWith(Thread.java:1487)
        at java.base@25.0.3/java.lang.Thread.run(Thread.java:1474)
"lifecycleConfigurationTable_FullTableCache-Cleanup-0" daemon prio=5 tid=591 timed_waiting
java.lang.Thread.State: TIMED_WAITING
        at java.base@25.0.3/jdk.internal.misc.Unsafe.park(Native Method)
        at java.base@25.0.3/java.util.concurrent.locks.LockSupport.parkNanos(LockSupport.java:271)
        at java.base@25.0.3/java.util.concurrent.locks.AbstractQueuedSynchronizer$ConditionObject.awaitNanos(AbstractQueuedSynchronizer.java:1803)
        at java.base@25.0.3/java.util.concurrent.ScheduledThreadPoolExecutor$DelayedWorkQueue.take(ScheduledThreadPoolExecutor.java:1166)
        at java.base@25.0.3/java.util.concurrent.ScheduledThreadPoolExecutor$DelayedWorkQueue.take(ScheduledThreadPoolExecutor.java:883)
        at java.base@25.0.3/java.util.concurrent.ThreadPoolExecutor.getTask(ThreadPoolExecutor.java:1016)
        at java.base@25.0.3/java.util.concurrent.ThreadPoolExecutor.runWorker(ThreadPoolExecutor.java:1076)
        at java.base@25.0.3/java.util.concurrent.ThreadPoolExecutor$Worker.run(ThreadPoolExecutor.java:614)
        at java.base@25.0.3/java.lang.Thread.runWith(Thread.java:1487)
        at java.base@25.0.3/java.lang.Thread.run(Thread.java:1474)
"IPC Server handler 57 on default port 9862" daemon prio=5 tid=2626 timed_waiting
java.lang.Thread.State: TIMED_WAITING
        at java.base@25.0.3/jdk.internal.misc.Unsafe.park(Native Method)
        at java.base@25.0.3/java.util.concurrent.locks.LockSupport.parkNanos(LockSupport.java:271)
        at java.base@25.0.3/java.util.concurrent.locks.AbstractQueuedSynchronizer$ConditionObject.awaitNanos(AbstractQueuedSynchronizer.java:1803)
        at java.base@25.0.3/java.util.concurrent.LinkedBlockingQueue.poll(LinkedBlockingQueue.java:460)
        at app//org.apache.hadoop.ipc_.CallQueueManager.take(CallQueueManager.java:294)
        at app//org.apache.hadoop.ipc_.Server$Handler.run(Server.java:2634)
"IPC Server handler 82 on default port 9862" daemon prio=5 tid=2651 timed_waiting
java.lang.Thread.State: TIMED_WAITING
        at java.base@25.0.3/jdk.internal.misc.Unsafe.park(Native Method)
        at java.base@25.0.3/java.util.concurrent.locks.LockSupport.parkNanos(LockSupport.java:271)
        at java.base@25.0.3/java.util.concurrent.locks.AbstractQueuedSynchronizer$ConditionObject.awaitNanos(AbstractQueuedSynchronizer.java:1803)
        at java.base@25.0.3/java.util.concurrent.LinkedBlockingQueue.poll(LinkedBlockingQueue.java:460)
        at app//org.apache.hadoop.ipc_.CallQueueManager.take(CallQueueManager.java:294)
        at app//org.apache.hadoop.ipc_.Server$Handler.run(Server.java:2634)
"om1-OMDoubleBufferFlushThread" daemon prio=5 tid=2522 timed_waiting
java.lang.Thread.State: TIMED_WAITING
        at java.base@25.0.3/java.lang.Object.wait0(Native Method)
        at java.base@25.0.3/java.lang.Object.wait(Object.java:389)
        at app//org.apache.hadoop.ozone.om.ratis.OzoneManagerDoubleBuffer.canFlush(OzoneManagerDoubleBuffer.java:576)
        at app//org.apache.hadoop.ozone.om.ratis.OzoneManagerDoubleBuffer.flushTransactions(OzoneManagerDoubleBuffer.java:296)
        at app//org.apache.hadoop.ozone.om.ratis.OzoneManagerDoubleBuffer$$Lambda/0x000000000773b670.run(Unknown Source)
        at java.base@25.0.3/java.lang.Thread.runWith(Thread.java:1487)
        at java.base@25.0.3/java.lang.Thread.run(Thread.java:1474)
"lifecycleConfigurationTable_FullTableCache-Cleanup-0" daemon prio=5 tid=2517 timed_waiting
java.lang.Thread.State: TIMED_WAITING
        at java.base@25.0.3/jdk.internal.misc.Unsafe.park(Native Method)
        at java.base@25.0.3/java.util.concurrent.locks.LockSupport.parkNanos(LockSupport.java:271)
        at java.base@25.0.3/java.util.concurrent.locks.AbstractQueuedSynchronizer$ConditionObject.awaitNanos(AbstractQueuedSynchronizer.java:1803)
        at java.base@25.0.3/java.util.concurrent.ScheduledThreadPoolExecutor$DelayedWorkQueue.take(ScheduledThreadPoolExecutor.java:1166)
        at java.base@25.0.3/java.util.concurrent.ScheduledThreadPoolExecutor$DelayedWorkQueue.take(ScheduledThreadPoolExecutor.java:883)
        at java.base@25.0.3/java.util.concurrent.ThreadPoolExecutor.getTask(ThreadPoolExecutor.java:1016)
        at java.base@25.0.3/java.util.concurrent.ThreadPoolExecutor.runWorker(ThreadPoolExecutor.java:1076)
        at java.base@25.0.3/java.util.concurrent.ThreadPoolExecutor$Worker.run(ThreadPoolExecutor.java:614)
        at java.base@25.0.3/java.lang.Thread.runWith(Thread.java:1487)
        at java.base@25.0.3/java.lang.Thread.run(Thread.java:1474)
"om1-MultipartUploadCleanupService#0" daemon prio=5 tid=2556 timed_waiting
java.lang.Thread.State: TIMED_WAITING
        at java.base@25.0.3/jdk.internal.misc.Unsafe.park(Native Method)
        at java.base@25.0.3/java.util.concurrent.locks.LockSupport.parkNanos(LockSupport.java:271)
        at java.base@25.0.3/java.util.concurrent.locks.AbstractQueuedSynchronizer$ConditionObject.awaitNanos(AbstractQueuedSynchronizer.java:1803)
        at java.base@25.0.3/java.util.concurrent.ScheduledThreadPoolExecutor$DelayedWorkQueue.take(ScheduledThreadPoolExecutor.java:1166)
        at java.base@25.0.3/java.util.concurrent.ScheduledThreadPoolExecutor$DelayedWorkQueue.take(ScheduledThreadPoolExecutor.java:883)
        at java.base@25.0.3/java.util.concurrent.ThreadPoolExecutor.getTask(ThreadPoolExecutor.java:1016)
        at java.base@25.0.3/java.util.concurrent.ThreadPoolExecutor.runWorker(ThreadPoolExecutor.java:1076)
        at java.base@25.0.3/java.util.concurrent.ThreadPoolExecutor$Worker.run(ThreadPoolExecutor.java:614)
        at java.base@25.0.3/java.lang.Thread.runWith(Thread.java:1487)
        at java.base@25.0.3/java.lang.Thread.run(Thread.java:1474)
"IPC Server handler 97 on default port 9862" daemon prio=5 tid=2666 timed_waiting
java.lang.Thread.State: TIMED_WAITING
        at java.base@25.0.3/jdk.internal.misc.Unsafe.park(Native Method)
        at java.base@25.0.3/java.util.concurrent.locks.LockSupport.parkNanos(LockSupport.java:271)
        at java.base@25.0.3/java.util.concurrent.locks.AbstractQueuedSynchronizer$ConditionObject.awaitNanos(AbstractQueuedSynchronizer.java:1803)
        at java.base@25.0.3/java.util.concurrent.LinkedBlockingQueue.poll(LinkedBlockingQueue.java:460)
        at app//org.apache.hadoop.ipc_.CallQueueManager.take(CallQueueManager.java:294)
        at app//org.apache.hadoop.ipc_.Server$Handler.run(Server.java:2634)
"IPC Server handler 26 on default port 9862" daemon prio=5 tid=2595 timed_waiting
java.lang.Thread.State: TIMED_WAITING
        at java.base@25.0.3/jdk.internal.misc.Unsafe.park(Native Method)
        at java.base@25.0.3/java.util.concurrent.locks.LockSupport.parkNanos(LockSupport.java:271)
        at java.base@25.0.3/java.util.concurrent.locks.AbstractQueuedSynchronizer$ConditionObject.awaitNanos(AbstractQueuedSynchronizer.java:1803)
        at java.base@25.0.3/java.util.concurrent.LinkedBlockingQueue.poll(LinkedBlockingQueue.java:460)
        at app//org.apache.hadoop.ipc_.CallQueueManager.take(CallQueueManager.java:294)
        at app//org.apache.hadoop.ipc_.Server$Handler.run(Server.java:2634)
"Finalizer" daemon prio=8 tid=14 in Object.wait()
java.lang.Thread.State: WAITING (on object monitor)
        at java.base@25.0.3/java.lang.Object.wait0(Native Method)
        at java.base@25.0.3/java.lang.Object.wait(Object.java:389)
        at java.base@25.0.3/java.lang.Object.wait(Object.java:351)
        at java.base@25.0.3/java.lang.ref.ReferenceQueue.remove0(ReferenceQueue.java:137)
        at java.base@25.0.3/java.lang.ref.ReferenceQueue.remove(ReferenceQueue.java:215)
        at java.base@25.0.3/java.lang.ref.Finalizer$FinalizerThread.run(Finalizer.java:165)
"om1@group-C5BA1605619E-SegmentedRaftLogWorker" daemon prio=5 tid=2539 timed_waiting
java.lang.Thread.State: TIMED_WAITING
        at java.base@25.0.3/jdk.internal.misc.Unsafe.park(Native Method)
        at java.base@25.0.3/java.util.concurrent.locks.LockSupport.parkNanos(LockSupport.java:271)
        at java.base@25.0.3/java.util.concurrent.locks.AbstractQueuedSynchronizer$ConditionObject.awaitNanos(AbstractQueuedSynchronizer.java:1803)
        at app//org.apache.ratis.util.DataBlockingQueue.poll(DataBlockingQueue.java:148)
        at app//org.apache.ratis.server.raftlog.segmented.SegmentedRaftLogWorker.run(SegmentedRaftLogWorker.java:309)
        at app//org.apache.ratis.server.raftlog.segmented.SegmentedRaftLogWorker$$Lambda/0x0000000007908460.run(Unknown Source)
        at java.base@25.0.3/java.util.concurrent.Executors$RunnableAdapter.call(Executors.java:545)
        at java.base@25.0.3/java.util.concurrent.FutureTask.run(FutureTask.java:328)
        at java.base@25.0.3/java.util.concurrent.ThreadPoolExecutor.runWorker(ThreadPoolExecutor.java:1090)
        at java.base@25.0.3/java.util.concurrent.ThreadPoolExecutor$Worker.run(ThreadPoolExecutor.java:614)
        at java.base@25.0.3/java.lang.Thread.runWith(Thread.java:1487)
        at java.base@25.0.3/java.lang.Thread.run(Thread.java:1474)
"IPC Server handler 88 on default port 9862" daemon prio=5 tid=2657 timed_waiting
java.lang.Thread.State: TIMED_WAITING
        at java.base@25.0.3/jdk.internal.misc.Unsafe.park(Native Method)
        at java.base@25.0.3/java.util.concurrent.locks.LockSupport.parkNanos(LockSupport.java:271)
        at java.base@25.0.3/java.util.concurrent.locks.AbstractQueuedSynchronizer$ConditionObject.awaitNanos(AbstractQueuedSynchronizer.java:1803)
        at java.base@25.0.3/java.util.concurrent.LinkedBlockingQueue.poll(LinkedBlockingQueue.java:460)
        at app//org.apache.hadoop.ipc_.CallQueueManager.take(CallQueueManager.java:294)
        at app//org.apache.hadoop.ipc_.Server$Handler.run(Server.java:2634)
"keyTable_PartialTableCache-Cleanup-0" daemon prio=5 tid=248 in Object.wait()
java.lang.Thread.State: WAITING (on object monitor)
        at java.base@25.0.3/jdk.internal.misc.Unsafe.park(Native Method)
        at java.base@25.0.3/java.util.concurrent.locks.LockSupport.park(LockSupport.java:369)
        at java.base@25.0.3/java.util.concurrent.locks.AbstractQueuedSynchronizer$ConditionNode.block(AbstractQueuedSynchronizer.java:520)
        at java.base@25.0.3/java.util.concurrent.ForkJoinPool.unmanagedBlock(ForkJoinPool.java:4364)
        at java.base@25.0.3/java.util.concurrent.ForkJoinPool.managedBlock(ForkJoinPool.java:4310)
        at java.base@25.0.3/java.util.concurrent.locks.AbstractQueuedSynchronizer$ConditionObject.await(AbstractQueuedSynchronizer.java:1752)
        at java.base@25.0.3/java.util.concurrent.LinkedBlockingQueue.take(LinkedBlockingQueue.java:435)
        at java.base@25.0.3/java.util.concurrent.ThreadPoolExecutor.getTask(ThreadPoolExecutor.java:1016)
        at java.base@25.0.3/java.util.concurrent.ThreadPoolExecutor.runWorker(ThreadPoolExecutor.java:1076)
        at java.base@25.0.3/java.util.concurrent.ThreadPoolExecutor$Worker.run(ThreadPoolExecutor.java:614)
        at java.base@25.0.3/java.lang.Thread.runWith(Thread.java:1487)
        at java.base@25.0.3/java.lang.Thread.run(Thread.java:1474)
"IPC Server listener on 9862" daemon prio=5 tid=2525 runnable
java.lang.Thread.State: RUNNABLE
        at java.base@25.0.3/sun.nio.ch.EPoll.wait(Native Method)
        at java.base@25.0.3/sun.nio.ch.EPollSelectorImpl.doSelect(EPollSelectorImpl.java:117)
        at java.base@25.0.3/sun.nio.ch.SelectorImpl.lockAndDoSelect(SelectorImpl.java:130)
        at java.base@25.0.3/sun.nio.ch.SelectorImpl.select(SelectorImpl.java:147)
        at app//org.apache.hadoop.ipc_.Server$Listener.run(Server.java:1066)
"process reaper" daemon prio=10 tid=33 timed_waiting
java.lang.Thread.State: TIMED_WAITING
        at java.base@25.0.3/jdk.internal.misc.Unsafe.park(Native Method)
        at java.base@25.0.3/java.util.concurrent.locks.LockSupport.parkNanos(LockSupport.java:408)
        at java.base@25.0.3/java.util.concurrent.LinkedTransferQueue$DualNode.await(LinkedTransferQueue.java:452)
        at java.base@25.0.3/java.util.concurrent.SynchronousQueue$Transferer.xferLifo(SynchronousQueue.java:194)
        at java.base@25.0.3/java.util.concurrent.SynchronousQueue.xfer(SynchronousQueue.java:235)
        at java.base@25.0.3/java.util.concurrent.SynchronousQueue.poll(SynchronousQueue.java:338)
        at java.base@25.0.3/java.util.concurrent.ThreadPoolExecutor.getTask(ThreadPoolExecutor.java:1015)
        at java.base@25.0.3/java.util.concurrent.ThreadPoolExecutor.runWorker(ThreadPoolExecutor.java:1076)
        at java.base@25.0.3/java.util.concurrent.ThreadPoolExecutor$Worker.run(ThreadPoolExecutor.java:614)
        at java.base@25.0.3/java.lang.Thread.runWith(Thread.java:1487)
        at java.base@25.0.3/java.lang.Thread.run(Thread.java:1474)
        at java.base@25.0.3/jdk.internal.misc.InnocuousThread.run(InnocuousThread.java:148)
"IPC Server handler 78 on default port 9862" daemon prio=5 tid=2647 timed_waiting
java.lang.Thread.State: TIMED_WAITING
        at java.base@25.0.3/jdk.internal.misc.Unsafe.park(Native Method)
        at java.base@25.0.3/java.util.concurrent.locks.LockSupport.parkNanos(LockSupport.java:271)
        at java.base@25.0.3/java.util.concurrent.locks.AbstractQueuedSynchronizer$ConditionObject.awaitNanos(AbstractQueuedSynchronizer.java:1803)
        at java.base@25.0.3/java.util.concurrent.LinkedBlockingQueue.poll(LinkedBlockingQueue.java:460)
        at app//org.apache.hadoop.ipc_.CallQueueManager.take(CallQueueManager.java:294)
        at app//org.apache.hadoop.ipc_.Server$Handler.run(Server.java:2634)
"NetworkTopologyPoller" daemon prio=5 tid=2546 timed_waiting
java.lang.Thread.State: TIMED_WAITING
        at java.base@25.0.3/jdk.internal.misc.Unsafe.park(Native Method)
        at java.base@25.0.3/java.util.concurrent.locks.LockSupport.parkNanos(LockSupport.java:271)
        at java.base@25.0.3/java.util.concurrent.locks.AbstractQueuedSynchronizer$ConditionObject.awaitNanos(AbstractQueuedSynchronizer.java:1803)
        at java.base@25.0.3/java.util.concurrent.ScheduledThreadPoolExecutor$DelayedWorkQueue.take(ScheduledThreadPoolExecutor.java:1166)
        at java.base@25.0.3/java.util.concurrent.ScheduledThreadPoolExecutor$DelayedWorkQueue.take(ScheduledThreadPoolExecutor.java:883)
        at java.base@25.0.3/java.util.concurrent.ThreadPoolExecutor.getTask(ThreadPoolExecutor.java:1016)
        at java.base@25.0.3/java.util.concurrent.ThreadPoolExecutor.runWorker(ThreadPoolExecutor.java:1076)
        at java.base@25.0.3/java.util.concurrent.ThreadPoolExecutor$Worker.run(ThreadPoolExecutor.java:614)
        at java.base@25.0.3/java.lang.Thread.runWith(Thread.java:1487)
        at java.base@25.0.3/java.lang.Thread.run(Thread.java:1474)
"bucketTable_FullTableCache-Cleanup-0" daemon prio=5 tid=924 timed_waiting
java.lang.Thread.State: TIMED_WAITING
        at java.base@25.0.3/jdk.internal.misc.Unsafe.park(Native Method)
        at java.base@25.0.3/java.util.concurrent.locks.LockSupport.parkNanos(LockSupport.java:271)
        at java.base@25.0.3/java.util.concurrent.locks.AbstractQueuedSynchronizer$ConditionObject.awaitNanos(AbstractQueuedSynchronizer.java:1803)
        at java.base@25.0.3/java.util.concurrent.ScheduledThreadPoolExecutor$DelayedWorkQueue.take(ScheduledThreadPoolExecutor.java:1166)
        at java.base@25.0.3/java.util.concurrent.ScheduledThreadPoolExecutor$DelayedWorkQueue.take(ScheduledThreadPoolExecutor.java:883)
        at java.base@25.0.3/java.util.concurrent.ThreadPoolExecutor.getTask(ThreadPoolExecutor.java:1016)
        at java.base@25.0.3/java.util.concurrent.ThreadPoolExecutor.runWorker(ThreadPoolExecutor.java:1076)
        at java.base@25.0.3/java.util.concurrent.ThreadPoolExecutor$Worker.run(ThreadPoolExecutor.java:614)
        at java.base@25.0.3/java.lang.Thread.runWith(Thread.java:1487)
        at java.base@25.0.3/java.lang.Thread.run(Thread.java:1474)
"IPC Server handler 53 on default port 9862" daemon prio=5 tid=2622 timed_waiting
java.lang.Thread.State: TIMED_WAITING
        at java.base@25.0.3/jdk.internal.misc.Unsafe.park(Native Method)
        at java.base@25.0.3/java.util.concurrent.locks.LockSupport.parkNanos(LockSupport.java:271)
        at java.base@25.0.3/java.util.concurrent.locks.AbstractQueuedSynchronizer$ConditionObject.awaitNanos(AbstractQueuedSynchronizer.java:1803)
        at java.base@25.0.3/java.util.concurrent.LinkedBlockingQueue.poll(LinkedBlockingQueue.java:460)
        at app//org.apache.hadoop.ipc_.CallQueueManager.take(CallQueueManager.java:294)
        at app//org.apache.hadoop.ipc_.Server$Handler.run(Server.java:2634)
"IPC Server handler 20 on default port 9862" daemon prio=5 tid=2589 timed_waiting
java.lang.Thread.State: TIMED_WAITING
        at java.base@25.0.3/jdk.internal.misc.Unsafe.park(Native Method)
        at java.base@25.0.3/java.util.concurrent.locks.LockSupport.parkNanos(LockSupport.java:271)
        at java.base@25.0.3/java.util.concurrent.locks.AbstractQueuedSynchronizer$ConditionObject.awaitNanos(AbstractQueuedSynchronizer.java:1803)
        at java.base@25.0.3/java.util.concurrent.LinkedBlockingQueue.poll(LinkedBlockingQueue.java:460)
        at app//org.apache.hadoop.ipc_.CallQueueManager.take(CallQueueManager.java:294)
        at app//org.apache.hadoop.ipc_.Server$Handler.run(Server.java:2634)
"om1-SnapshotDeletingService#0" daemon prio=5 tid=2555 timed_waiting
java.lang.Thread.State: TIMED_WAITING
        at java.base@25.0.3/jdk.internal.misc.Unsafe.park(Native Method)
        at java.base@25.0.3/java.util.concurrent.locks.LockSupport.parkNanos(LockSupport.java:271)
        at java.base@25.0.3/java.util.concurrent.locks.AbstractQueuedSynchronizer$ConditionObject.awaitNanos(AbstractQueuedSynchronizer.java:1803)
        at java.base@25.0.3/java.util.concurrent.ScheduledThreadPoolExecutor$DelayedWorkQueue.take(ScheduledThreadPoolExecutor.java:1166)
        at java.base@25.0.3/java.util.concurrent.ScheduledThreadPoolExecutor$DelayedWorkQueue.take(ScheduledThreadPoolExecutor.java:883)
        at java.base@25.0.3/java.util.concurrent.ThreadPoolExecutor.getTask(ThreadPoolExecutor.java:1016)
        at java.base@25.0.3/java.util.concurrent.ThreadPoolExecutor.runWorker(ThreadPoolExecutor.java:1076)
        at java.base@25.0.3/java.util.concurrent.ThreadPoolExecutor$Worker.run(ThreadPoolExecutor.java:614)
        at java.base@25.0.3/java.lang.Thread.runWith(Thread.java:1487)
        at java.base@25.0.3/java.lang.Thread.run(Thread.java:1474)
"volumeTable_FullTableCache-Cleanup-0" daemon prio=5 tid=589 timed_waiting
java.lang.Thread.State: TIMED_WAITING
        at java.base@25.0.3/jdk.internal.misc.Unsafe.park(Native Method)
        at java.base@25.0.3/java.util.concurrent.locks.LockSupport.parkNanos(LockSupport.java:271)
        at java.base@25.0.3/java.util.concurrent.locks.AbstractQueuedSynchronizer$ConditionObject.awaitNanos(AbstractQueuedSynchronizer.java:1803)
        at java.base@25.0.3/java.util.concurrent.ScheduledThreadPoolExecutor$DelayedWorkQueue.take(ScheduledThreadPoolExecutor.java:1166)
        at java.base@25.0.3/java.util.concurrent.ScheduledThreadPoolExecutor$DelayedWorkQueue.take(ScheduledThreadPoolExecutor.java:883)
        at java.base@25.0.3/java.util.concurrent.ThreadPoolExecutor.getTask(ThreadPoolExecutor.java:1016)
        at java.base@25.0.3/java.util.concurrent.ThreadPoolExecutor.runWorker(ThreadPoolExecutor.java:1076)
        at java.base@25.0.3/java.util.concurrent.ThreadPoolExecutor$Worker.run(ThreadPoolExecutor.java:614)
        at java.base@25.0.3/java.lang.Thread.runWith(Thread.java:1487)
        at java.base@25.0.3/java.lang.Thread.run(Thread.java:1474)
"IPC Server handler 65 on default port 9862" daemon prio=5 tid=2634 timed_waiting
java.lang.Thread.State: TIMED_WAITING
        at java.base@25.0.3/jdk.internal.misc.Unsafe.park(Native Method)
        at java.base@25.0.3/java.util.concurrent.locks.LockSupport.parkNanos(LockSupport.java:271)
        at java.base@25.0.3/java.util.concurrent.locks.AbstractQueuedSynchronizer$ConditionObject.awaitNanos(AbstractQueuedSynchronizer.java:1803)
        at java.base@25.0.3/java.util.concurrent.LinkedBlockingQueue.poll(LinkedBlockingQueue.java:460)
        at app//org.apache.hadoop.ipc_.CallQueueManager.take(CallQueueManager.java:294)
        at app//org.apache.hadoop.ipc_.Server$Handler.run(Server.java:2634)
"IPC Server handler 90 on default port 9862" daemon prio=5 tid=2659 timed_waiting
java.lang.Thread.State: TIMED_WAITING
        at java.base@25.0.3/jdk.internal.misc.Unsafe.park(Native Method)
        at java.base@25.0.3/java.util.concurrent.locks.LockSupport.parkNanos(LockSupport.java:271)
        at java.base@25.0.3/java.util.concurrent.locks.AbstractQueuedSynchronizer$ConditionObject.awaitNanos(AbstractQueuedSynchronizer.java:1803)
        at java.base@25.0.3/java.util.concurrent.LinkedBlockingQueue.poll(LinkedBlockingQueue.java:460)
        at app//org.apache.hadoop.ipc_.CallQueueManager.take(CallQueueManager.java:294)
        at app//org.apache.hadoop.ipc_.Server$Handler.run(Server.java:2634)
"volumeTable_FullTableCache-Cleanup-0" daemon prio=5 tid=923 timed_waiting
java.lang.Thread.State: TIMED_WAITING
        at java.base@25.0.3/jdk.internal.misc.Unsafe.park(Native Method)
        at java.base@25.0.3/java.util.concurrent.locks.LockSupport.parkNanos(LockSupport.java:271)
        at java.base@25.0.3/java.util.concurrent.locks.AbstractQueuedSynchronizer$ConditionObject.awaitNanos(AbstractQueuedSynchronizer.java:1803)
        at java.base@25.0.3/java.util.concurrent.ScheduledThreadPoolExecutor$DelayedWorkQueue.take(ScheduledThreadPoolExecutor.java:1166)
        at java.base@25.0.3/java.util.concurrent.ScheduledThreadPoolExecutor$DelayedWorkQueue.take(ScheduledThreadPoolExecutor.java:883)
        at java.base@25.0.3/java.util.concurrent.ThreadPoolExecutor.getTask(ThreadPoolExecutor.java:1016)
        at java.base@25.0.3/java.util.concurrent.ThreadPoolExecutor.runWorker(ThreadPoolExecutor.java:1076)
        at java.base@25.0.3/java.util.concurrent.ThreadPoolExecutor$Worker.run(ThreadPoolExecutor.java:614)
        at java.base@25.0.3/java.lang.Thread.runWith(Thread.java:1487)
        at java.base@25.0.3/java.lang.Thread.run(Thread.java:1474)
"qtp88341167-2567" daemon prio=5 tid=2567 timed_waiting
java.lang.Thread.State: TIMED_WAITING
        at java.base@25.0.3/jdk.internal.misc.Unsafe.park(Native Method)
        at java.base@25.0.3/java.util.concurrent.locks.LockSupport.parkNanos(LockSupport.java:271)
        at java.base@25.0.3/java.util.concurrent.locks.AbstractQueuedSynchronizer$ConditionObject.awaitNanos(AbstractQueuedSynchronizer.java:1803)
        at app//org.eclipse.jetty.util.BlockingArrayQueue.poll(BlockingArrayQueue.java:382)
        at app//org.eclipse.jetty.util.thread.QueuedThreadPool$Runner.idleJobPoll(QueuedThreadPool.java:974)
        at app//org.eclipse.jetty.util.thread.QueuedThreadPool$Runner.run(QueuedThreadPool.java:1018)
        at java.base@25.0.3/java.lang.Thread.runWith(Thread.java:1487)
        at java.base@25.0.3/java.lang.Thread.run(Thread.java:1474)
"deletedTable_PartialTableCache-Cleanup-0" daemon prio=5 tid=2195 in Object.wait()
java.lang.Thread.State: WAITING (on object monitor)
        at java.base@25.0.3/jdk.internal.misc.Unsafe.park(Native Method)
        at java.base@25.0.3/java.util.concurrent.locks.LockSupport.park(LockSupport.java:369)
        at java.base@25.0.3/java.util.concurrent.locks.AbstractQueuedSynchronizer$ConditionNode.block(AbstractQueuedSynchronizer.java:520)
        at java.base@25.0.3/java.util.concurrent.ForkJoinPool.unmanagedBlock(ForkJoinPool.java:4364)
        at java.base@25.0.3/java.util.concurrent.ForkJoinPool.managedBlock(ForkJoinPool.java:4310)
        at java.base@25.0.3/java.util.concurrent.locks.AbstractQueuedSynchronizer$ConditionObject.await(AbstractQueuedSynchronizer.java:1752)
        at java.base@25.0.3/java.util.concurrent.LinkedBlockingQueue.take(LinkedBlockingQueue.java:435)
        at java.base@25.0.3/java.util.concurrent.ThreadPoolExecutor.getTask(ThreadPoolExecutor.java:1016)
        at java.base@25.0.3/java.util.concurrent.ThreadPoolExecutor.runWorker(ThreadPoolExecutor.java:1076)
        at java.base@25.0.3/java.util.concurrent.ThreadPoolExecutor$Worker.run(ThreadPoolExecutor.java:614)
        at java.base@25.0.3/java.lang.Thread.runWith(Thread.java:1487)
        at java.base@25.0.3/java.lang.Thread.run(Thread.java:1474)
"OmSnapshotLocalDataManagerService" daemon prio=5 tid=2519 timed_waiting
java.lang.Thread.State: TIMED_WAITING
        at java.base@25.0.3/jdk.internal.misc.Unsafe.park(Native Method)
        at java.base@25.0.3/java.util.concurrent.locks.LockSupport.parkNanos(LockSupport.java:271)
        at java.base@25.0.3/java.util.concurrent.locks.AbstractQueuedSynchronizer$ConditionObject.awaitNanos(AbstractQueuedSynchronizer.java:1803)
        at java.base@25.0.3/java.util.concurrent.ScheduledThreadPoolExecutor$DelayedWorkQueue.take(ScheduledThreadPoolExecutor.java:1166)
        at java.base@25.0.3/java.util.concurrent.ScheduledThreadPoolExecutor$DelayedWorkQueue.take(ScheduledThreadPoolExecutor.java:883)
        at java.base@25.0.3/java.util.concurrent.ThreadPoolExecutor.getTask(ThreadPoolExecutor.java:1016)
        at java.base@25.0.3/java.util.concurrent.ThreadPoolExecutor.runWorker(ThreadPoolExecutor.java:1076)
        at java.base@25.0.3/java.util.concurrent.ThreadPoolExecutor$Worker.run(ThreadPoolExecutor.java:614)
        at java.base@25.0.3/java.lang.Thread.runWith(Thread.java:1487)
        at java.base@25.0.3/java.lang.Thread.run(Thread.java:1474)
"IPC Server handler 72 on default port 9862" daemon prio=5 tid=2641 timed_waiting
java.lang.Thread.State: TIMED_WAITING
        at java.base@25.0.3/jdk.internal.misc.Unsafe.park(Native Method)
        at java.base@25.0.3/java.util.concurrent.locks.LockSupport.parkNanos(LockSupport.java:271)
        at java.base@25.0.3/java.util.concurrent.locks.AbstractQueuedSynchronizer$ConditionObject.awaitNanos(AbstractQueuedSynchronizer.java:1803)
        at java.base@25.0.3/java.util.concurrent.LinkedBlockingQueue.poll(LinkedBlockingQueue.java:460)
        at app//org.apache.hadoop.ipc_.CallQueueManager.take(CallQueueManager.java:294)
        at app//org.apache.hadoop.ipc_.Server$Handler.run(Server.java:2634)
"surefire-forkedjvm-command-thread" daemon prio=5 tid=26 runnable
java.lang.Thread.State: RUNNABLE
        at java.base@25.0.3/java.io.FileInputStream.readBytes(Native Method)
        at java.base@25.0.3/java.io.FileInputStream.read(FileInputStream.java:281)
        at java.base@25.0.3/java.lang.System$In.read(System.java:1872)
        at java.base@25.0.3/java.io.BufferedInputStream.read1(BufferedInputStream.java:328)
        at java.base@25.0.3/java.io.BufferedInputStream.read(BufferedInputStream.java:388)
        at java.base@25.0.3/java.io.BufferedInputStream.fill(BufferedInputStream.java:289)
        at java.base@25.0.3/java.io.BufferedInputStream.read1(BufferedInputStream.java:330)
        at java.base@25.0.3/java.io.BufferedInputStream.read(BufferedInputStream.java:388)
        at app//org.apache.maven.surefire.api.util.internal.Channels$3.readImpl(Channels.java:169)
        at app//org.apache.maven.surefire.api.util.internal.AbstractNoninterruptibleReadableChannel.read(AbstractNoninterruptibleReadableChannel.java:50)
        at app//org.apache.maven.surefire.api.stream.AbstractStreamDecoder.read(AbstractStreamDecoder.java:430)
        at app//org.apache.maven.surefire.api.stream.AbstractStreamDecoder.read(AbstractStreamDecoder.java:419)
        at app//org.apache.maven.surefire.api.stream.AbstractStreamDecoder.readMessageType(AbstractStreamDecoder.java:116)
        at app//org.apache.maven.surefire.booter.stream.CommandDecoder.decode(CommandDecoder.java:77)
        at app//org.apache.maven.surefire.booter.spi.CommandChannelDecoder.decode(CommandChannelDecoder.java:60)
        at app//org.apache.maven.surefire.booter.CommandReader$CommandRunnable.run(CommandReader.java:290)
        at java.base@25.0.3/java.lang.Thread.runWith(Thread.java:1487)
        at java.base@25.0.3/java.lang.Thread.run(Thread.java:1474)
"bucketTable_FullTableCache-Cleanup-0" daemon prio=5 tid=1491 timed_waiting
java.lang.Thread.State: TIMED_WAITING
        at java.base@25.0.3/jdk.internal.misc.Unsafe.park(Native Method)
        at java.base@25.0.3/java.util.concurrent.locks.LockSupport.parkNanos(LockSupport.java:271)
        at java.base@25.0.3/java.util.concurrent.locks.AbstractQueuedSynchronizer$ConditionObject.awaitNanos(AbstractQueuedSynchronizer.java:1803)
        at java.base@25.0.3/java.util.concurrent.ScheduledThreadPoolExecutor$DelayedWorkQueue.take(ScheduledThreadPoolExecutor.java:1166)
        at java.base@25.0.3/java.util.concurrent.ScheduledThreadPoolExecutor$DelayedWorkQueue.take(ScheduledThreadPoolExecutor.java:883)
        at java.base@25.0.3/java.util.concurrent.ThreadPoolExecutor.getTask(ThreadPoolExecutor.java:1016)
        at java.base@25.0.3/java.util.concurrent.ThreadPoolExecutor.runWorker(ThreadPoolExecutor.java:1076)
        at java.base@25.0.3/java.util.concurrent.ThreadPoolExecutor$Worker.run(ThreadPoolExecutor.java:614)
        at java.base@25.0.3/java.lang.Thread.runWith(Thread.java:1487)
        at java.base@25.0.3/java.lang.Thread.run(Thread.java:1474)
"lifecycleScanStateTable_FullTableCache-Cleanup-0" daemon prio=5 tid=79 timed_waiting
java.lang.Thread.State: TIMED_WAITING
        at java.base@25.0.3/jdk.internal.misc.Unsafe.park(Native Method)
        at java.base@25.0.3/java.util.concurrent.locks.LockSupport.parkNanos(LockSupport.java:271)
        at java.base@25.0.3/java.util.concurrent.locks.AbstractQueuedSynchronizer$ConditionObject.awaitNanos(AbstractQueuedSynchronizer.java:1803)
        at java.base@25.0.3/java.util.concurrent.ScheduledThreadPoolExecutor$DelayedWorkQueue.take(ScheduledThreadPoolExecutor.java:1166)
        at java.base@25.0.3/java.util.concurrent.ScheduledThreadPoolExecutor$DelayedWorkQueue.take(ScheduledThreadPoolExecutor.java:883)
        at java.base@25.0.3/java.util.concurrent.ThreadPoolExecutor.getTask(ThreadPoolExecutor.java:1016)
        at java.base@25.0.3/java.util.concurrent.ThreadPoolExecutor.runWorker(ThreadPoolExecutor.java:1076)
        at java.base@25.0.3/java.util.concurrent.ThreadPoolExecutor$Worker.run(ThreadPoolExecutor.java:614)
        at java.base@25.0.3/java.lang.Thread.runWith(Thread.java:1487)
        at java.base@25.0.3/java.lang.Thread.run(Thread.java:1474)
"IPC Server handler 11 on default port 9862" daemon prio=5 tid=2580 timed_waiting
java.lang.Thread.State: TIMED_WAITING
        at java.base@25.0.3/jdk.internal.misc.Unsafe.park(Native Method)
        at java.base@25.0.3/java.util.concurrent.locks.LockSupport.parkNanos(LockSupport.java:271)
        at java.base@25.0.3/java.util.concurrent.locks.AbstractQueuedSynchronizer$ConditionObject.awaitNanos(AbstractQueuedSynchronizer.java:1803)
        at java.base@25.0.3/java.util.concurrent.LinkedBlockingQueue.poll(LinkedBlockingQueue.java:460)
        at app//org.apache.hadoop.ipc_.CallQueueManager.take(CallQueueManager.java:294)
        at app//org.apache.hadoop.ipc_.Server$Handler.run(Server.java:2634)
"om1-KeyLifecycleService#4" daemon prio=5 tid=2672 in Object.wait()
java.lang.Thread.State: WAITING (on object monitor)
        at java.base@25.0.3/jdk.internal.misc.Unsafe.park(Native Method)
        at java.base@25.0.3/java.util.concurrent.locks.LockSupport.park(LockSupport.java:369)
        at java.base@25.0.3/java.util.concurrent.locks.AbstractQueuedSynchronizer$ConditionNode.block(AbstractQueuedSynchronizer.java:520)
        at java.base@25.0.3/java.util.concurrent.ForkJoinPool.unmanagedBlock(ForkJoinPool.java:4364)
        at java.base@25.0.3/java.util.concurrent.ForkJoinPool.managedBlock(ForkJoinPool.java:4310)
        at java.base@25.0.3/java.util.concurrent.locks.AbstractQueuedSynchronizer$ConditionObject.await(AbstractQueuedSynchronizer.java:1752)
        at java.base@25.0.3/java.util.concurrent.ScheduledThreadPoolExecutor$DelayedWorkQueue.take(ScheduledThreadPoolExecutor.java:1161)
        at java.base@25.0.3/java.util.concurrent.ScheduledThreadPoolExecutor$DelayedWorkQueue.take(ScheduledThreadPoolExecutor.java:883)
        at java.base@25.0.3/java.util.concurrent.ThreadPoolExecutor.getTask(ThreadPoolExecutor.java:1016)
        at java.base@25.0.3/java.util.concurrent.ThreadPoolExecutor.runWorker(ThreadPoolExecutor.java:1076)
        at java.base@25.0.3/java.util.concurrent.ThreadPoolExecutor$Worker.run(ThreadPoolExecutor.java:614)
        at java.base@25.0.3/java.lang.Thread.runWith(Thread.java:1487)
        at java.base@25.0.3/java.lang.Thread.run(Thread.java:1474)
"Socket Reader #4 for port 9862" daemon prio=5 tid=2529 runnable
java.lang.Thread.State: RUNNABLE
        at java.base@25.0.3/sun.nio.ch.EPoll.wait(Native Method)
        at java.base@25.0.3/sun.nio.ch.EPollSelectorImpl.doSelect(EPollSelectorImpl.java:117)
        at java.base@25.0.3/sun.nio.ch.SelectorImpl.lockAndDoSelect(SelectorImpl.java:130)
        at java.base@25.0.3/sun.nio.ch.SelectorImpl.select(SelectorImpl.java:147)
        at app//org.apache.hadoop.ipc_.Server$Listener$Reader.doRunLoop(Server.java:1004)
        at app//org.apache.hadoop.ipc_.Server$Listener$Reader.run(Server.java:983)
"BatchSpanProcessor_WorkerThread-1" daemon prio=5 tid=74 timed_waiting
java.lang.Thread.State: TIMED_WAITING
        at java.base@25.0.3/jdk.internal.misc.Unsafe.park(Native Method)
        at java.base@25.0.3/java.util.concurrent.locks.LockSupport.parkNanos(LockSupport.java:271)
        at java.base@25.0.3/java.util.concurrent.locks.AbstractQueuedSynchronizer$ConditionObject.awaitNanos(AbstractQueuedSynchronizer.java:1803)
        at java.base@25.0.3/java.util.concurrent.ArrayBlockingQueue.poll(ArrayBlockingQueue.java:436)
        at app//io.opentelemetry.sdk.trace.export.BatchSpanProcessor$Worker.run(BatchSpanProcessor.java:262)
        at java.base@25.0.3/java.lang.Thread.runWith(Thread.java:1487)
        at java.base@25.0.3/java.lang.Thread.run(Thread.java:1474)
"IPC Server handler 69 on default port 9862" daemon prio=5 tid=2638 timed_waiting
java.lang.Thread.State: TIMED_WAITING
        at java.base@25.0.3/jdk.internal.misc.Unsafe.park(Native Method)
        at java.base@25.0.3/java.util.concurrent.locks.LockSupport.parkNanos(LockSupport.java:271)
        at java.base@25.0.3/java.util.concurrent.locks.AbstractQueuedSynchronizer$ConditionObject.awaitNanos(AbstractQueuedSynchronizer.java:1803)
        at java.base@25.0.3/java.util.concurrent.LinkedBlockingQueue.poll(LinkedBlockingQueue.java:460)
        at app//org.apache.hadoop.ipc_.CallQueueManager.take(CallQueueManager.java:294)
        at app//org.apache.hadoop.ipc_.Server$Handler.run(Server.java:2634)
"IPC Server handler 74 on default port 9862" daemon prio=5 tid=2643 timed_waiting
java.lang.Thread.State: TIMED_WAITING
        at java.base@25.0.3/jdk.internal.misc.Unsafe.park(Native Method)
        at java.base@25.0.3/java.util.concurrent.locks.LockSupport.parkNanos(LockSupport.java:271)
        at java.base@25.0.3/java.util.concurrent.locks.AbstractQueuedSynchronizer$ConditionObject.awaitNanos(AbstractQueuedSynchronizer.java:1803)
        at java.base@25.0.3/java.util.concurrent.LinkedBlockingQueue.poll(LinkedBlockingQueue.java:460)
        at app//org.apache.hadoop.ipc_.CallQueueManager.take(CallQueueManager.java:294)
        at app//org.apache.hadoop.ipc_.Server$Handler.run(Server.java:2634)
"openKeyTable_PartialTableCache-Cleanup-0" daemon prio=5 tid=2684 in Object.wait()
java.lang.Thread.State: WAITING (on object monitor)
        at java.base@25.0.3/jdk.internal.misc.Unsafe.park(Native Method)
        at java.base@25.0.3/java.util.concurrent.locks.LockSupport.park(LockSupport.java:369)
        at java.base@25.0.3/java.util.concurrent.locks.AbstractQueuedSynchronizer$ConditionNode.block(AbstractQueuedSynchronizer.java:520)
        at java.base@25.0.3/java.util.concurrent.ForkJoinPool.unmanagedBlock(ForkJoinPool.java:4364)
        at java.base@25.0.3/java.util.concurrent.ForkJoinPool.managedBlock(ForkJoinPool.java:4310)
        at java.base@25.0.3/java.util.concurrent.locks.AbstractQueuedSynchronizer$ConditionObject.await(AbstractQueuedSynchronizer.java:1752)
        at java.base@25.0.3/java.util.concurrent.LinkedBlockingQueue.take(LinkedBlockingQueue.java:435)
        at java.base@25.0.3/java.util.concurrent.ThreadPoolExecutor.getTask(ThreadPoolExecutor.java:1016)
        at java.base@25.0.3/java.util.concurrent.ThreadPoolExecutor.runWorker(ThreadPoolExecutor.java:1076)
        at java.base@25.0.3/java.util.concurrent.ThreadPoolExecutor$Worker.run(ThreadPoolExecutor.java:614)
        at java.base@25.0.3/java.lang.Thread.runWith(Thread.java:1487)
        at java.base@25.0.3/java.lang.Thread.run(Thread.java:1474)
"Attach Listener" daemon prio=9 tid=49 runnable
java.lang.Thread.State: RUNNABLE
"multipartPartsTable_PartialTableCache-Cleanup-0" daemon prio=5 tid=2689 in Object.wait()
java.lang.Thread.State: WAITING (on object monitor)
        at java.base@25.0.3/jdk.internal.misc.Unsafe.park(Native Method)
        at java.base@25.0.3/java.util.concurrent.locks.LockSupport.park(LockSupport.java:369)
        at java.base@25.0.3/java.util.concurrent.locks.AbstractQueuedSynchronizer$ConditionNode.block(AbstractQueuedSynchronizer.java:520)
        at java.base@25.0.3/java.util.concurrent.ForkJoinPool.unmanagedBlock(ForkJoinPool.java:4364)
        at java.base@25.0.3/java.util.concurrent.ForkJoinPool.managedBlock(ForkJoinPool.java:4310)
        at java.base@25.0.3/java.util.concurrent.locks.AbstractQueuedSynchronizer$ConditionObject.await(AbstractQueuedSynchronizer.java:1752)
        at java.base@25.0.3/java.util.concurrent.LinkedBlockingQueue.take(LinkedBlockingQueue.java:435)
        at java.base@25.0.3/java.util.concurrent.ThreadPoolExecutor.getTask(ThreadPoolExecutor.java:1016)
        at java.base@25.0.3/java.util.concurrent.ThreadPoolExecutor.runWorker(ThreadPoolExecutor.java:1076)
        at java.base@25.0.3/java.util.concurrent.ThreadPoolExecutor$Worker.run(ThreadPoolExecutor.java:614)
        at java.base@25.0.3/java.lang.Thread.runWith(Thread.java:1487)
        at java.base@25.0.3/java.lang.Thread.run(Thread.java:1474)
"lifecycleScanStateTable_FullTableCache-Cleanup-0" daemon prio=5 tid=2031 timed_waiting
java.lang.Thread.State: TIMED_WAITING
        at java.base@25.0.3/jdk.internal.misc.Unsafe.park(Native Method)
        at java.base@25.0.3/java.util.concurrent.locks.LockSupport.parkNanos(LockSupport.java:271)
        at java.base@25.0.3/java.util.concurrent.locks.AbstractQueuedSynchronizer$ConditionObject.awaitNanos(AbstractQueuedSynchronizer.java:1803)
        at java.base@25.0.3/java.util.concurrent.ScheduledThreadPoolExecutor$DelayedWorkQueue.take(ScheduledThreadPoolExecutor.java:1166)
        at java.base@25.0.3/java.util.concurrent.ScheduledThreadPoolExecutor$DelayedWorkQueue.take(ScheduledThreadPoolExecutor.java:883)
        at java.base@25.0.3/java.util.concurrent.ThreadPoolExecutor.getTask(ThreadPoolExecutor.java:1016)
        at java.base@25.0.3/java.util.concurrent.ThreadPoolExecutor.runWorker(ThreadPoolExecutor.java:1076)
        at java.base@25.0.3/java.util.concurrent.ThreadPoolExecutor$Worker.run(ThreadPoolExecutor.java:614)
        at java.base@25.0.3/java.lang.Thread.runWith(Thread.java:1487)
        at java.base@25.0.3/java.lang.Thread.run(Thread.java:1474)
"om1-KeyDeletingService#2" daemon prio=5 tid=2549 in Object.wait()
java.lang.Thread.State: WAITING (on object monitor)
        at java.base@25.0.3/jdk.internal.misc.Unsafe.park(Native Method)
        at java.base@25.0.3/java.util.concurrent.locks.LockSupport.park(LockSupport.java:369)
        at java.base@25.0.3/java.util.concurrent.locks.AbstractQueuedSynchronizer$ConditionNode.block(AbstractQueuedSynchronizer.java:520)
        at java.base@25.0.3/java.util.concurrent.ForkJoinPool.unmanagedBlock(ForkJoinPool.java:4364)
        at java.base@25.0.3/java.util.concurrent.ForkJoinPool.managedBlock(ForkJoinPool.java:4310)
        at java.base@25.0.3/java.util.concurrent.locks.AbstractQueuedSynchronizer$ConditionObject.await(AbstractQueuedSynchronizer.java:1752)
        at java.base@25.0.3/java.util.concurrent.ScheduledThreadPoolExecutor$DelayedWorkQueue.take(ScheduledThreadPoolExecutor.java:1154)
        at java.base@25.0.3/java.util.concurrent.ScheduledThreadPoolExecutor$DelayedWorkQueue.take(ScheduledThreadPoolExecutor.java:883)
        at java.base@25.0.3/java.util.concurrent.ThreadPoolExecutor.getTask(ThreadPoolExecutor.java:1016)
        at java.base@25.0.3/java.util.concurrent.ThreadPoolExecutor.runWorker(ThreadPoolExecutor.java:1076)
        at java.base@25.0.3/java.util.concurrent.ThreadPoolExecutor$Worker.run(ThreadPoolExecutor.java:614)
        at java.base@25.0.3/java.lang.Thread.runWith(Thread.java:1487)
        at java.base@25.0.3/java.lang.Thread.run(Thread.java:1474)
"IPC Server handler 1 on default port 9862" daemon prio=5 tid=2570 timed_waiting
java.lang.Thread.State: TIMED_WAITING
        at java.base@25.0.3/jdk.internal.misc.Unsafe.park(Native Method)
        at java.base@25.0.3/java.util.concurrent.locks.LockSupport.parkNanos(LockSupport.java:271)
        at java.base@25.0.3/java.util.concurrent.locks.AbstractQueuedSynchronizer$ConditionObject.awaitNanos(AbstractQueuedSynchronizer.java:1803)
        at java.base@25.0.3/java.util.concurrent.LinkedBlockingQueue.poll(LinkedBlockingQueue.java:460)
        at app//org.apache.hadoop.ipc_.CallQueueManager.take(CallQueueManager.java:294)
        at app//org.apache.hadoop.ipc_.Server$Handler.run(Server.java:2634)
"IPC Server handler 46 on default port 9862" daemon prio=5 tid=2615 timed_waiting
java.lang.Thread.State: TIMED_WAITING
        at java.base@25.0.3/jdk.internal.misc.Unsafe.park(Native Method)
        at java.base@25.0.3/java.util.concurrent.locks.LockSupport.parkNanos(LockSupport.java:271)
        at java.base@25.0.3/java.util.concurrent.locks.AbstractQueuedSynchronizer$ConditionObject.awaitNanos(AbstractQueuedSynchronizer.java:1803)
        at java.base@25.0.3/java.util.concurrent.LinkedBlockingQueue.poll(LinkedBlockingQueue.java:460)
        at app//org.apache.hadoop.ipc_.CallQueueManager.take(CallQueueManager.java:294)
        at app//org.apache.hadoop.ipc_.Server$Handler.run(Server.java:2634)
"snapshotRenamedTable_PartialTableCache-Cleanup-0" daemon prio=5 tid=1692 in Object.wait()
java.lang.Thread.State: WAITING (on object monitor)
        at java.base@25.0.3/jdk.internal.misc.Unsafe.park(Native Method)
        at java.base@25.0.3/java.util.concurrent.locks.LockSupport.park(LockSupport.java:369)
        at java.base@25.0.3/java.util.concurrent.locks.AbstractQueuedSynchronizer$ConditionNode.block(AbstractQueuedSynchronizer.java:520)
        at java.base@25.0.3/java.util.concurrent.ForkJoinPool.unmanagedBlock(ForkJoinPool.java:4364)
        at java.base@25.0.3/java.util.concurrent.ForkJoinPool.managedBlock(ForkJoinPool.java:4310)
        at java.base@25.0.3/java.util.concurrent.locks.AbstractQueuedSynchronizer$ConditionObject.await(AbstractQueuedSynchronizer.java:1752)
        at java.base@25.0.3/java.util.concurrent.LinkedBlockingQueue.take(LinkedBlockingQueue.java:435)
        at java.base@25.0.3/java.util.concurrent.ThreadPoolExecutor.getTask(ThreadPoolExecutor.java:1016)
        at java.base@25.0.3/java.util.concurrent.ThreadPoolExecutor.runWorker(ThreadPoolExecutor.java:1076)
        at java.base@25.0.3/java.util.concurrent.ThreadPoolExecutor$Worker.run(ThreadPoolExecutor.java:614)
        at java.base@25.0.3/java.lang.Thread.runWith(Thread.java:1487)
        at java.base@25.0.3/java.lang.Thread.run(Thread.java:1474)
"JvmPauseMonitor5" daemon prio=5 tid=2543 timed_waiting
java.lang.Thread.State: TIMED_WAITING
        at java.base@25.0.3/java.lang.Thread.sleepNanos0(Native Method)
        at java.base@25.0.3/java.lang.Thread.sleepNanos(Thread.java:509)
        at java.base@25.0.3/java.lang.Thread.sleep(Thread.java:577)
        at java.base@25.0.3/java.util.concurrent.TimeUnit.sleep(TimeUnit.java:446)
        at app//org.apache.ratis.util.TimeDuration.sleep(TimeDuration.java:353)
        at app//org.apache.ratis.util.TimeDuration.sleep(TimeDuration.java:338)
        at app//org.apache.ratis.util.JvmPauseMonitor.detectPause(JvmPauseMonitor.java:160)
        at app//org.apache.ratis.util.JvmPauseMonitor.run(JvmPauseMonitor.java:149)
        at app//org.apache.ratis.util.JvmPauseMonitor$$Lambda/0x0000000007920498.run(Unknown Source)
        at java.base@25.0.3/java.lang.Thread.runWith(Thread.java:1487)
        at java.base@25.0.3/java.lang.Thread.run(Thread.java:1474)
"om1-DirectoryDeletingService#4" daemon prio=5 tid=2693 in Object.wait()
java.lang.Thread.State: WAITING (on object monitor)
        at java.base@25.0.3/jdk.internal.misc.Unsafe.park(Native Method)
        at java.base@25.0.3/java.util.concurrent.locks.LockSupport.park(LockSupport.java:369)
        at java.base@25.0.3/java.util.concurrent.locks.AbstractQueuedSynchronizer$ConditionNode.block(AbstractQueuedSynchronizer.java:520)
        at java.base@25.0.3/java.util.concurrent.ForkJoinPool.unmanagedBlock(ForkJoinPool.java:4364)
        at java.base@25.0.3/java.util.concurrent.ForkJoinPool.managedBlock(ForkJoinPool.java:4310)
        at java.base@25.0.3/java.util.concurrent.locks.AbstractQueuedSynchronizer$ConditionObject.await(AbstractQueuedSynchronizer.java:1752)
        at java.base@25.0.3/java.util.concurrent.ScheduledThreadPoolExecutor$DelayedWorkQueue.take(ScheduledThreadPoolExecutor.java:1161)
        at java.base@25.0.3/java.util.concurrent.ScheduledThreadPoolExecutor$DelayedWorkQueue.take(ScheduledThreadPoolExecutor.java:883)
        at java.base@25.0.3/java.util.concurrent.ThreadPoolExecutor.getTask(ThreadPoolExecutor.java:1016)
        at java.base@25.0.3/java.util.concurrent.ThreadPoolExecutor.runWorker(ThreadPoolExecutor.java:1076)
        at java.base@25.0.3/java.util.concurrent.ThreadPoolExecutor$Worker.run(ThreadPoolExecutor.java:614)
        at java.base@25.0.3/java.lang.Thread.runWith(Thread.java:1487)
        at java.base@25.0.3/java.lang.Thread.run(Thread.java:1474)
"IPC Server handler 23 on default port 9862" daemon prio=5 tid=2592 timed_waiting
java.lang.Thread.State: TIMED_WAITING
        at java.base@25.0.3/jdk.internal.misc.Unsafe.park(Native Method)
        at java.base@25.0.3/java.util.concurrent.locks.LockSupport.parkNanos(LockSupport.java:271)
        at java.base@25.0.3/java.util.concurrent.locks.AbstractQueuedSynchronizer$ConditionObject.awaitNanos(AbstractQueuedSynchronizer.java:1803)
        at java.base@25.0.3/java.util.concurrent.LinkedBlockingQueue.poll(LinkedBlockingQueue.java:460)
        at app//org.apache.hadoop.ipc_.CallQueueManager.take(CallQueueManager.java:294)
        at app//org.apache.hadoop.ipc_.Server$Handler.run(Server.java:2634)
"IPC Server handler 63 on default port 9862" daemon prio=5 tid=2632 timed_waiting
java.lang.Thread.State: TIMED_WAITING
        at java.base@25.0.3/jdk.internal.misc.Unsafe.park(Native Method)
        at java.base@25.0.3/java.util.concurrent.locks.LockSupport.parkNanos(LockSupport.java:271)
        at java.base@25.0.3/java.util.concurrent.locks.AbstractQueuedSynchronizer$ConditionObject.awaitNanos(AbstractQueuedSynchronizer.java:1803)
        at java.base@25.0.3/java.util.concurrent.LinkedBlockingQueue.poll(LinkedBlockingQueue.java:460)
        at app//org.apache.hadoop.ipc_.CallQueueManager.take(CallQueueManager.java:294)
        at app//org.apache.hadoop.ipc_.Server$Handler.run(Server.java:2634)
"IPC Server handler 14 on default port 9862" daemon prio=5 tid=2583 timed_waiting
java.lang.Thread.State: TIMED_WAITING
        at java.base@25.0.3/jdk.internal.misc.Unsafe.park(Native Method)
        at java.base@25.0.3/java.util.concurrent.locks.LockSupport.parkNanos(LockSupport.java:271)
        at java.base@25.0.3/java.util.concurrent.locks.AbstractQueuedSynchronizer$ConditionObject.awaitNanos(AbstractQueuedSynchronizer.java:1803)
        at java.base@25.0.3/java.util.concurrent.LinkedBlockingQueue.poll(LinkedBlockingQueue.java:460)
        at app//org.apache.hadoop.ipc_.CallQueueManager.take(CallQueueManager.java:294)
        at app//org.apache.hadoop.ipc_.Server$Handler.run(Server.java:2634)
"IPC Server handler 22 on default port 9862" daemon prio=5 tid=2591 timed_waiting
java.lang.Thread.State: TIMED_WAITING
        at java.base@25.0.3/jdk.internal.misc.Unsafe.park(Native Method)
        at java.base@25.0.3/java.util.concurrent.locks.LockSupport.parkNanos(LockSupport.java:271)
        at java.base@25.0.3/java.util.concurrent.locks.AbstractQueuedSynchronizer$ConditionObject.awaitNanos(AbstractQueuedSynchronizer.java:1803)
        at java.base@25.0.3/java.util.concurrent.LinkedBlockingQueue.poll(LinkedBlockingQueue.java:460)
        at app//org.apache.hadoop.ipc_.CallQueueManager.take(CallQueueManager.java:294)
        at app//org.apache.hadoop.ipc_.Server$Handler.run(Server.java:2634)
"lifecycleScanStateTable_FullTableCache-Cleanup-0" daemon prio=5 tid=1493 timed_waiting
java.lang.Thread.State: TIMED_WAITING
        at java.base@25.0.3/jdk.internal.misc.Unsafe.park(Native Method)
        at java.base@25.0.3/java.util.concurrent.locks.LockSupport.parkNanos(LockSupport.java:271)
        at java.base@25.0.3/java.util.concurrent.locks.AbstractQueuedSynchronizer$ConditionObject.awaitNanos(AbstractQueuedSynchronizer.java:1803)
        at java.base@25.0.3/java.util.concurrent.ScheduledThreadPoolExecutor$DelayedWorkQueue.take(ScheduledThreadPoolExecutor.java:1166)
        at java.base@25.0.3/java.util.concurrent.ScheduledThreadPoolExecutor$DelayedWorkQueue.take(ScheduledThreadPoolExecutor.java:883)
        at java.base@25.0.3/java.util.concurrent.ThreadPoolExecutor.getTask(ThreadPoolExecutor.java:1016)
        at java.base@25.0.3/java.util.concurrent.ThreadPoolExecutor.runWorker(ThreadPoolExecutor.java:1076)
        at java.base@25.0.3/java.util.concurrent.ThreadPoolExecutor$Worker.run(ThreadPoolExecutor.java:614)
        at java.base@25.0.3/java.lang.Thread.runWith(Thread.java:1487)
        at java.base@25.0.3/java.lang.Thread.run(Thread.java:1474)
"om1@group-C5BA1605619E-StateMachineUpdater" daemon prio=5 tid=2541 timed_waiting
java.lang.Thread.State: TIMED_WAITING
        at java.base@25.0.3/jdk.internal.misc.Unsafe.park(Native Method)
        at java.base@25.0.3/java.util.concurrent.locks.LockSupport.parkNanos(LockSupport.java:271)
        at java.base@25.0.3/java.util.concurrent.locks.AbstractQueuedSynchronizer$ConditionObject.await(AbstractQueuedSynchronizer.java:1892)
        at app//org.apache.ratis.util.AwaitForSignal.await(AwaitForSignal.java:65)
        at app//org.apache.ratis.server.impl.StateMachineUpdater.waitForCommit(StateMachineUpdater.java:222)
        at app//org.apache.ratis.server.impl.StateMachineUpdater.run(StateMachineUpdater.java:187)
        at java.base@25.0.3/java.lang.Thread.runWith(Thread.java:1487)
        at java.base@25.0.3/java.lang.Thread.run(Thread.java:1474)
"IPC Server handler 34 on default port 9862" daemon prio=5 tid=2603 timed_waiting
java.lang.Thread.State: TIMED_WAITING
        at java.base@25.0.3/jdk.internal.misc.Unsafe.park(Native Method)
        at java.base@25.0.3/java.util.concurrent.locks.LockSupport.parkNanos(LockSupport.java:271)
        at java.base@25.0.3/java.util.concurrent.locks.AbstractQueuedSynchronizer$ConditionObject.awaitNanos(AbstractQueuedSynchronizer.java:1803)
        at java.base@25.0.3/java.util.concurrent.LinkedBlockingQueue.poll(LinkedBlockingQueue.java:460)
        at app//org.apache.hadoop.ipc_.CallQueueManager.take(CallQueueManager.java:294)
        at app//org.apache.hadoop.ipc_.Server$Handler.run(Server.java:2634)
"junit-jupiter-timeout-watcher" daemon prio=10 tid=38 timed_waiting
java.lang.Thread.State: TIMED_WAITING
        at java.base@25.0.3/jdk.internal.misc.Unsafe.park(Native Method)
        at java.base@25.0.3/java.util.concurrent.locks.LockSupport.parkNanos(LockSupport.java:271)
        at java.base@25.0.3/java.util.concurrent.locks.AbstractQueuedSynchronizer$ConditionObject.awaitNanos(AbstractQueuedSynchronizer.java:1803)
        at java.base@25.0.3/java.util.concurrent.ScheduledThreadPoolExecutor$DelayedWorkQueue.take(ScheduledThreadPoolExecutor.java:1166)
        at java.base@25.0.3/java.util.concurrent.ScheduledThreadPoolExecutor$DelayedWorkQueue.take(ScheduledThreadPoolExecutor.java:883)
        at java.base@25.0.3/java.util.concurrent.ThreadPoolExecutor.getTask(ThreadPoolExecutor.java:1016)
        at java.base@25.0.3/java.util.concurrent.ThreadPoolExecutor.runWorker(ThreadPoolExecutor.java:1076)
        at java.base@25.0.3/java.util.concurrent.ThreadPoolExecutor$Worker.run(ThreadPoolExecutor.java:614)
        at java.base@25.0.3/java.lang.Thread.runWith(Thread.java:1487)
        at java.base@25.0.3/java.lang.Thread.run(Thread.java:1474)
"lifecycleConfigurationTable_FullTableCache-Cleanup-0" daemon prio=5 tid=78 timed_waiting
java.lang.Thread.State: TIMED_WAITING
        at java.base@25.0.3/jdk.internal.misc.Unsafe.park(Native Method)
        at java.base@25.0.3/java.util.concurrent.locks.LockSupport.parkNanos(LockSupport.java:271)
        at java.base@25.0.3/java.util.concurrent.locks.AbstractQueuedSynchronizer$ConditionObject.awaitNanos(AbstractQueuedSynchronizer.java:1803)
        at java.base@25.0.3/java.util.concurrent.ScheduledThreadPoolExecutor$DelayedWorkQueue.take(ScheduledThreadPoolExecutor.java:1166)
        at java.base@25.0.3/java.util.concurrent.ScheduledThreadPoolExecutor$DelayedWorkQueue.take(ScheduledThreadPoolExecutor.java:883)
        at java.base@25.0.3/java.util.concurrent.ThreadPoolExecutor.getTask(ThreadPoolExecutor.java:1016)
        at java.base@25.0.3/java.util.concurrent.ThreadPoolExecutor.runWorker(ThreadPoolExecutor.java:1076)
        at java.base@25.0.3/java.util.concurrent.ThreadPoolExecutor$Worker.run(ThreadPoolExecutor.java:614)
        at java.base@25.0.3/java.lang.Thread.runWith(Thread.java:1487)
        at java.base@25.0.3/java.lang.Thread.run(Thread.java:1474)
"IPC Server handler 42 on default port 9862" daemon prio=5 tid=2611 timed_waiting
java.lang.Thread.State: TIMED_WAITING
        at java.base@25.0.3/jdk.internal.misc.Unsafe.park(Native Method)
        at java.base@25.0.3/java.util.concurrent.locks.LockSupport.parkNanos(LockSupport.java:271)
        at java.base@25.0.3/java.util.concurrent.locks.AbstractQueuedSynchronizer$ConditionObject.awaitNanos(AbstractQueuedSynchronizer.java:1803)
        at java.base@25.0.3/java.util.concurrent.LinkedBlockingQueue.poll(LinkedBlockingQueue.java:460)
        at app//org.apache.hadoop.ipc_.CallQueueManager.take(CallQueueManager.java:294)
        at app//org.apache.hadoop.ipc_.Server$Handler.run(Server.java:2634)
"directoryTable_PartialTableCache-Cleanup-0" daemon prio=5 tid=250 in Object.wait()
java.lang.Thread.State: WAITING (on object monitor)
        at java.base@25.0.3/jdk.internal.misc.Unsafe.park(Native Method)
        at java.base@25.0.3/java.util.concurrent.locks.LockSupport.park(LockSupport.java:369)
        at java.base@25.0.3/java.util.concurrent.locks.AbstractQueuedSynchronizer$ConditionNode.block(AbstractQueuedSynchronizer.java:520)
        at java.base@25.0.3/java.util.concurrent.ForkJoinPool.unmanagedBlock(ForkJoinPool.java:4364)
        at java.base@25.0.3/java.util.concurrent.ForkJoinPool.managedBlock(ForkJoinPool.java:4310)
        at java.base@25.0.3/java.util.concurrent.locks.AbstractQueuedSynchronizer$ConditionObject.await(AbstractQueuedSynchronizer.java:1752)
        at java.base@25.0.3/java.util.concurrent.LinkedBlockingQueue.take(LinkedBlockingQueue.java:435)
        at java.base@25.0.3/java.util.concurrent.ThreadPoolExecutor.getTask(ThreadPoolExecutor.java:1016)
        at java.base@25.0.3/java.util.concurrent.ThreadPoolExecutor.runWorker(ThreadPoolExecutor.java:1076)
        at java.base@25.0.3/java.util.concurrent.ThreadPoolExecutor$Worker.run(ThreadPoolExecutor.java:614)
        at java.base@25.0.3/java.lang.Thread.runWith(Thread.java:1487)
        at java.base@25.0.3/java.lang.Thread.run(Thread.java:1474)
"OMSnapshotDirectoryMetrics" daemon prio=5 tid=2545 timed_waiting
java.lang.Thread.State: TIMED_WAITING
        at java.base@25.0.3/jdk.internal.misc.Unsafe.park(Native Method)
        at java.base@25.0.3/java.util.concurrent.locks.LockSupport.parkNanos(LockSupport.java:271)
        at java.base@25.0.3/java.util.concurrent.locks.AbstractQueuedSynchronizer$ConditionObject.awaitNanos(AbstractQueuedSynchronizer.java:1803)
        at java.base@25.0.3/java.util.concurrent.ScheduledThreadPoolExecutor$DelayedWorkQueue.take(ScheduledThreadPoolExecutor.java:1166)
        at java.base@25.0.3/java.util.concurrent.ScheduledThreadPoolExecutor$DelayedWorkQueue.take(ScheduledThreadPoolExecutor.java:883)
        at java.base@25.0.3/java.util.concurrent.ThreadPoolExecutor.getTask(ThreadPoolExecutor.java:1016)
        at java.base@25.0.3/java.util.concurrent.ThreadPoolExecutor.runWorker(ThreadPoolExecutor.java:1076)
        at java.base@25.0.3/java.util.concurrent.ThreadPoolExecutor$Worker.run(ThreadPoolExecutor.java:614)
        at java.base@25.0.3/java.lang.Thread.runWith(Thread.java:1487)
        at java.base@25.0.3/java.lang.Thread.run(Thread.java:1474)
"lifecycleConfigurationTable_FullTableCache-Cleanup-0" daemon prio=5 tid=2030 timed_waiting
java.lang.Thread.State: TIMED_WAITING
        at java.base@25.0.3/jdk.internal.misc.Unsafe.park(Native Method)
        at java.base@25.0.3/java.util.concurrent.locks.LockSupport.parkNanos(LockSupport.java:271)
        at java.base@25.0.3/java.util.concurrent.locks.AbstractQueuedSynchronizer$ConditionObject.awaitNanos(AbstractQueuedSynchronizer.java:1803)
        at java.base@25.0.3/java.util.concurrent.ScheduledThreadPoolExecutor$DelayedWorkQueue.take(ScheduledThreadPoolExecutor.java:1166)
        at java.base@25.0.3/java.util.concurrent.ScheduledThreadPoolExecutor$DelayedWorkQueue.take(ScheduledThreadPoolExecutor.java:883)
        at java.base@25.0.3/java.util.concurrent.ThreadPoolExecutor.getTask(ThreadPoolExecutor.java:1016)
        at java.base@25.0.3/java.util.concurrent.ThreadPoolExecutor.runWorker(ThreadPoolExecutor.java:1076)
        at java.base@25.0.3/java.util.concurrent.ThreadPoolExecutor$Worker.run(ThreadPoolExecutor.java:614)
        at java.base@25.0.3/java.lang.Thread.runWith(Thread.java:1487)
        at java.base@25.0.3/java.lang.Thread.run(Thread.java:1474)
"IPC Server handler 21 on default port 9862" daemon prio=5 tid=2590 timed_waiting
java.lang.Thread.State: TIMED_WAITING
        at java.base@25.0.3/jdk.internal.misc.Unsafe.park(Native Method)
        at java.base@25.0.3/java.util.concurrent.locks.LockSupport.parkNanos(LockSupport.java:271)
        at java.base@25.0.3/java.util.concurrent.locks.AbstractQueuedSynchronizer$ConditionObject.awaitNanos(AbstractQueuedSynchronizer.java:1803)
        at java.base@25.0.3/java.util.concurrent.LinkedBlockingQueue.poll(LinkedBlockingQueue.java:460)
        at app//org.apache.hadoop.ipc_.CallQueueManager.take(CallQueueManager.java:294)
        at app//org.apache.hadoop.ipc_.Server$Handler.run(Server.java:2634)
"IPC Server handler 19 on default port 9862" daemon prio=5 tid=2588 timed_waiting
java.lang.Thread.State: TIMED_WAITING
        at java.base@25.0.3/jdk.internal.misc.Unsafe.park(Native Method)
        at java.base@25.0.3/java.util.concurrent.locks.LockSupport.parkNanos(LockSupport.java:271)
        at java.base@25.0.3/java.util.concurrent.locks.AbstractQueuedSynchronizer$ConditionObject.awaitNanos(AbstractQueuedSynchronizer.java:1803)
        at java.base@25.0.3/java.util.concurrent.LinkedBlockingQueue.poll(LinkedBlockingQueue.java:460)
        at app//org.apache.hadoop.ipc_.CallQueueManager.take(CallQueueManager.java:294)
        at app//org.apache.hadoop.ipc_.Server$Handler.run(Server.java:2634)
"Socket Reader #7 for port 9862" daemon prio=5 tid=2532 runnable
java.lang.Thread.State: RUNNABLE
        at java.base@25.0.3/sun.nio.ch.EPoll.wait(Native Method)
        at java.base@25.0.3/sun.nio.ch.EPollSelectorImpl.doSelect(EPollSelectorImpl.java:117)
        at java.base@25.0.3/sun.nio.ch.SelectorImpl.lockAndDoSelect(SelectorImpl.java:130)
        at java.base@25.0.3/sun.nio.ch.SelectorImpl.select(SelectorImpl.java:147)
        at app//org.apache.hadoop.ipc_.Server$Listener$Reader.doRunLoop(Server.java:1004)
        at app//org.apache.hadoop.ipc_.Server$Listener$Reader.run(Server.java:983)
"SnapshotCacheCleanupService" daemon prio=5 tid=2520 timed_waiting
java.lang.Thread.State: TIMED_WAITING
        at java.base@25.0.3/jdk.internal.misc.Unsafe.park(Native Method)
        at java.base@25.0.3/java.util.concurrent.locks.LockSupport.parkNanos(LockSupport.java:271)
        at java.base@25.0.3/java.util.concurrent.locks.AbstractQueuedSynchronizer$ConditionObject.awaitNanos(AbstractQueuedSynchronizer.java:1803)
        at java.base@25.0.3/java.util.concurrent.ScheduledThreadPoolExecutor$DelayedWorkQueue.take(ScheduledThreadPoolExecutor.java:1166)
        at java.base@25.0.3/java.util.concurrent.ScheduledThreadPoolExecutor$DelayedWorkQueue.take(ScheduledThreadPoolExecutor.java:883)
        at java.base@25.0.3/java.util.concurrent.ThreadPoolExecutor.getTask(ThreadPoolExecutor.java:1016)
        at java.base@25.0.3/java.util.concurrent.ThreadPoolExecutor.runWorker(ThreadPoolExecutor.java:1076)
        at java.base@25.0.3/java.util.concurrent.ThreadPoolExecutor$Worker.run(ThreadPoolExecutor.java:614)
        at java.base@25.0.3/java.lang.Thread.runWith(Thread.java:1487)
        at java.base@25.0.3/java.lang.Thread.run(Thread.java:1474)
"IPC Server handler 28 on default port 9862" daemon prio=5 tid=2597 timed_waiting
java.lang.Thread.State: TIMED_WAITING
        at java.base@25.0.3/jdk.internal.misc.Unsafe.park(Native Method)
        at java.base@25.0.3/java.util.concurrent.locks.LockSupport.parkNanos(LockSupport.java:271)
        at java.base@25.0.3/java.util.concurrent.locks.AbstractQueuedSynchronizer$ConditionObject.awaitNanos(AbstractQueuedSynchronizer.java:1803)
        at java.base@25.0.3/java.util.concurrent.LinkedBlockingQueue.poll(LinkedBlockingQueue.java:460)
        at app//org.apache.hadoop.ipc_.CallQueueManager.take(CallQueueManager.java:294)
        at app//org.apache.hadoop.ipc_.Server$Handler.run(Server.java:2634)
"IPC Server handler 41 on default port 9862" daemon prio=5 tid=2610 timed_waiting
java.lang.Thread.State: TIMED_WAITING
        at java.base@25.0.3/jdk.internal.misc.Unsafe.park(Native Method)
        at java.base@25.0.3/java.util.concurrent.locks.LockSupport.parkNanos(LockSupport.java:271)
        at java.base@25.0.3/java.util.concurrent.locks.AbstractQueuedSynchronizer$ConditionObject.awaitNanos(AbstractQueuedSynchronizer.java:1803)
        at java.base@25.0.3/java.util.concurrent.LinkedBlockingQueue.poll(LinkedBlockingQueue.java:460)
        at app//org.apache.hadoop.ipc_.CallQueueManager.take(CallQueueManager.java:294)
        at app//org.apache.hadoop.ipc_.Server$Handler.run(Server.java:2634)
"om1-KeyDeletingService#0" daemon prio=5 tid=2547 in Object.wait()
java.lang.Thread.State: WAITING (on object monitor)
        at java.base@25.0.3/jdk.internal.misc.Unsafe.park(Native Method)
        at java.base@25.0.3/java.util.concurrent.locks.LockSupport.park(LockSupport.java:369)
        at java.base@25.0.3/java.util.concurrent.locks.AbstractQueuedSynchronizer$ConditionNode.block(AbstractQueuedSynchronizer.java:520)
        at java.base@25.0.3/java.util.concurrent.ForkJoinPool.unmanagedBlock(ForkJoinPool.java:4364)
        at java.base@25.0.3/java.util.concurrent.ForkJoinPool.managedBlock(ForkJoinPool.java:4310)
        at java.base@25.0.3/java.util.concurrent.locks.AbstractQueuedSynchronizer$ConditionObject.await(AbstractQueuedSynchronizer.java:1752)
        at java.base@25.0.3/java.util.concurrent.ScheduledThreadPoolExecutor$DelayedWorkQueue.take(ScheduledThreadPoolExecutor.java:1161)
        at java.base@25.0.3/java.util.concurrent.ScheduledThreadPoolExecutor$DelayedWorkQueue.take(ScheduledThreadPoolExecutor.java:883)
        at java.base@25.0.3/java.util.concurrent.ThreadPoolExecutor.getTask(ThreadPoolExecutor.java:1016)
        at java.base@25.0.3/java.util.concurrent.ThreadPoolExecutor.runWorker(ThreadPoolExecutor.java:1076)
        at java.base@25.0.3/java.util.concurrent.ThreadPoolExecutor$Worker.run(ThreadPoolExecutor.java:614)
        at java.base@25.0.3/java.lang.Thread.runWith(Thread.java:1487)
        at java.base@25.0.3/java.lang.Thread.run(Thread.java:1474)
"om1-KeyLifecycleService#0" daemon prio=5 tid=2557 in Object.wait()
java.lang.Thread.State: WAITING (on object monitor)
        at java.base@25.0.3/jdk.internal.misc.Unsafe.park(Native Method)
        at java.base@25.0.3/java.util.concurrent.locks.LockSupport.park(LockSupport.java:369)
        at java.base@25.0.3/java.util.concurrent.locks.AbstractQueuedSynchronizer$ConditionNode.block(AbstractQueuedSynchronizer.java:520)
        at java.base@25.0.3/java.util.concurrent.ForkJoinPool.unmanagedBlock(ForkJoinPool.java:4364)
        at java.base@25.0.3/java.util.concurrent.ForkJoinPool.managedBlock(ForkJoinPool.java:4310)
        at java.base@25.0.3/java.util.concurrent.locks.AbstractQueuedSynchronizer$ConditionObject.await(AbstractQueuedSynchronizer.java:1752)
        at java.base@25.0.3/java.util.concurrent.ScheduledThreadPoolExecutor$DelayedWorkQueue.take(ScheduledThreadPoolExecutor.java:1161)
        at java.base@25.0.3/java.util.concurrent.ScheduledThreadPoolExecutor$DelayedWorkQueue.take(ScheduledThreadPoolExecutor.java:883)
        at java.base@25.0.3/java.util.concurrent.ThreadPoolExecutor.getTask(ThreadPoolExecutor.java:1016)
        at java.base@25.0.3/java.util.concurrent.ThreadPoolExecutor.runWorker(ThreadPoolExecutor.java:1076)
        at java.base@25.0.3/java.util.concurrent.ThreadPoolExecutor$Worker.run(ThreadPoolExecutor.java:614)
        at java.base@25.0.3/java.lang.Thread.runWith(Thread.java:1487)
        at java.base@25.0.3/java.lang.Thread.run(Thread.java:1474)
"openKeyTable_PartialTableCache-Cleanup-0" daemon prio=5 tid=1091 in Object.wait()
java.lang.Thread.State: WAITING (on object monitor)
        at java.base@25.0.3/jdk.internal.misc.Unsafe.park(Native Method)
        at java.base@25.0.3/java.util.concurrent.locks.LockSupport.park(LockSupport.java:369)
        at java.base@25.0.3/java.util.concurrent.locks.AbstractQueuedSynchronizer$ConditionNode.block(AbstractQueuedSynchronizer.java:520)
        at java.base@25.0.3/java.util.concurrent.ForkJoinPool.unmanagedBlock(ForkJoinPool.java:4364)
        at java.base@25.0.3/java.util.concurrent.ForkJoinPool.managedBlock(ForkJoinPool.java:4310)
        at java.base@25.0.3/java.util.concurrent.locks.AbstractQueuedSynchronizer$ConditionObject.await(AbstractQueuedSynchronizer.java:1752)
        at java.base@25.0.3/java.util.concurrent.LinkedBlockingQueue.take(LinkedBlockingQueue.java:435)
        at java.base@25.0.3/java.util.concurrent.ThreadPoolExecutor.getTask(ThreadPoolExecutor.java:1016)
        at java.base@25.0.3/java.util.concurrent.ThreadPoolExecutor.runWorker(ThreadPoolExecutor.java:1076)
        at java.base@25.0.3/java.util.concurrent.ThreadPoolExecutor$Worker.run(ThreadPoolExecutor.java:614)
        at java.base@25.0.3/java.lang.Thread.runWith(Thread.java:1487)
        at java.base@25.0.3/java.lang.Thread.run(Thread.java:1474)
"keyTable_PartialTableCache-Cleanup-0" daemon prio=5 tid=2685 in Object.wait()
java.lang.Thread.State: WAITING (on object monitor)
        at java.base@25.0.3/jdk.internal.misc.Unsafe.park(Native Method)
        at java.base@25.0.3/java.util.concurrent.locks.LockSupport.park(LockSupport.java:369)
        at java.base@25.0.3/java.util.concurrent.locks.AbstractQueuedSynchronizer$ConditionNode.block(AbstractQueuedSynchronizer.java:520)
        at java.base@25.0.3/java.util.concurrent.ForkJoinPool.unmanagedBlock(ForkJoinPool.java:4364)
        at java.base@25.0.3/java.util.concurrent.ForkJoinPool.managedBlock(ForkJoinPool.java:4310)
        at java.base@25.0.3/java.util.concurrent.locks.AbstractQueuedSynchronizer$ConditionObject.await(AbstractQueuedSynchronizer.java:1752)
        at java.base@25.0.3/java.util.concurrent.LinkedBlockingQueue.take(LinkedBlockingQueue.java:435)
        at java.base@25.0.3/java.util.concurrent.ThreadPoolExecutor.getTask(ThreadPoolExecutor.java:1016)
        at java.base@25.0.3/java.util.concurrent.ThreadPoolExecutor.runWorker(ThreadPoolExecutor.java:1076)
        at java.base@25.0.3/java.util.concurrent.ThreadPoolExecutor$Worker.run(ThreadPoolExecutor.java:614)
        at java.base@25.0.3/java.lang.Thread.runWith(Thread.java:1487)
        at java.base@25.0.3/java.lang.Thread.run(Thread.java:1474)
"lifecycleConfigurationTable_FullTableCache-Cleanup-0" daemon prio=5 tid=1492 timed_waiting
java.lang.Thread.State: TIMED_WAITING
        at java.base@25.0.3/jdk.internal.misc.Unsafe.park(Native Method)
        at java.base@25.0.3/java.util.concurrent.locks.LockSupport.parkNanos(LockSupport.java:271)
        at java.base@25.0.3/java.util.concurrent.locks.AbstractQueuedSynchronizer$ConditionObject.awaitNanos(AbstractQueuedSynchronizer.java:1803)
        at java.base@25.0.3/java.util.concurrent.ScheduledThreadPoolExecutor$DelayedWorkQueue.take(ScheduledThreadPoolExecutor.java:1166)
        at java.base@25.0.3/java.util.concurrent.ScheduledThreadPoolExecutor$DelayedWorkQueue.take(ScheduledThreadPoolExecutor.java:883)
        at java.base@25.0.3/java.util.concurrent.ThreadPoolExecutor.getTask(ThreadPoolExecutor.java:1016)
        at java.base@25.0.3/java.util.concurrent.ThreadPoolExecutor.runWorker(ThreadPoolExecutor.java:1076)
        at java.base@25.0.3/java.util.concurrent.ThreadPoolExecutor$Worker.run(ThreadPoolExecutor.java:614)
        at java.base@25.0.3/java.lang.Thread.runWith(Thread.java:1487)
        at java.base@25.0.3/java.lang.Thread.run(Thread.java:1474)
"ForkJoinPool-1-worker-7" daemon prio=5 tid=2038 in Object.wait()
java.lang.Thread.State: WAITING (on object monitor)
        at java.base@25.0.3/jdk.internal.misc.Unsafe.park(Native Method)
        at java.base@25.0.3/java.util.concurrent.ForkJoinPool.awaitWork(ForkJoinPool.java:2109)
        at java.base@25.0.3/java.util.concurrent.ForkJoinPool.deactivate(ForkJoinPool.java:2063)
        at java.base@25.0.3/java.util.concurrent.ForkJoinPool.runWorker(ForkJoinPool.java:2027)
        at java.base@25.0.3/java.util.concurrent.ForkJoinWorkerThread.run(ForkJoinWorkerThread.java:187)
"IPC Server handler 73 on default port 9862" daemon prio=5 tid=2642 timed_waiting
java.lang.Thread.State: TIMED_WAITING
        at java.base@25.0.3/jdk.internal.misc.Unsafe.park(Native Method)
        at java.base@25.0.3/java.util.concurrent.locks.LockSupport.parkNanos(LockSupport.java:271)
        at java.base@25.0.3/java.util.concurrent.locks.AbstractQueuedSynchronizer$ConditionObject.awaitNanos(AbstractQueuedSynchronizer.java:1803)
        at java.base@25.0.3/java.util.concurrent.LinkedBlockingQueue.poll(LinkedBlockingQueue.java:460)
        at app//org.apache.hadoop.ipc_.CallQueueManager.take(CallQueueManager.java:294)
        at app//org.apache.hadoop.ipc_.Server$Handler.run(Server.java:2634)
"IPC Server handler 45 on default port 9862" daemon prio=5 tid=2614 timed_waiting
java.lang.Thread.State: TIMED_WAITING
        at java.base@25.0.3/jdk.internal.misc.Unsafe.park(Native Method)
        at java.base@25.0.3/java.util.concurrent.locks.LockSupport.parkNanos(LockSupport.java:271)
        at java.base@25.0.3/java.util.concurrent.locks.AbstractQueuedSynchronizer$ConditionObject.awaitNanos(AbstractQueuedSynchronizer.java:1803)
        at java.base@25.0.3/java.util.concurrent.LinkedBlockingQueue.poll(LinkedBlockingQueue.java:460)
        at app//org.apache.hadoop.ipc_.CallQueueManager.take(CallQueueManager.java:294)
        at app//org.apache.hadoop.ipc_.Server$Handler.run(Server.java:2634)
"IPC Server handler 66 on default port 9862" daemon prio=5 tid=2635 timed_waiting
java.lang.Thread.State: TIMED_WAITING
        at java.base@25.0.3/jdk.internal.misc.Unsafe.park(Native Method)
        at java.base@25.0.3/java.util.concurrent.locks.LockSupport.parkNanos(LockSupport.java:271)
        at java.base@25.0.3/java.util.concurrent.locks.AbstractQueuedSynchronizer$ConditionObject.awaitNanos(AbstractQueuedSynchronizer.java:1803)
        at java.base@25.0.3/java.util.concurrent.LinkedBlockingQueue.poll(LinkedBlockingQueue.java:460)
        at app//org.apache.hadoop.ipc_.CallQueueManager.take(CallQueueManager.java:294)
        at app//org.apache.hadoop.ipc_.Server$Handler.run(Server.java:2634)
"om1-KeyDeletingService#3" daemon prio=5 tid=2690 in Object.wait()
java.lang.Thread.State: WAITING (on object monitor)
        at java.base@25.0.3/jdk.internal.misc.Unsafe.park(Native Method)
        at java.base@25.0.3/java.util.concurrent.locks.LockSupport.park(LockSupport.java:369)
        at java.base@25.0.3/java.util.concurrent.locks.AbstractQueuedSynchronizer$ConditionNode.block(AbstractQueuedSynchronizer.java:520)
        at java.base@25.0.3/java.util.concurrent.ForkJoinPool.unmanagedBlock(ForkJoinPool.java:4364)
        at java.base@25.0.3/java.util.concurrent.ForkJoinPool.managedBlock(ForkJoinPool.java:4310)
        at java.base@25.0.3/java.util.concurrent.locks.AbstractQueuedSynchronizer$ConditionObject.await(AbstractQueuedSynchronizer.java:1752)
        at java.base@25.0.3/java.util.concurrent.ScheduledThreadPoolExecutor$DelayedWorkQueue.take(ScheduledThreadPoolExecutor.java:1161)
        at java.base@25.0.3/java.util.concurrent.ScheduledThreadPoolExecutor$DelayedWorkQueue.take(ScheduledThreadPoolExecutor.java:883)
        at java.base@25.0.3/java.util.concurrent.ThreadPoolExecutor.getTask(ThreadPoolExecutor.java:1016)
        at java.base@25.0.3/java.util.concurrent.ThreadPoolExecutor.runWorker(ThreadPoolExecutor.java:1076)
        at java.base@25.0.3/java.util.concurrent.ThreadPoolExecutor$Worker.run(ThreadPoolExecutor.java:614)
        at java.base@25.0.3/java.lang.Thread.runWith(Thread.java:1487)
        at java.base@25.0.3/java.lang.Thread.run(Thread.java:1474)
"surefire-forkedjvm-ping-30s" daemon prio=5 tid=28 timed_waiting
java.lang.Thread.State: TIMED_WAITING
        at java.base@25.0.3/jdk.internal.misc.Unsafe.park(Native Method)
        at java.base@25.0.3/java.util.concurrent.locks.LockSupport.parkNanos(LockSupport.java:271)
        at java.base@25.0.3/java.util.concurrent.locks.AbstractQueuedSynchronizer$ConditionObject.awaitNanos(AbstractQueuedSynchronizer.java:1803)
        at java.base@25.0.3/java.util.concurrent.ScheduledThreadPoolExecutor$DelayedWorkQueue.take(ScheduledThreadPoolExecutor.java:1166)
        at java.base@25.0.3/java.util.concurrent.ScheduledThreadPoolExecutor$DelayedWorkQueue.take(ScheduledThreadPoolExecutor.java:883)
        at java.base@25.0.3/java.util.concurrent.ThreadPoolExecutor.getTask(ThreadPoolExecutor.java:1016)
        at java.base@25.0.3/java.util.concurrent.ThreadPoolExecutor.runWorker(ThreadPoolExecutor.java:1076)
        at java.base@25.0.3/java.util.concurrent.ThreadPoolExecutor$Worker.run(ThreadPoolExecutor.java:614)
        at java.base@25.0.3/java.lang.Thread.runWith(Thread.java:1487)
        at java.base@25.0.3/java.lang.Thread.run(Thread.java:1474)
"Socket Reader #6 for port 9862" daemon prio=5 tid=2531 runnable
java.lang.Thread.State: RUNNABLE
        at java.base@25.0.3/sun.nio.ch.EPoll.wait(Native Method)
        at java.base@25.0.3/sun.nio.ch.EPollSelectorImpl.doSelect(EPollSelectorImpl.java:117)
        at java.base@25.0.3/sun.nio.ch.SelectorImpl.lockAndDoSelect(SelectorImpl.java:130)
        at java.base@25.0.3/sun.nio.ch.SelectorImpl.select(SelectorImpl.java:147)
        at app//org.apache.hadoop.ipc_.Server$Listener$Reader.doRunLoop(Server.java:1004)
        at app//org.apache.hadoop.ipc_.Server$Listener$Reader.run(Server.java:983)
"IPC Server handler 24 on default port 9862" daemon prio=5 tid=2593 timed_waiting
java.lang.Thread.State: TIMED_WAITING
        at java.base@25.0.3/jdk.internal.misc.Unsafe.park(Native Method)
        at java.base@25.0.3/java.util.concurrent.locks.LockSupport.parkNanos(LockSupport.java:271)
        at java.base@25.0.3/java.util.concurrent.locks.AbstractQueuedSynchronizer$ConditionObject.awaitNanos(AbstractQueuedSynchronizer.java:1803)
        at java.base@25.0.3/java.util.concurrent.LinkedBlockingQueue.poll(LinkedBlockingQueue.java:460)
        at app//org.apache.hadoop.ipc_.CallQueueManager.take(CallQueueManager.java:294)
        at app//org.apache.hadoop.ipc_.Server$Handler.run(Server.java:2634)
"IPC Server handler 29 on default port 9862" daemon prio=5 tid=2598 timed_waiting
java.lang.Thread.State: TIMED_WAITING
        at java.base@25.0.3/jdk.internal.misc.Unsafe.park(Native Method)
        at java.base@25.0.3/java.util.concurrent.locks.LockSupport.parkNanos(LockSupport.java:271)
        at java.base@25.0.3/java.util.concurrent.locks.AbstractQueuedSynchronizer$ConditionObject.awaitNanos(AbstractQueuedSynchronizer.java:1803)
        at java.base@25.0.3/java.util.concurrent.LinkedBlockingQueue.poll(LinkedBlockingQueue.java:460)
        at app//org.apache.hadoop.ipc_.CallQueueManager.take(CallQueueManager.java:294)
        at app//org.apache.hadoop.ipc_.Server$Handler.run(Server.java:2634)
"IPC Server handler 18 on default port 9862" daemon prio=5 tid=2587 timed_waiting
java.lang.Thread.State: TIMED_WAITING
        at java.base@25.0.3/jdk.internal.misc.Unsafe.park(Native Method)
        at java.base@25.0.3/java.util.concurrent.locks.LockSupport.parkNanos(LockSupport.java:271)
        at java.base@25.0.3/java.util.concurrent.locks.AbstractQueuedSynchronizer$ConditionObject.awaitNanos(AbstractQueuedSynchronizer.java:1803)
        at java.base@25.0.3/java.util.concurrent.LinkedBlockingQueue.poll(LinkedBlockingQueue.java:460)
        at app//org.apache.hadoop.ipc_.CallQueueManager.take(CallQueueManager.java:294)
        at app//org.apache.hadoop.ipc_.Server$Handler.run(Server.java:2634)
"om1-KeyDeletingService#1" daemon prio=5 tid=2548 timed_waiting
java.lang.Thread.State: TIMED_WAITING
        at java.base@25.0.3/jdk.internal.misc.Unsafe.park(Native Method)
        at java.base@25.0.3/java.util.concurrent.locks.LockSupport.parkNanos(LockSupport.java:271)
        at java.base@25.0.3/java.util.concurrent.locks.AbstractQueuedSynchronizer$ConditionObject.awaitNanos(AbstractQueuedSynchronizer.java:1803)
        at java.base@25.0.3/java.util.concurrent.ScheduledThreadPoolExecutor$DelayedWorkQueue.take(ScheduledThreadPoolExecutor.java:1166)
        at java.base@25.0.3/java.util.concurrent.ScheduledThreadPoolExecutor$DelayedWorkQueue.take(ScheduledThreadPoolExecutor.java:883)
        at java.base@25.0.3/java.util.concurrent.ThreadPoolExecutor.getTask(ThreadPoolExecutor.java:1016)
        at java.base@25.0.3/java.util.concurrent.ThreadPoolExecutor.runWorker(ThreadPoolExecutor.java:1076)
        at java.base@25.0.3/java.util.concurrent.ThreadPoolExecutor$Worker.run(ThreadPoolExecutor.java:614)
        at java.base@25.0.3/java.lang.Thread.runWith(Thread.java:1487)
        at java.base@25.0.3/java.lang.Thread.run(Thread.java:1474)
"om1-OMStateMachineApplyTransactionThread - 0" daemon prio=5 tid=2678 in Object.wait()
java.lang.Thread.State: WAITING (on object monitor)
        at java.base@25.0.3/jdk.internal.misc.Unsafe.park(Native Method)
        at java.base@25.0.3/java.util.concurrent.locks.LockSupport.park(LockSupport.java:369)
        at java.base@25.0.3/java.util.concurrent.locks.AbstractQueuedSynchronizer$ConditionNode.block(AbstractQueuedSynchronizer.java:520)
        at java.base@25.0.3/java.util.concurrent.ForkJoinPool.unmanagedBlock(ForkJoinPool.java:4364)
        at java.base@25.0.3/java.util.concurrent.ForkJoinPool.managedBlock(ForkJoinPool.java:4310)
        at java.base@25.0.3/java.util.concurrent.locks.AbstractQueuedSynchronizer$ConditionObject.await(AbstractQueuedSynchronizer.java:1752)
        at java.base@25.0.3/java.util.concurrent.LinkedBlockingQueue.take(LinkedBlockingQueue.java:435)
        at java.base@25.0.3/java.util.concurrent.ThreadPoolExecutor.getTask(ThreadPoolExecutor.java:1016)
        at java.base@25.0.3/java.util.concurrent.ThreadPoolExecutor.runWorker(ThreadPoolExecutor.java:1076)
        at java.base@25.0.3/java.util.concurrent.ThreadPoolExecutor$Worker.run(ThreadPoolExecutor.java:614)
        at java.base@25.0.3/java.lang.Thread.runWith(Thread.java:1487)
        at java.base@25.0.3/java.lang.Thread.run(Thread.java:1474)
"om1-OmRpcBoss-ELG-0" daemon prio=5 tid=2669 runnable
java.lang.Thread.State: RUNNABLE
        at java.base@25.0.3/sun.nio.ch.EPoll.wait(Native Method)
        at java.base@25.0.3/sun.nio.ch.EPollSelectorImpl.doSelect(EPollSelectorImpl.java:117)
        at java.base@25.0.3/sun.nio.ch.SelectorImpl.lockAndDoSelect(SelectorImpl.java:130)
        at java.base@25.0.3/sun.nio.ch.SelectorImpl.select(SelectorImpl.java:147)
        at app//io.netty.channel.nio.SelectedSelectionKeySetSelector.select(SelectedSelectionKeySetSelector.java:68)
        at app//io.netty.channel.nio.NioEventLoop.select(NioEventLoop.java:887)
        at app//io.netty.channel.nio.NioEventLoop.run(NioEventLoop.java:526)
        at app//io.netty.util.concurrent.SingleThreadEventExecutor$4.run(SingleThreadEventExecutor.java:1007)
        at app//io.netty.util.internal.ThreadExecutorMap$2.run(ThreadExecutorMap.java:74)
        at java.base@25.0.3/java.lang.Thread.runWith(Thread.java:1487)
        at java.base@25.0.3/java.lang.Thread.run(Thread.java:1474)
"openFileTable_PartialTableCache-Cleanup-0" daemon prio=5 tid=2680 in Object.wait()
java.lang.Thread.State: WAITING (on object monitor)
        at java.base@25.0.3/jdk.internal.misc.Unsafe.park(Native Method)
        at java.base@25.0.3/java.util.concurrent.locks.LockSupport.park(LockSupport.java:369)
        at java.base@25.0.3/java.util.concurrent.locks.AbstractQueuedSynchronizer$ConditionNode.block(AbstractQueuedSynchronizer.java:520)
        at java.base@25.0.3/java.util.concurrent.ForkJoinPool.unmanagedBlock(ForkJoinPool.java:4364)
        at java.base@25.0.3/java.util.concurrent.ForkJoinPool.managedBlock(ForkJoinPool.java:4310)
        at java.base@25.0.3/java.util.concurrent.locks.AbstractQueuedSynchronizer$ConditionObject.await(AbstractQueuedSynchronizer.java:1752)
        at java.base@25.0.3/java.util.concurrent.LinkedBlockingQueue.take(LinkedBlockingQueue.java:435)
        at java.base@25.0.3/java.util.concurrent.ThreadPoolExecutor.getTask(ThreadPoolExecutor.java:1016)
        at java.base@25.0.3/java.util.concurrent.ThreadPoolExecutor.runWorker(ThreadPoolExecutor.java:1076)
        at java.base@25.0.3/java.util.concurrent.ThreadPoolExecutor$Worker.run(ThreadPoolExecutor.java:614)
        at java.base@25.0.3/java.lang.Thread.runWith(Thread.java:1487)
        at java.base@25.0.3/java.lang.Thread.run(Thread.java:1474)
"IPC Server handler 49 on default port 9862" daemon prio=5 tid=2618 timed_waiting
java.lang.Thread.State: TIMED_WAITING
        at java.base@25.0.3/jdk.internal.misc.Unsafe.park(Native Method)
        at java.base@25.0.3/java.util.concurrent.locks.LockSupport.parkNanos(LockSupport.java:271)
        at java.base@25.0.3/java.util.concurrent.locks.AbstractQueuedSynchronizer$ConditionObject.awaitNanos(AbstractQueuedSynchronizer.java:1803)
        at java.base@25.0.3/java.util.concurrent.LinkedBlockingQueue.poll(LinkedBlockingQueue.java:460)
        at app//org.apache.hadoop.ipc_.CallQueueManager.take(CallQueueManager.java:294)
        at app//org.apache.hadoop.ipc_.Server$Handler.run(Server.java:2634)
"om1@group-C5BA1605619E-cacheEviction-AwaitToRun" daemon prio=5 tid=2538 in Object.wait()
java.lang.Thread.State: WAITING (on object monitor)
        at java.base@25.0.3/jdk.internal.misc.Unsafe.park(Native Method)
        at java.base@25.0.3/java.util.concurrent.locks.LockSupport.park(LockSupport.java:369)
        at java.base@25.0.3/java.util.concurrent.locks.AbstractQueuedSynchronizer$ConditionNode.block(AbstractQueuedSynchronizer.java:520)
        at java.base@25.0.3/java.util.concurrent.ForkJoinPool.unmanagedBlock(ForkJoinPool.java:4364)
        at java.base@25.0.3/java.util.concurrent.ForkJoinPool.managedBlock(ForkJoinPool.java:4310)
        at java.base@25.0.3/java.util.concurrent.locks.AbstractQueuedSynchronizer$ConditionObject.await(AbstractQueuedSynchronizer.java:1752)
        at app//org.apache.ratis.util.AwaitForSignal.await(AwaitForSignal.java:48)
        at app//org.apache.ratis.util.AwaitToRun$RunnableImpl.run(AwaitToRun.java:47)
        at java.base@25.0.3/java.lang.Thread.runWith(Thread.java:1487)
        at java.base@25.0.3/java.lang.Thread.run(Thread.java:1474)
"openFileTable_PartialTableCache-Cleanup-0" daemon prio=5 tid=2193 in Object.wait()
java.lang.Thread.State: WAITING (on object monitor)
        at java.base@25.0.3/jdk.internal.misc.Unsafe.park(Native Method)
        at java.base@25.0.3/java.util.concurrent.locks.LockSupport.park(LockSupport.java:369)
        at java.base@25.0.3/java.util.concurrent.locks.AbstractQueuedSynchronizer$ConditionNode.block(AbstractQueuedSynchronizer.java:520)
        at java.base@25.0.3/java.util.concurrent.ForkJoinPool.unmanagedBlock(ForkJoinPool.java:4364)
        at java.base@25.0.3/java.util.concurrent.ForkJoinPool.managedBlock(ForkJoinPool.java:4310)
        at java.base@25.0.3/java.util.concurrent.locks.AbstractQueuedSynchronizer$ConditionObject.await(AbstractQueuedSynchronizer.java:1752)
        at java.base@25.0.3/java.util.concurrent.LinkedBlockingQueue.take(LinkedBlockingQueue.java:435)
        at java.base@25.0.3/java.util.concurrent.ThreadPoolExecutor.getTask(ThreadPoolExecutor.java:1016)
        at java.base@25.0.3/java.util.concurrent.ThreadPoolExecutor.runWorker(ThreadPoolExecutor.java:1076)
        at java.base@25.0.3/java.util.concurrent.ThreadPoolExecutor$Worker.run(ThreadPoolExecutor.java:614)
        at java.base@25.0.3/java.lang.Thread.runWith(Thread.java:1487)
        at java.base@25.0.3/java.lang.Thread.run(Thread.java:1474)
"volumeTable_FullTableCache-Cleanup-0" daemon prio=5 tid=1520 timed_waiting
java.lang.Thread.State: TIMED_WAITING
        at java.base@25.0.3/jdk.internal.misc.Unsafe.park(Native Method)
        at java.base@25.0.3/java.util.concurrent.locks.LockSupport.parkNanos(LockSupport.java:271)
        at java.base@25.0.3/java.util.concurrent.locks.AbstractQueuedSynchronizer$ConditionObject.awaitNanos(AbstractQueuedSynchronizer.java:1803)
        at java.base@25.0.3/java.util.concurrent.ScheduledThreadPoolExecutor$DelayedWorkQueue.take(ScheduledThreadPoolExecutor.java:1166)
        at java.base@25.0.3/java.util.concurrent.ScheduledThreadPoolExecutor$DelayedWorkQueue.take(ScheduledThreadPoolExecutor.java:883)
        at java.base@25.0.3/java.util.concurrent.ThreadPoolExecutor.getTask(ThreadPoolExecutor.java:1016)
        at java.base@25.0.3/java.util.concurrent.ThreadPoolExecutor.runWorker(ThreadPoolExecutor.java:1076)
        at java.base@25.0.3/java.util.concurrent.ThreadPoolExecutor$Worker.run(ThreadPoolExecutor.java:614)
        at java.base@25.0.3/java.lang.Thread.runWith(Thread.java:1487)
        at java.base@25.0.3/java.lang.Thread.run(Thread.java:1474)
"lifecycleConfigurationTable_FullTableCache-Cleanup-0" daemon prio=5 tid=1522 timed_waiting
java.lang.Thread.State: TIMED_WAITING
        at java.base@25.0.3/jdk.internal.misc.Unsafe.park(Native Method)
        at java.base@25.0.3/java.util.concurrent.locks.LockSupport.parkNanos(LockSupport.java:271)
        at java.base@25.0.3/java.util.concurrent.locks.AbstractQueuedSynchronizer$ConditionObject.awaitNanos(AbstractQueuedSynchronizer.java:1803)
        at java.base@25.0.3/java.util.concurrent.ScheduledThreadPoolExecutor$DelayedWorkQueue.take(ScheduledThreadPoolExecutor.java:1166)
        at java.base@25.0.3/java.util.concurrent.ScheduledThreadPoolExecutor$DelayedWorkQueue.take(ScheduledThreadPoolExecutor.java:883)
        at java.base@25.0.3/java.util.concurrent.ThreadPoolExecutor.getTask(ThreadPoolExecutor.java:1016)
        at java.base@25.0.3/java.util.concurrent.ThreadPoolExecutor.runWorker(ThreadPoolExecutor.java:1076)
        at java.base@25.0.3/java.util.concurrent.ThreadPoolExecutor$Worker.run(ThreadPoolExecutor.java:614)
        at java.base@25.0.3/java.lang.Thread.runWith(Thread.java:1487)
        at java.base@25.0.3/java.lang.Thread.run(Thread.java:1474)
"om1-KeyDeletingService#4" daemon prio=5 tid=2691 in Object.wait()
java.lang.Thread.State: WAITING (on object monitor)
        at java.base@25.0.3/jdk.internal.misc.Unsafe.park(Native Method)
        at java.base@25.0.3/java.util.concurrent.locks.LockSupport.park(LockSupport.java:369)
        at java.base@25.0.3/java.util.concurrent.locks.AbstractQueuedSynchronizer$ConditionNode.block(AbstractQueuedSynchronizer.java:520)
        at java.base@25.0.3/java.util.concurrent.ForkJoinPool.unmanagedBlock(ForkJoinPool.java:4364)
        at java.base@25.0.3/java.util.concurrent.ForkJoinPool.managedBlock(ForkJoinPool.java:4310)
        at java.base@25.0.3/java.util.concurrent.locks.AbstractQueuedSynchronizer$ConditionObject.await(AbstractQueuedSynchronizer.java:1752)
        at java.base@25.0.3/java.util.concurrent.ScheduledThreadPoolExecutor$DelayedWorkQueue.take(ScheduledThreadPoolExecutor.java:1161)
        at java.base@25.0.3/java.util.concurrent.ScheduledThreadPoolExecutor$DelayedWorkQueue.take(ScheduledThreadPoolExecutor.java:883)
        at java.base@25.0.3/java.util.concurrent.ThreadPoolExecutor.getTask(ThreadPoolExecutor.java:1016)
        at java.base@25.0.3/java.util.concurrent.ThreadPoolExecutor.runWorker(ThreadPoolExecutor.java:1076)
        at java.base@25.0.3/java.util.concurrent.ThreadPoolExecutor$Worker.run(ThreadPoolExecutor.java:614)
        at java.base@25.0.3/java.lang.Thread.runWith(Thread.java:1487)
        at java.base@25.0.3/java.lang.Thread.run(Thread.java:1474)
"bucketTable_FullTableCache-Cleanup-0" daemon prio=5 tid=1521 timed_waiting
java.lang.Thread.State: TIMED_WAITING
        at java.base@25.0.3/jdk.internal.misc.Unsafe.park(Native Method)
        at java.base@25.0.3/java.util.concurrent.locks.LockSupport.parkNanos(LockSupport.java:271)
        at java.base@25.0.3/java.util.concurrent.locks.AbstractQueuedSynchronizer$ConditionObject.awaitNanos(AbstractQueuedSynchronizer.java:1803)
        at java.base@25.0.3/java.util.concurrent.ScheduledThreadPoolExecutor$DelayedWorkQueue.take(ScheduledThreadPoolExecutor.java:1166)
        at java.base@25.0.3/java.util.concurrent.ScheduledThreadPoolExecutor$DelayedWorkQueue.take(ScheduledThreadPoolExecutor.java:883)
        at java.base@25.0.3/java.util.concurrent.ThreadPoolExecutor.getTask(ThreadPoolExecutor.java:1016)
        at java.base@25.0.3/java.util.concurrent.ThreadPoolExecutor.runWorker(ThreadPoolExecutor.java:1076)
        at java.base@25.0.3/java.util.concurrent.ThreadPoolExecutor$Worker.run(ThreadPoolExecutor.java:614)
        at java.base@25.0.3/java.lang.Thread.runWith(Thread.java:1487)
        at java.base@25.0.3/java.lang.Thread.run(Thread.java:1474)
"grpc-default-boss-ELG-8-1" daemon prio=5 tid=2542 runnable
java.lang.Thread.State: RUNNABLE
        at app//org.apache.ratis.thirdparty.io.netty.channel.epoll.Native.epollWait(Native Method)
        at app//org.apache.ratis.thirdparty.io.netty.channel.epoll.Native.epollWait(Native.java:220)
        at app//org.apache.ratis.thirdparty.io.netty.channel.epoll.Native.epollWait(Native.java:213)
        at app//org.apache.ratis.thirdparty.io.netty.channel.epoll.EpollEventLoop.epollWaitNoTimerChange(EpollEventLoop.java:308)
        at app//org.apache.ratis.thirdparty.io.netty.channel.epoll.EpollEventLoop.run(EpollEventLoop.java:365)
        at app//org.apache.ratis.thirdparty.io.netty.util.concurrent.SingleThreadEventExecutor$4.run(SingleThreadEventExecutor.java:998)
        at app//org.apache.ratis.thirdparty.io.netty.util.internal.ThreadExecutorMap$2.run(ThreadExecutorMap.java:74)
        at app//org.apache.ratis.thirdparty.io.netty.util.concurrent.FastThreadLocalRunnable.run(FastThreadLocalRunnable.java:30)
        at java.base@25.0.3/java.lang.Thread.runWith(Thread.java:1487)
        at java.base@25.0.3/java.lang.Thread.run(Thread.java:1474)
"MutableQuantiles-0" daemon prio=5 tid=244 timed_waiting
java.lang.Thread.State: TIMED_WAITING
        at java.base@25.0.3/jdk.internal.misc.Unsafe.park(Native Method)
        at java.base@25.0.3/java.util.concurrent.locks.LockSupport.parkNanos(LockSupport.java:271)
        at java.base@25.0.3/java.util.concurrent.locks.AbstractQueuedSynchronizer$ConditionObject.awaitNanos(AbstractQueuedSynchronizer.java:1803)
        at java.base@25.0.3/java.util.concurrent.ScheduledThreadPoolExecutor$DelayedWorkQueue.take(ScheduledThreadPoolExecutor.java:1166)
        at java.base@25.0.3/java.util.concurrent.ScheduledThreadPoolExecutor$DelayedWorkQueue.take(ScheduledThreadPoolExecutor.java:883)
        at java.base@25.0.3/java.util.concurrent.ThreadPoolExecutor.getTask(ThreadPoolExecutor.java:1016)
        at java.base@25.0.3/java.util.concurrent.ThreadPoolExecutor.runWorker(ThreadPoolExecutor.java:1076)
        at java.base@25.0.3/java.util.concurrent.ThreadPoolExecutor$Worker.run(ThreadPoolExecutor.java:614)
        at java.base@25.0.3/java.lang.Thread.runWith(Thread.java:1487)
        at java.base@25.0.3/java.lang.Thread.run(Thread.java:1474)
"surefire-forkedjvm-stream-flusher" daemon prio=5 tid=24 timed_waiting
java.lang.Thread.State: TIMED_WAITING
        at java.base@25.0.3/jdk.internal.misc.Unsafe.park(Native Method)
        at java.base@25.0.3/java.util.concurrent.locks.LockSupport.parkNanos(LockSupport.java:271)
        at java.base@25.0.3/java.util.concurrent.locks.AbstractQueuedSynchronizer$ConditionObject.awaitNanos(AbstractQueuedSynchronizer.java:1803)
        at java.base@25.0.3/java.util.concurrent.ScheduledThreadPoolExecutor$DelayedWorkQueue.take(ScheduledThreadPoolExecutor.java:1166)
        at java.base@25.0.3/java.util.concurrent.ScheduledThreadPoolExecutor$DelayedWorkQueue.take(ScheduledThreadPoolExecutor.java:883)
        at java.base@25.0.3/java.util.concurrent.ThreadPoolExecutor.getTask(ThreadPoolExecutor.java:1016)
        at java.base@25.0.3/java.util.concurrent.ThreadPoolExecutor.runWorker(ThreadPoolExecutor.java:1076)
        at java.base@25.0.3/java.util.concurrent.ThreadPoolExecutor$Worker.run(ThreadPoolExecutor.java:614)
        at java.base@25.0.3/java.lang.Thread.runWith(Thread.java:1487)
        at java.base@25.0.3/java.lang.Thread.run(Thread.java:1474)
"IPC Server handler 13 on default port 9862" daemon prio=5 tid=2582 timed_waiting
java.lang.Thread.State: TIMED_WAITING
        at java.base@25.0.3/jdk.internal.misc.Unsafe.park(Native Method)
        at java.base@25.0.3/java.util.concurrent.locks.LockSupport.parkNanos(LockSupport.java:271)
        at java.base@25.0.3/java.util.concurrent.locks.AbstractQueuedSynchronizer$ConditionObject.awaitNanos(AbstractQueuedSynchronizer.java:1803)
        at java.base@25.0.3/java.util.concurrent.LinkedBlockingQueue.poll(LinkedBlockingQueue.java:460)
        at app//org.apache.hadoop.ipc_.CallQueueManager.take(CallQueueManager.java:294)
        at app//org.apache.hadoop.ipc_.Server$Handler.run(Server.java:2634)
"prometheus" daemon prio=5 tid=134 in Object.wait()
java.lang.Thread.State: WAITING (on object monitor)
        at java.base@25.0.3/java.lang.Object.wait0(Native Method)
        at java.base@25.0.3/java.lang.Object.wait(Object.java:389)
        at java.base@25.0.3/java.lang.Object.wait(Object.java:351)
        at app//org.apache.hadoop.metrics2.impl.SinkQueue.waitForData(SinkQueue.java:114)
        at app//org.apache.hadoop.metrics2.impl.SinkQueue.consumeAll(SinkQueue.java:83)
        at app//org.apache.hadoop.metrics2.impl.MetricsSinkAdapter.publishMetricsFromQueue(MetricsSinkAdapter.java:135)
        at app//org.apache.hadoop.metrics2.impl.MetricsSinkAdapter$1.run(MetricsSinkAdapter.java:89)
"Socket Reader #2 for port 9862" daemon prio=5 tid=2527 runnable
java.lang.Thread.State: RUNNABLE
        at java.base@25.0.3/sun.nio.ch.EPoll.wait(Native Method)
        at java.base@25.0.3/sun.nio.ch.EPollSelectorImpl.doSelect(EPollSelectorImpl.java:117)
        at java.base@25.0.3/sun.nio.ch.SelectorImpl.lockAndDoSelect(SelectorImpl.java:130)
        at java.base@25.0.3/sun.nio.ch.SelectorImpl.select(SelectorImpl.java:147)
        at app//org.apache.hadoop.ipc_.Server$Listener$Reader.doRunLoop(Server.java:1004)
        at app//org.apache.hadoop.ipc_.Server$Listener$Reader.run(Server.java:983)
"volumeTable_FullTableCache-Cleanup-0" daemon prio=5 tid=76 timed_waiting
java.lang.Thread.State: TIMED_WAITING
        at java.base@25.0.3/jdk.internal.misc.Unsafe.park(Native Method)
        at java.base@25.0.3/java.util.concurrent.locks.LockSupport.parkNanos(LockSupport.java:271)
        at java.base@25.0.3/java.util.concurrent.locks.AbstractQueuedSynchronizer$ConditionObject.awaitNanos(AbstractQueuedSynchronizer.java:1803)
        at java.base@25.0.3/java.util.concurrent.ScheduledThreadPoolExecutor$DelayedWorkQueue.take(ScheduledThreadPoolExecutor.java:1166)
        at java.base@25.0.3/java.util.concurrent.ScheduledThreadPoolExecutor$DelayedWorkQueue.take(ScheduledThreadPoolExecutor.java:883)
        at java.base@25.0.3/java.util.concurrent.ThreadPoolExecutor.getTask(ThreadPoolExecutor.java:1016)
        at java.base@25.0.3/java.util.concurrent.ThreadPoolExecutor.runWorker(ThreadPoolExecutor.java:1076)
        at java.base@25.0.3/java.util.concurrent.ThreadPoolExecutor$Worker.run(ThreadPoolExecutor.java:614)
        at java.base@25.0.3/java.lang.Thread.runWith(Thread.java:1487)
        at java.base@25.0.3/java.lang.Thread.run(Thread.java:1474)
"deletedTable_PartialTableCache-Cleanup-0" daemon prio=5 tid=249 in Object.wait()
java.lang.Thread.State: WAITING (on object monitor)
        at java.base@25.0.3/jdk.internal.misc.Unsafe.park(Native Method)
        at java.base@25.0.3/java.util.concurrent.locks.LockSupport.park(LockSupport.java:369)
        at java.base@25.0.3/java.util.concurrent.locks.AbstractQueuedSynchronizer$ConditionNode.block(AbstractQueuedSynchronizer.java:520)
        at java.base@25.0.3/java.util.concurrent.ForkJoinPool.unmanagedBlock(ForkJoinPool.java:4364)
        at java.base@25.0.3/java.util.concurrent.ForkJoinPool.managedBlock(ForkJoinPool.java:4310)
        at java.base@25.0.3/java.util.concurrent.locks.AbstractQueuedSynchronizer$ConditionObject.await(AbstractQueuedSynchronizer.java:1752)
        at java.base@25.0.3/java.util.concurrent.LinkedBlockingQueue.take(LinkedBlockingQueue.java:435)
        at java.base@25.0.3/java.util.concurrent.ThreadPoolExecutor.getTask(ThreadPoolExecutor.java:1016)
        at java.base@25.0.3/java.util.concurrent.ThreadPoolExecutor.runWorker(ThreadPoolExecutor.java:1076)
        at java.base@25.0.3/java.util.concurrent.ThreadPoolExecutor$Worker.run(ThreadPoolExecutor.java:614)
        at java.base@25.0.3/java.lang.Thread.runWith(Thread.java:1487)
        at java.base@25.0.3/java.lang.Thread.run(Thread.java:1474)
"IPC Server handler 10 on default port 9862" daemon prio=5 tid=2579 timed_waiting
java.lang.Thread.State: TIMED_WAITING
        at java.base@25.0.3/jdk.internal.misc.Unsafe.park(Native Method)
        at java.base@25.0.3/java.util.concurrent.locks.LockSupport.parkNanos(LockSupport.java:271)
        at java.base@25.0.3/java.util.concurrent.locks.AbstractQueuedSynchronizer$ConditionObject.awaitNanos(AbstractQueuedSynchronizer.java:1803)
        at java.base@25.0.3/java.util.concurrent.LinkedBlockingQueue.poll(LinkedBlockingQueue.java:460)
        at app//org.apache.hadoop.ipc_.CallQueueManager.take(CallQueueManager.java:294)
        at app//org.apache.hadoop.ipc_.Server$Handler.run(Server.java:2634)
"IPC Server handler 3 on default port 9862" daemon prio=5 tid=2572 timed_waiting
java.lang.Thread.State: TIMED_WAITING
        at java.base@25.0.3/jdk.internal.misc.Unsafe.park(Native Method)
        at java.base@25.0.3/java.util.concurrent.locks.LockSupport.parkNanos(LockSupport.java:271)
        at java.base@25.0.3/java.util.concurrent.locks.AbstractQueuedSynchronizer$ConditionObject.awaitNanos(AbstractQueuedSynchronizer.java:1803)
        at java.base@25.0.3/java.util.concurrent.LinkedBlockingQueue.poll(LinkedBlockingQueue.java:460)
        at app//org.apache.hadoop.ipc_.CallQueueManager.take(CallQueueManager.java:294)
        at app//org.apache.hadoop.ipc_.Server$Handler.run(Server.java:2634)
"IPC Server handler 48 on default port 9862" daemon prio=5 tid=2617 timed_waiting
java.lang.Thread.State: TIMED_WAITING
        at java.base@25.0.3/jdk.internal.misc.Unsafe.park(Native Method)
        at java.base@25.0.3/java.util.concurrent.locks.LockSupport.parkNanos(LockSupport.java:271)
        at java.base@25.0.3/java.util.concurrent.locks.AbstractQueuedSynchronizer$ConditionObject.awaitNanos(AbstractQueuedSynchronizer.java:1803)
        at java.base@25.0.3/java.util.concurrent.LinkedBlockingQueue.poll(LinkedBlockingQueue.java:460)
        at app//org.apache.hadoop.ipc_.CallQueueManager.take(CallQueueManager.java:294)
        at app//org.apache.hadoop.ipc_.Server$Handler.run(Server.java:2634)
"Timer-5"  prio=5 tid=2544 timed_waiting
java.lang.Thread.State: TIMED_WAITING
        at java.base@25.0.3/java.lang.Object.wait0(Native Method)
        at java.base@25.0.3/java.lang.Object.wait(Object.java:389)
        at java.base@25.0.3/java.util.TimerThread.mainLoop(Timer.java:569)
        at java.base@25.0.3/java.util.TimerThread.run(Timer.java:522)
"qtp88341167-2562-acceptor-0@161c5c20-ServerConnector@1b47604f{HTTP/1.1, (http/1.1)}{0.0.0.0:9874}" daemon prio=3 tid=2562 runnable
java.lang.Thread.State: RUNNABLE
        at java.base@25.0.3/sun.nio.ch.Net.accept(Native Method)
        at java.base@25.0.3/sun.nio.ch.ServerSocketChannelImpl.implAccept(ServerSocketChannelImpl.java:424)
        at java.base@25.0.3/sun.nio.ch.ServerSocketChannelImpl.accept(ServerSocketChannelImpl.java:391)
        at app//org.eclipse.jetty.server.ServerConnector.accept(ServerConnector.java:388)
        at app//org.eclipse.jetty.server.AbstractConnector$Acceptor.run(AbstractConnector.java:704)
        at app//org.eclipse.jetty.util.thread.QueuedThreadPool.runJob(QueuedThreadPool.java:883)
        at app//org.eclipse.jetty.util.thread.QueuedThreadPool$Runner.run(QueuedThreadPool.java:1034)
        at java.base@25.0.3/java.lang.Thread.runWith(Thread.java:1487)
        at java.base@25.0.3/java.lang.Thread.run(Thread.java:1474)
"qtp88341167-2563" daemon prio=5 tid=2563 timed_waiting
java.lang.Thread.State: TIMED_WAITING
        at java.base@25.0.3/jdk.internal.misc.Unsafe.park(Native Method)
        at java.base@25.0.3/java.util.concurrent.locks.LockSupport.parkNanos(LockSupport.java:271)
        at java.base@25.0.3/java.util.concurrent.locks.AbstractQueuedSynchronizer$ConditionObject.awaitNanos(AbstractQueuedSynchronizer.java:1803)
        at app//org.eclipse.jetty.util.BlockingArrayQueue.poll(BlockingArrayQueue.java:382)
        at app//org.eclipse.jetty.util.thread.QueuedThreadPool$Runner.idleJobPoll(QueuedThreadPool.java:974)
        at app//org.eclipse.jetty.util.thread.QueuedThreadPool$Runner.run(QueuedThreadPool.java:1018)
        at java.base@25.0.3/java.lang.Thread.runWith(Thread.java:1487)
        at java.base@25.0.3/java.lang.Thread.run(Thread.java:1474)
"lifecycleScanStateTable_FullTableCache-Cleanup-0" daemon prio=5 tid=47 timed_waiting
java.lang.Thread.State: TIMED_WAITING
        at java.base@25.0.3/jdk.internal.misc.Unsafe.park(Native Method)
        at java.base@25.0.3/java.util.concurrent.locks.LockSupport.parkNanos(LockSupport.java:271)
        at java.base@25.0.3/java.util.concurrent.locks.AbstractQueuedSynchronizer$ConditionObject.awaitNanos(AbstractQueuedSynchronizer.java:1803)
        at java.base@25.0.3/java.util.concurrent.ScheduledThreadPoolExecutor$DelayedWorkQueue.take(ScheduledThreadPoolExecutor.java:1166)
        at java.base@25.0.3/java.util.concurrent.ScheduledThreadPoolExecutor$DelayedWorkQueue.take(ScheduledThreadPoolExecutor.java:883)
        at java.base@25.0.3/java.util.concurrent.ThreadPoolExecutor.getTask(ThreadPoolExecutor.java:1016)
        at java.base@25.0.3/java.util.concurrent.ThreadPoolExecutor.runWorker(ThreadPoolExecutor.java:1076)
        at java.base@25.0.3/java.util.concurrent.ThreadPoolExecutor$Worker.run(ThreadPoolExecutor.java:614)
        at java.base@25.0.3/java.lang.Thread.runWith(Thread.java:1487)
        at java.base@25.0.3/java.lang.Thread.run(Thread.java:1474)
"snapshotRenamedTable_PartialTableCache-Cleanup-0" daemon prio=5 tid=255 in Object.wait()
java.lang.Thread.State: WAITING (on object monitor)
        at java.base@25.0.3/jdk.internal.misc.Unsafe.park(Native Method)
        at java.base@25.0.3/java.util.concurrent.locks.LockSupport.park(LockSupport.java:369)
        at java.base@25.0.3/java.util.concurrent.locks.AbstractQueuedSynchronizer$ConditionNode.block(AbstractQueuedSynchronizer.java:520)
        at java.base@25.0.3/java.util.concurrent.ForkJoinPool.unmanagedBlock(ForkJoinPool.java:4364)
        at java.base@25.0.3/java.util.concurrent.ForkJoinPool.managedBlock(ForkJoinPool.java:4310)
        at java.base@25.0.3/java.util.concurrent.locks.AbstractQueuedSynchronizer$ConditionObject.await(AbstractQueuedSynchronizer.java:1752)
        at java.base@25.0.3/java.util.concurrent.LinkedBlockingQueue.take(LinkedBlockingQueue.java:435)
        at java.base@25.0.3/java.util.concurrent.ThreadPoolExecutor.getTask(ThreadPoolExecutor.java:1016)
        at java.base@25.0.3/java.util.concurrent.ThreadPoolExecutor.runWorker(ThreadPoolExecutor.java:1076)
        at java.base@25.0.3/java.util.concurrent.ThreadPoolExecutor$Worker.run(ThreadPoolExecutor.java:614)
        at java.base@25.0.3/java.lang.Thread.runWith(Thread.java:1487)
        at java.base@25.0.3/java.lang.Thread.run(Thread.java:1474)
"IPC Server handler 4 on default port 9862" daemon prio=5 tid=2573 timed_waiting
java.lang.Thread.State: TIMED_WAITING
        at java.base@25.0.3/jdk.internal.misc.Unsafe.park(Native Method)
        at java.base@25.0.3/java.util.concurrent.locks.LockSupport.parkNanos(LockSupport.java:271)
        at java.base@25.0.3/java.util.concurrent.locks.AbstractQueuedSynchronizer$ConditionObject.awaitNanos(AbstractQueuedSynchronizer.java:1803)
        at java.base@25.0.3/java.util.concurrent.LinkedBlockingQueue.poll(LinkedBlockingQueue.java:460)
        at app//org.apache.hadoop.ipc_.CallQueueManager.take(CallQueueManager.java:294)
        at app//org.apache.hadoop.ipc_.Server$Handler.run(Server.java:2634)
"openKeyTable_PartialTableCache-Cleanup-0" daemon prio=5 tid=1685 in Object.wait()
java.lang.Thread.State: WAITING (on object monitor)
        at java.base@25.0.3/jdk.internal.misc.Unsafe.park(Native Method)
        at java.base@25.0.3/java.util.concurrent.locks.LockSupport.park(LockSupport.java:369)
        at java.base@25.0.3/java.util.concurrent.locks.AbstractQueuedSynchronizer$ConditionNode.block(AbstractQueuedSynchronizer.java:520)
        at java.base@25.0.3/java.util.concurrent.ForkJoinPool.unmanagedBlock(ForkJoinPool.java:4364)
        at java.base@25.0.3/java.util.concurrent.ForkJoinPool.managedBlock(ForkJoinPool.java:4310)
        at java.base@25.0.3/java.util.concurrent.locks.AbstractQueuedSynchronizer$ConditionObject.await(AbstractQueuedSynchronizer.java:1752)
        at java.base@25.0.3/java.util.concurrent.LinkedBlockingQueue.take(LinkedBlockingQueue.java:435)
        at java.base@25.0.3/java.util.concurrent.ThreadPoolExecutor.getTask(ThreadPoolExecutor.java:1016)
        at java.base@25.0.3/java.util.concurrent.ThreadPoolExecutor.runWorker(ThreadPoolExecutor.java:1076)
        at java.base@25.0.3/java.util.concurrent.ThreadPoolExecutor$Worker.run(ThreadPoolExecutor.java:614)
        at java.base@25.0.3/java.lang.Thread.runWith(Thread.java:1487)
        at java.base@25.0.3/java.lang.Thread.run(Thread.java:1474)
"IPC Server handler 95 on default port 9862" daemon prio=5 tid=2664 timed_waiting
java.lang.Thread.State: TIMED_WAITING
        at java.base@25.0.3/jdk.internal.misc.Unsafe.park(Native Method)
        at java.base@25.0.3/java.util.concurrent.locks.LockSupport.parkNanos(LockSupport.java:271)
        at java.base@25.0.3/java.util.concurrent.locks.AbstractQueuedSynchronizer$ConditionObject.awaitNanos(AbstractQueuedSynchronizer.java:1803)
        at java.base@25.0.3/java.util.concurrent.LinkedBlockingQueue.poll(LinkedBlockingQueue.java:460)
        at app//org.apache.hadoop.ipc_.CallQueueManager.take(CallQueueManager.java:294)
        at app//org.apache.hadoop.ipc_.Server$Handler.run(Server.java:2634)
"lifecycleScanStateTable_FullTableCache-Cleanup-0" daemon prio=5 tid=1523 timed_waiting
java.lang.Thread.State: TIMED_WAITING
        at java.base@25.0.3/jdk.internal.misc.Unsafe.park(Native Method)
        at java.base@25.0.3/java.util.concurrent.locks.LockSupport.parkNanos(LockSupport.java:271)
        at java.base@25.0.3/java.util.concurrent.locks.AbstractQueuedSynchronizer$ConditionObject.awaitNanos(AbstractQueuedSynchronizer.java:1803)
        at java.base@25.0.3/java.util.concurrent.ScheduledThreadPoolExecutor$DelayedWorkQueue.take(ScheduledThreadPoolExecutor.java:1166)
        at java.base@25.0.3/java.util.concurrent.ScheduledThreadPoolExecutor$DelayedWorkQueue.take(ScheduledThreadPoolExecutor.java:883)
        at java.base@25.0.3/java.util.concurrent.ThreadPoolExecutor.getTask(ThreadPoolExecutor.java:1016)
        at java.base@25.0.3/java.util.concurrent.ThreadPoolExecutor.runWorker(ThreadPoolExecutor.java:1076)
        at java.base@25.0.3/java.util.concurrent.ThreadPoolExecutor$Worker.run(ThreadPoolExecutor.java:614)
        at java.base@25.0.3/java.lang.Thread.runWith(Thread.java:1487)
        at java.base@25.0.3/java.lang.Thread.run(Thread.java:1474)
"pool-269-thread-1"  prio=5 tid=2559 timed_waiting
java.lang.Thread.State: TIMED_WAITING
        at java.base@25.0.3/jdk.internal.misc.Unsafe.park(Native Method)
        at java.base@25.0.3/java.util.concurrent.locks.LockSupport.parkNanos(LockSupport.java:271)
        at java.base@25.0.3/java.util.concurrent.locks.AbstractQueuedSynchronizer$ConditionObject.awaitNanos(AbstractQueuedSynchronizer.java:1803)
        at java.base@25.0.3/java.util.concurrent.ScheduledThreadPoolExecutor$DelayedWorkQueue.take(ScheduledThreadPoolExecutor.java:1166)
        at java.base@25.0.3/java.util.concurrent.ScheduledThreadPoolExecutor$DelayedWorkQueue.take(ScheduledThreadPoolExecutor.java:883)
        at java.base@25.0.3/java.util.concurrent.ThreadPoolExecutor.getTask(ThreadPoolExecutor.java:1016)
        at java.base@25.0.3/java.util.concurrent.ThreadPoolExecutor.runWorker(ThreadPoolExecutor.java:1076)
        at java.base@25.0.3/java.util.concurrent.ThreadPoolExecutor$Worker.run(ThreadPoolExecutor.java:614)
        at java.base@25.0.3/java.lang.Thread.runWith(Thread.java:1487)
        at java.base@25.0.3/java.lang.Thread.run(Thread.java:1474)
"multipartInfoTable_PartialTableCache-Cleanup-0" daemon prio=5 tid=2688 in Object.wait()
java.lang.Thread.State: WAITING (on object monitor)
        at java.base@25.0.3/jdk.internal.misc.Unsafe.park(Native Method)
        at java.base@25.0.3/java.util.concurrent.locks.LockSupport.park(LockSupport.java:369)
        at java.base@25.0.3/java.util.concurrent.locks.AbstractQueuedSynchronizer$ConditionNode.block(AbstractQueuedSynchronizer.java:520)
        at java.base@25.0.3/java.util.concurrent.ForkJoinPool.unmanagedBlock(ForkJoinPool.java:4364)
        at java.base@25.0.3/java.util.concurrent.ForkJoinPool.managedBlock(ForkJoinPool.java:4310)
        at java.base@25.0.3/java.util.concurrent.locks.AbstractQueuedSynchronizer$ConditionObject.await(AbstractQueuedSynchronizer.java:1752)
        at java.base@25.0.3/java.util.concurrent.LinkedBlockingQueue.take(LinkedBlockingQueue.java:435)
        at java.base@25.0.3/java.util.concurrent.ThreadPoolExecutor.getTask(ThreadPoolExecutor.java:1016)
        at java.base@25.0.3/java.util.concurrent.ThreadPoolExecutor.runWorker(ThreadPoolExecutor.java:1076)
        at java.base@25.0.3/java.util.concurrent.ThreadPoolExecutor$Worker.run(ThreadPoolExecutor.java:614)
        at java.base@25.0.3/java.lang.Thread.runWith(Thread.java:1487)
        at java.base@25.0.3/java.lang.Thread.run(Thread.java:1474)
"IPC Server handler 93 on default port 9862" daemon prio=5 tid=2662 timed_waiting
java.lang.Thread.State: TIMED_WAITING
        at java.base@25.0.3/jdk.internal.misc.Unsafe.park(Native Method)
        at java.base@25.0.3/java.util.concurrent.locks.LockSupport.parkNanos(LockSupport.java:271)
        at java.base@25.0.3/java.util.concurrent.locks.AbstractQueuedSynchronizer$ConditionObject.awaitNanos(AbstractQueuedSynchronizer.java:1803)
        at java.base@25.0.3/java.util.concurrent.LinkedBlockingQueue.poll(LinkedBlockingQueue.java:460)
        at app//org.apache.hadoop.ipc_.CallQueueManager.take(CallQueueManager.java:294)
        at app//org.apache.hadoop.ipc_.Server$Handler.run(Server.java:2634)
"IPC Server handler 56 on default port 9862" daemon prio=5 tid=2625 timed_waiting
java.lang.Thread.State: TIMED_WAITING
        at java.base@25.0.3/jdk.internal.misc.Unsafe.park(Native Method)
        at java.base@25.0.3/java.util.concurrent.locks.LockSupport.parkNanos(LockSupport.java:271)
        at java.base@25.0.3/java.util.concurrent.locks.AbstractQueuedSynchronizer$ConditionObject.awaitNanos(AbstractQueuedSynchronizer.java:1803)
        at java.base@25.0.3/java.util.concurrent.LinkedBlockingQueue.poll(LinkedBlockingQueue.java:460)
        at app//org.apache.hadoop.ipc_.CallQueueManager.take(CallQueueManager.java:294)
        at app//org.apache.hadoop.ipc_.Server$Handler.run(Server.java:2634)
"IPC Server handler 60 on default port 9862" daemon prio=5 tid=2629 timed_waiting
java.lang.Thread.State: TIMED_WAITING
        at java.base@25.0.3/jdk.internal.misc.Unsafe.park(Native Method)
        at java.base@25.0.3/java.util.concurrent.locks.LockSupport.parkNanos(LockSupport.java:271)
        at java.base@25.0.3/java.util.concurrent.locks.AbstractQueuedSynchronizer$ConditionObject.awaitNanos(AbstractQueuedSynchronizer.java:1803)
        at java.base@25.0.3/java.util.concurrent.LinkedBlockingQueue.poll(LinkedBlockingQueue.java:460)
        at app//org.apache.hadoop.ipc_.CallQueueManager.take(CallQueueManager.java:294)
        at app//org.apache.hadoop.ipc_.Server$Handler.run(Server.java:2634)
"qtp88341167-2565" daemon prio=5 tid=2565 timed_waiting
java.lang.Thread.State: TIMED_WAITING
        at java.base@25.0.3/jdk.internal.misc.Unsafe.park(Native Method)
        at java.base@25.0.3/java.util.concurrent.locks.LockSupport.parkNanos(LockSupport.java:271)
        at java.base@25.0.3/java.util.concurrent.locks.AbstractQueuedSynchronizer$ConditionObject.awaitNanos(AbstractQueuedSynchronizer.java:1803)
        at app//org.eclipse.jetty.util.BlockingArrayQueue.poll(BlockingArrayQueue.java:382)
        at app//org.eclipse.jetty.util.thread.QueuedThreadPool$Runner.idleJobPoll(QueuedThreadPool.java:974)
        at app//org.eclipse.jetty.util.thread.QueuedThreadPool$Runner.run(QueuedThreadPool.java:1018)
        at java.base@25.0.3/java.lang.Thread.runWith(Thread.java:1487)
        at java.base@25.0.3/java.lang.Thread.run(Thread.java:1474)
"gradle-enterprise-test-client-gradle-enterprise-test-listener"  prio=5 tid=35 in Object.wait()
java.lang.Thread.State: WAITING (on object monitor)
        at java.base@25.0.3/jdk.internal.misc.Unsafe.park(Native Method)
        at java.base@25.0.3/java.util.concurrent.locks.LockSupport.park(LockSupport.java:369)
        at java.base@25.0.3/java.util.concurrent.locks.AbstractQueuedSynchronizer$ConditionNode.block(AbstractQueuedSynchronizer.java:520)
        at java.base@25.0.3/java.util.concurrent.ForkJoinPool.unmanagedBlock(ForkJoinPool.java:4364)
        at java.base@25.0.3/java.util.concurrent.ForkJoinPool.managedBlock(ForkJoinPool.java:4310)
        at java.base@25.0.3/java.util.concurrent.locks.AbstractQueuedSynchronizer$ConditionObject.await(AbstractQueuedSynchronizer.java:1752)
        at java.base@25.0.3/java.util.concurrent.ArrayBlockingQueue.take(ArrayBlockingQueue.java:421)
        at app//com.gradle.maven.scan.extension.test.listener.obfuscated.k.a.a(SourceFile:149)
        at app//com.gradle.maven.scan.extension.test.listener.obfuscated.k.a.b(SourceFile:97)
        at app//com.gradle.maven.scan.extension.test.listener.obfuscated.k.a$$Lambda/0x0000000007135260.run(Unknown Source)
        at java.base@25.0.3/java.util.concurrent.Executors$RunnableAdapter.call(Executors.java:545)
        at java.base@25.0.3/java.util.concurrent.FutureTask.run(FutureTask.java:328)
        at java.base@25.0.3/java.util.concurrent.ThreadPoolExecutor.runWorker(ThreadPoolExecutor.java:1090)
        at java.base@25.0.3/java.util.concurrent.ThreadPoolExecutor$Worker.run(ThreadPoolExecutor.java:614)
        at java.base@25.0.3/java.lang.Thread.runWith(Thread.java:1487)
        at java.base@25.0.3/java.lang.Thread.run(Thread.java:1474)
"IPC Server handler 67 on default port 9862" daemon prio=5 tid=2636 timed_waiting
java.lang.Thread.State: TIMED_WAITING
        at java.base@25.0.3/jdk.internal.misc.Unsafe.park(Native Method)
        at java.base@25.0.3/java.util.concurrent.locks.LockSupport.parkNanos(LockSupport.java:271)
        at java.base@25.0.3/java.util.concurrent.locks.AbstractQueuedSynchronizer$ConditionObject.awaitNanos(AbstractQueuedSynchronizer.java:1803)
        at java.base@25.0.3/java.util.concurrent.LinkedBlockingQueue.poll(LinkedBlockingQueue.java:460)
        at app//org.apache.hadoop.ipc_.CallQueueManager.take(CallQueueManager.java:294)
        at app//org.apache.hadoop.ipc_.Server$Handler.run(Server.java:2634)
"IPC Server handler 80 on default port 9862" daemon prio=5 tid=2649 timed_waiting
java.lang.Thread.State: TIMED_WAITING
        at java.base@25.0.3/jdk.internal.misc.Unsafe.park(Native Method)
        at java.base@25.0.3/java.util.concurrent.locks.LockSupport.parkNanos(LockSupport.java:271)
        at java.base@25.0.3/java.util.concurrent.locks.AbstractQueuedSynchronizer$ConditionObject.awaitNanos(AbstractQueuedSynchronizer.java:1803)
        at java.base@25.0.3/java.util.concurrent.LinkedBlockingQueue.poll(LinkedBlockingQueue.java:460)
        at app//org.apache.hadoop.ipc_.CallQueueManager.take(CallQueueManager.java:294)
        at app//org.apache.hadoop.ipc_.Server$Handler.run(Server.java:2634)
"IPC Server handler 54 on default port 9862" daemon prio=5 tid=2623 timed_waiting
java.lang.Thread.State: TIMED_WAITING
        at java.base@25.0.3/jdk.internal.misc.Unsafe.park(Native Method)
        at java.base@25.0.3/java.util.concurrent.locks.LockSupport.parkNanos(LockSupport.java:271)
        at java.base@25.0.3/java.util.concurrent.locks.AbstractQueuedSynchronizer$ConditionObject.awaitNanos(AbstractQueuedSynchronizer.java:1803)
        at java.base@25.0.3/java.util.concurrent.LinkedBlockingQueue.poll(LinkedBlockingQueue.java:460)
        at app//org.apache.hadoop.ipc_.CallQueueManager.take(CallQueueManager.java:294)
        at app//org.apache.hadoop.ipc_.Server$Handler.run(Server.java:2634)
"IPC Server handler 62 on default port 9862" daemon prio=5 tid=2631 timed_waiting
java.lang.Thread.State: TIMED_WAITING
        at java.base@25.0.3/jdk.internal.misc.Unsafe.park(Native Method)
        at java.base@25.0.3/java.util.concurrent.locks.LockSupport.parkNanos(LockSupport.java:271)
        at java.base@25.0.3/java.util.concurrent.locks.AbstractQueuedSynchronizer$ConditionObject.awaitNanos(AbstractQueuedSynchronizer.java:1803)
        at java.base@25.0.3/java.util.concurrent.LinkedBlockingQueue.poll(LinkedBlockingQueue.java:460)
        at app//org.apache.hadoop.ipc_.CallQueueManager.take(CallQueueManager.java:294)
        at app//org.apache.hadoop.ipc_.Server$Handler.run(Server.java:2634)
"Common-Cleaner" daemon prio=8 tid=21 timed_waiting
java.lang.Thread.State: TIMED_WAITING
        at java.base@25.0.3/java.lang.Object.wait0(Native Method)
        at java.base@25.0.3/java.lang.Object.wait(Object.java:389)
        at java.base@25.0.3/java.lang.ref.ReferenceQueue.remove0(ReferenceQueue.java:123)
        at java.base@25.0.3/java.lang.ref.ReferenceQueue.remove(ReferenceQueue.java:201)
        at java.base@25.0.3/jdk.internal.ref.CleanerImpl.run(CleanerImpl.java:146)
        at java.base@25.0.3/java.lang.Thread.runWith(Thread.java:1487)
        at java.base@25.0.3/java.lang.Thread.run(Thread.java:1474)
        at java.base@25.0.3/jdk.internal.misc.InnocuousThread.run(InnocuousThread.java:148)
"openFileTable_PartialTableCache-Cleanup-0" daemon prio=5 tid=1689 in Object.wait()
java.lang.Thread.State: WAITING (on object monitor)
        at java.base@25.0.3/jdk.internal.misc.Unsafe.park(Native Method)
        at java.base@25.0.3/java.util.concurrent.locks.LockSupport.park(LockSupport.java:369)
        at java.base@25.0.3/java.util.concurrent.locks.AbstractQueuedSynchronizer$ConditionNode.block(AbstractQueuedSynchronizer.java:520)
        at java.base@25.0.3/java.util.concurrent.ForkJoinPool.unmanagedBlock(ForkJoinPool.java:4364)
        at java.base@25.0.3/java.util.concurrent.ForkJoinPool.managedBlock(ForkJoinPool.java:4310)
        at java.base@25.0.3/java.util.concurrent.locks.AbstractQueuedSynchronizer$ConditionObject.await(AbstractQueuedSynchronizer.java:1752)
        at java.base@25.0.3/java.util.concurrent.LinkedBlockingQueue.take(LinkedBlockingQueue.java:435)
        at java.base@25.0.3/java.util.concurrent.ThreadPoolExecutor.getTask(ThreadPoolExecutor.java:1016)
        at java.base@25.0.3/java.util.concurrent.ThreadPoolExecutor.runWorker(ThreadPoolExecutor.java:1076)
        at java.base@25.0.3/java.util.concurrent.ThreadPoolExecutor$Worker.run(ThreadPoolExecutor.java:614)
        at java.base@25.0.3/java.lang.Thread.runWith(Thread.java:1487)
        at java.base@25.0.3/java.lang.Thread.run(Thread.java:1474)
"om1-groupManagement" daemon prio=5 tid=2524 in Object.wait()
java.lang.Thread.State: WAITING (on object monitor)
        at java.base@25.0.3/jdk.internal.misc.Unsafe.park(Native Method)
        at java.base@25.0.3/java.util.concurrent.locks.LockSupport.park(LockSupport.java:369)
        at java.base@25.0.3/java.util.concurrent.locks.AbstractQueuedSynchronizer$ConditionNode.block(AbstractQueuedSynchronizer.java:520)
        at java.base@25.0.3/java.util.concurrent.ForkJoinPool.unmanagedBlock(ForkJoinPool.java:4364)
        at java.base@25.0.3/java.util.concurrent.ForkJoinPool.managedBlock(ForkJoinPool.java:4310)
        at java.base@25.0.3/java.util.concurrent.locks.AbstractQueuedSynchronizer$ConditionObject.await(AbstractQueuedSynchronizer.java:1752)
        at java.base@25.0.3/java.util.concurrent.LinkedBlockingQueue.take(LinkedBlockingQueue.java:435)
        at java.base@25.0.3/java.util.concurrent.ThreadPoolExecutor.getTask(ThreadPoolExecutor.java:1016)
        at java.base@25.0.3/java.util.concurrent.ThreadPoolExecutor.runWorker(ThreadPoolExecutor.java:1076)
        at java.base@25.0.3/java.util.concurrent.ThreadPoolExecutor$Worker.run(ThreadPoolExecutor.java:614)
        at java.base@25.0.3/java.lang.Thread.runWith(Thread.java:1487)
        at java.base@25.0.3/java.lang.Thread.run(Thread.java:1474)
"IPC Server handler 12 on default port 9862" daemon prio=5 tid=2581 timed_waiting
java.lang.Thread.State: TIMED_WAITING
        at java.base@25.0.3/jdk.internal.misc.Unsafe.park(Native Method)
        at java.base@25.0.3/java.util.concurrent.locks.LockSupport.parkNanos(LockSupport.java:271)
        at java.base@25.0.3/java.util.concurrent.locks.AbstractQueuedSynchronizer$ConditionObject.awaitNanos(AbstractQueuedSynchronizer.java:1803)
        at java.base@25.0.3/java.util.concurrent.LinkedBlockingQueue.poll(LinkedBlockingQueue.java:460)
        at app//org.apache.hadoop.ipc_.CallQueueManager.take(CallQueueManager.java:294)
        at app//org.apache.hadoop.ipc_.Server$Handler.run(Server.java:2634)
"IPC Server handler 6 on default port 9862" daemon prio=5 tid=2575 timed_waiting
java.lang.Thread.State: TIMED_WAITING
        at java.base@25.0.3/jdk.internal.misc.Unsafe.park(Native Method)
        at java.base@25.0.3/java.util.concurrent.locks.LockSupport.parkNanos(LockSupport.java:271)
        at java.base@25.0.3/java.util.concurrent.locks.AbstractQueuedSynchronizer$ConditionObject.awaitNanos(AbstractQueuedSynchronizer.java:1803)
        at java.base@25.0.3/java.util.concurrent.LinkedBlockingQueue.poll(LinkedBlockingQueue.java:460)
        at app//org.apache.hadoop.ipc_.CallQueueManager.take(CallQueueManager.java:294)
        at app//org.apache.hadoop.ipc_.Server$Handler.run(Server.java:2634)
"multipartInfoTable_PartialTableCache-Cleanup-0" daemon prio=5 tid=1095 in Object.wait()
java.lang.Thread.State: WAITING (on object monitor)
        at java.base@25.0.3/jdk.internal.misc.Unsafe.park(Native Method)
        at java.base@25.0.3/java.util.concurrent.locks.LockSupport.park(LockSupport.java:369)
        at java.base@25.0.3/java.util.concurrent.locks.AbstractQueuedSynchronizer$ConditionNode.block(AbstractQueuedSynchronizer.java:520)
        at java.base@25.0.3/java.util.concurrent.ForkJoinPool.unmanagedBlock(ForkJoinPool.java:4364)
        at java.base@25.0.3/java.util.concurrent.ForkJoinPool.managedBlock(ForkJoinPool.java:4310)
        at java.base@25.0.3/java.util.concurrent.locks.AbstractQueuedSynchronizer$ConditionObject.await(AbstractQueuedSynchronizer.java:1752)
        at java.base@25.0.3/java.util.concurrent.LinkedBlockingQueue.take(LinkedBlockingQueue.java:435)
        at java.base@25.0.3/java.util.concurrent.ThreadPoolExecutor.getTask(ThreadPoolExecutor.java:1016)
        at java.base@25.0.3/java.util.concurrent.ThreadPoolExecutor.runWorker(ThreadPoolExecutor.java:1076)
        at java.base@25.0.3/java.util.concurrent.ThreadPoolExecutor$Worker.run(ThreadPoolExecutor.java:614)
        at java.base@25.0.3/java.lang.Thread.runWith(Thread.java:1487)
        at java.base@25.0.3/java.lang.Thread.run(Thread.java:1474)
"keyTable_PartialTableCache-Cleanup-0" daemon prio=5 tid=1686 in Object.wait()
java.lang.Thread.State: WAITING (on object monitor)
        at java.base@25.0.3/jdk.internal.misc.Unsafe.park(Native Method)
        at java.base@25.0.3/java.util.concurrent.locks.LockSupport.park(LockSupport.java:369)
        at java.base@25.0.3/java.util.concurrent.locks.AbstractQueuedSynchronizer$ConditionNode.block(AbstractQueuedSynchronizer.java:520)
        at java.base@25.0.3/java.util.concurrent.ForkJoinPool.unmanagedBlock(ForkJoinPool.java:4364)
        at java.base@25.0.3/java.util.concurrent.ForkJoinPool.managedBlock(ForkJoinPool.java:4310)
        at java.base@25.0.3/java.util.concurrent.locks.AbstractQueuedSynchronizer$ConditionObject.await(AbstractQueuedSynchronizer.java:1752)
        at java.base@25.0.3/java.util.concurrent.LinkedBlockingQueue.take(LinkedBlockingQueue.java:435)
        at java.base@25.0.3/java.util.concurrent.ThreadPoolExecutor.getTask(ThreadPoolExecutor.java:1016)
        at java.base@25.0.3/java.util.concurrent.ThreadPoolExecutor.runWorker(ThreadPoolExecutor.java:1076)
        at java.base@25.0.3/java.util.concurrent.ThreadPoolExecutor$Worker.run(ThreadPoolExecutor.java:614)
        at java.base@25.0.3/java.lang.Thread.runWith(Thread.java:1487)
        at java.base@25.0.3/java.lang.Thread.run(Thread.java:1474)
"ForkJoinPool-1-worker-6" daemon prio=5 tid=1530 in Object.wait()
java.lang.Thread.State: WAITING (on object monitor)
        at java.base@25.0.3/jdk.internal.misc.Unsafe.park(Native Method)
        at java.base@25.0.3/java.util.concurrent.ForkJoinPool.awaitWork(ForkJoinPool.java:2109)
        at java.base@25.0.3/java.util.concurrent.ForkJoinPool.deactivate(ForkJoinPool.java:2063)
        at java.base@25.0.3/java.util.concurrent.ForkJoinPool.runWorker(ForkJoinPool.java:2027)
        at java.base@25.0.3/java.util.concurrent.ForkJoinWorkerThread.run(ForkJoinWorkerThread.java:187)
"Socket Reader #1 for port 9862" daemon prio=5 tid=2526 runnable
java.lang.Thread.State: RUNNABLE
        at java.base@25.0.3/sun.nio.ch.EPoll.wait(Native Method)
        at java.base@25.0.3/sun.nio.ch.EPollSelectorImpl.doSelect(EPollSelectorImpl.java:117)
        at java.base@25.0.3/sun.nio.ch.SelectorImpl.lockAndDoSelect(SelectorImpl.java:130)
        at java.base@25.0.3/sun.nio.ch.SelectorImpl.select(SelectorImpl.java:147)
        at app//org.apache.hadoop.ipc_.Server$Listener$Reader.doRunLoop(Server.java:1004)
        at app//org.apache.hadoop.ipc_.Server$Listener$Reader.run(Server.java:983)
"qtp88341167-2566" daemon prio=5 tid=2566 timed_waiting
java.lang.Thread.State: TIMED_WAITING
        at java.base@25.0.3/jdk.internal.misc.Unsafe.park(Native Method)
        at java.base@25.0.3/java.util.concurrent.locks.LockSupport.parkNanos(LockSupport.java:271)
        at java.base@25.0.3/java.util.concurrent.locks.AbstractQueuedSynchronizer$ConditionObject.awaitNanos(AbstractQueuedSynchronizer.java:1803)
        at app//org.eclipse.jetty.util.BlockingArrayQueue.poll(BlockingArrayQueue.java:382)
        at app//org.eclipse.jetty.util.thread.QueuedThreadPool$Runner.idleJobPoll(QueuedThreadPool.java:974)
        at app//org.eclipse.jetty.util.thread.QueuedThreadPool$Runner.run(QueuedThreadPool.java:1018)
        at java.base@25.0.3/java.lang.Thread.runWith(Thread.java:1487)
        at java.base@25.0.3/java.lang.Thread.run(Thread.java:1474)
"IPC Server handler 9 on default port 9862" daemon prio=5 tid=2578 timed_waiting
java.lang.Thread.State: TIMED_WAITING
        at java.base@25.0.3/jdk.internal.misc.Unsafe.park(Native Method)
        at java.base@25.0.3/java.util.concurrent.locks.LockSupport.parkNanos(LockSupport.java:271)
        at java.base@25.0.3/java.util.concurrent.locks.AbstractQueuedSynchronizer$ConditionObject.awaitNanos(AbstractQueuedSynchronizer.java:1803)
        at java.base@25.0.3/java.util.concurrent.LinkedBlockingQueue.poll(LinkedBlockingQueue.java:460)
        at app//org.apache.hadoop.ipc_.CallQueueManager.take(CallQueueManager.java:294)
        at app//org.apache.hadoop.ipc_.Server$Handler.run(Server.java:2634)
"IPC Server handler 61 on default port 9862" daemon prio=5 tid=2630 timed_waiting
java.lang.Thread.State: TIMED_WAITING
        at java.base@25.0.3/jdk.internal.misc.Unsafe.park(Native Method)
        at java.base@25.0.3/java.util.concurrent.locks.LockSupport.parkNanos(LockSupport.java:271)
        at java.base@25.0.3/java.util.concurrent.locks.AbstractQueuedSynchronizer$ConditionObject.awaitNanos(AbstractQueuedSynchronizer.java:1803)
        at java.base@25.0.3/java.util.concurrent.LinkedBlockingQueue.poll(LinkedBlockingQueue.java:460)
        at app//org.apache.hadoop.ipc_.CallQueueManager.take(CallQueueManager.java:294)
        at app//org.apache.hadoop.ipc_.Server$Handler.run(Server.java:2634)
"fileTable_PartialTableCache-Cleanup-0" daemon prio=5 tid=252 in Object.wait()
java.lang.Thread.State: WAITING (on object monitor)
        at java.base@25.0.3/jdk.internal.misc.Unsafe.park(Native Method)
        at java.base@25.0.3/java.util.concurrent.locks.LockSupport.park(LockSupport.java:369)
        at java.base@25.0.3/java.util.concurrent.locks.AbstractQueuedSynchronizer$ConditionNode.block(AbstractQueuedSynchronizer.java:520)
        at java.base@25.0.3/java.util.concurrent.ForkJoinPool.unmanagedBlock(ForkJoinPool.java:4364)
        at java.base@25.0.3/java.util.concurrent.ForkJoinPool.managedBlock(ForkJoinPool.java:4310)
        at java.base@25.0.3/java.util.concurrent.locks.AbstractQueuedSynchronizer$ConditionObject.await(AbstractQueuedSynchronizer.java:1752)
        at java.base@25.0.3/java.util.concurrent.LinkedBlockingQueue.take(LinkedBlockingQueue.java:435)
        at java.base@25.0.3/java.util.concurrent.ThreadPoolExecutor.getTask(ThreadPoolExecutor.java:1016)
        at java.base@25.0.3/java.util.concurrent.ThreadPoolExecutor.runWorker(ThreadPoolExecutor.java:1076)
        at java.base@25.0.3/java.util.concurrent.ThreadPoolExecutor$Worker.run(ThreadPoolExecutor.java:614)
        at java.base@25.0.3/java.lang.Thread.runWith(Thread.java:1487)
        at java.base@25.0.3/java.lang.Thread.run(Thread.java:1474)
"multipartPartsTable_PartialTableCache-Cleanup-0" daemon prio=5 tid=1096 in Object.wait()
java.lang.Thread.State: WAITING (on object monitor)
        at java.base@25.0.3/jdk.internal.misc.Unsafe.park(Native Method)
        at java.base@25.0.3/java.util.concurrent.locks.LockSupport.park(LockSupport.java:369)
        at java.base@25.0.3/java.util.concurrent.locks.AbstractQueuedSynchronizer$ConditionNode.block(AbstractQueuedSynchronizer.java:520)
        at java.base@25.0.3/java.util.concurrent.ForkJoinPool.unmanagedBlock(ForkJoinPool.java:4364)
        at java.base@25.0.3/java.util.concurrent.ForkJoinPool.managedBlock(ForkJoinPool.java:4310)
        at java.base@25.0.3/java.util.concurrent.locks.AbstractQueuedSynchronizer$ConditionObject.await(AbstractQueuedSynchronizer.java:1752)
        at java.base@25.0.3/java.util.concurrent.LinkedBlockingQueue.take(LinkedBlockingQueue.java:435)
        at java.base@25.0.3/java.util.concurrent.ThreadPoolExecutor.getTask(ThreadPoolExecutor.java:1016)
        at java.base@25.0.3/java.util.concurrent.ThreadPoolExecutor.runWorker(ThreadPoolExecutor.java:1076)
        at java.base@25.0.3/java.util.concurrent.ThreadPoolExecutor$Worker.run(ThreadPoolExecutor.java:614)
        at java.base@25.0.3/java.lang.Thread.runWith(Thread.java:1487)
        at java.base@25.0.3/java.lang.Thread.run(Thread.java:1474)
"IPC Server idle connection scanner for port 9862" daemon prio=5 tid=2536 timed_waiting
java.lang.Thread.State: TIMED_WAITING
        at java.base@25.0.3/java.lang.Object.wait0(Native Method)
        at java.base@25.0.3/java.lang.Object.wait(Object.java:389)
        at java.base@25.0.3/java.util.TimerThread.mainLoop(Timer.java:569)
        at java.base@25.0.3/java.util.TimerThread.run(Timer.java:522)
"surefire-process-checker" daemon prio=5 tid=27 timed_waiting
java.lang.Thread.State: TIMED_WAITING
        at java.base@25.0.3/jdk.internal.misc.Unsafe.park(Native Method)
        at java.base@25.0.3/java.util.concurrent.locks.LockSupport.parkNanos(LockSupport.java:271)
        at java.base@25.0.3/java.util.concurrent.locks.AbstractQueuedSynchronizer$ConditionObject.awaitNanos(AbstractQueuedSynchronizer.java:1803)
        at java.base@25.0.3/java.util.concurrent.ScheduledThreadPoolExecutor$DelayedWorkQueue.take(ScheduledThreadPoolExecutor.java:1166)
        at java.base@25.0.3/java.util.concurrent.ScheduledThreadPoolExecutor$DelayedWorkQueue.take(ScheduledThreadPoolExecutor.java:883)
        at java.base@25.0.3/java.util.concurrent.ThreadPoolExecutor.getTask(ThreadPoolExecutor.java:1016)
        at java.base@25.0.3/java.util.concurrent.ThreadPoolExecutor.runWorker(ThreadPoolExecutor.java:1076)
        at java.base@25.0.3/java.util.concurrent.ThreadPoolExecutor$Worker.run(ThreadPoolExecutor.java:614)
        at java.base@25.0.3/java.lang.Thread.runWith(Thread.java:1487)
        at java.base@25.0.3/java.lang.Thread.run(Thread.java:1474)
"fileTable_PartialTableCache-Cleanup-0" daemon prio=5 tid=1690 in Object.wait()
java.lang.Thread.State: WAITING (on object monitor)
        at java.base@25.0.3/jdk.internal.misc.Unsafe.park(Native Method)
        at java.base@25.0.3/java.util.concurrent.locks.LockSupport.park(LockSupport.java:369)
        at java.base@25.0.3/java.util.concurrent.locks.AbstractQueuedSynchronizer$ConditionNode.block(AbstractQueuedSynchronizer.java:520)
        at java.base@25.0.3/java.util.concurrent.ForkJoinPool.unmanagedBlock(ForkJoinPool.java:4364)
        at java.base@25.0.3/java.util.concurrent.ForkJoinPool.managedBlock(ForkJoinPool.java:4310)
        at java.base@25.0.3/java.util.concurrent.locks.AbstractQueuedSynchronizer$ConditionObject.await(AbstractQueuedSynchronizer.java:1752)
        at java.base@25.0.3/java.util.concurrent.LinkedBlockingQueue.take(LinkedBlockingQueue.java:435)
        at java.base@25.0.3/java.util.concurrent.ThreadPoolExecutor.getTask(ThreadPoolExecutor.java:1016)
        at java.base@25.0.3/java.util.concurrent.ThreadPoolExecutor.runWorker(ThreadPoolExecutor.java:1076)
        at java.base@25.0.3/java.util.concurrent.ThreadPoolExecutor$Worker.run(ThreadPoolExecutor.java:614)
        at java.base@25.0.3/java.lang.Thread.runWith(Thread.java:1487)
        at java.base@25.0.3/java.lang.Thread.run(Thread.java:1474)
"IPC Server handler 25 on default port 9862" daemon prio=5 tid=2594 timed_waiting
java.lang.Thread.State: TIMED_WAITING
        at java.base@25.0.3/jdk.internal.misc.Unsafe.park(Native Method)
        at java.base@25.0.3/java.util.concurrent.locks.LockSupport.parkNanos(LockSupport.java:271)
        at java.base@25.0.3/java.util.concurrent.locks.AbstractQueuedSynchronizer$ConditionObject.awaitNanos(AbstractQueuedSynchronizer.java:1803)
        at java.base@25.0.3/java.util.concurrent.LinkedBlockingQueue.poll(LinkedBlockingQueue.java:460)
        at app//org.apache.hadoop.ipc_.CallQueueManager.take(CallQueueManager.java:294)
        at app//org.apache.hadoop.ipc_.Server$Handler.run(Server.java:2634)
"IPC Server handler 85 on default port 9862" daemon prio=5 tid=2654 timed_waiting
java.lang.Thread.State: TIMED_WAITING
        at java.base@25.0.3/jdk.internal.misc.Unsafe.park(Native Method)
        at java.base@25.0.3/java.util.concurrent.locks.LockSupport.parkNanos(LockSupport.java:271)
        at java.base@25.0.3/java.util.concurrent.locks.AbstractQueuedSynchronizer$ConditionObject.awaitNanos(AbstractQueuedSynchronizer.java:1803)
        at java.base@25.0.3/java.util.concurrent.LinkedBlockingQueue.poll(LinkedBlockingQueue.java:460)
        at app//org.apache.hadoop.ipc_.CallQueueManager.take(CallQueueManager.java:294)
        at app//org.apache.hadoop.ipc_.Server$Handler.run(Server.java:2634)
"Reference Handler" daemon prio=10 tid=13 runnable
java.lang.Thread.State: RUNNABLE
        at java.base@25.0.3/java.lang.ref.Reference.waitForReferencePendingList(Native Method)
        at java.base@25.0.3/java.lang.ref.Reference.processPendingReferences(Reference.java:246)
        at java.base@25.0.3/java.lang.ref.Reference$ReferenceHandler.run(Reference.java:208)
"LeakDetector-ManagedRocksObject0" daemon prio=5 tid=41 in Object.wait()
java.lang.Thread.State: WAITING (on object monitor)
        at java.base@25.0.3/java.lang.Object.wait0(Native Method)
        at java.base@25.0.3/java.lang.Object.wait(Unknown Source)
        at java.base@25.0.3/java.lang.Object.wait(Unknown Source)
        at java.base@25.0.3/java.lang.ref.ReferenceQueue.remove0(ReferenceQueue.java:137)
        at java.base@25.0.3/java.lang.ref.ReferenceQueue.remove(ReferenceQueue.java:215)
        at app//org.apache.hadoop.hdds.utils.LeakDetector.run(LeakDetector.java:79)
        at app//org.apache.hadoop.hdds.utils.LeakDetector$$Lambda/0x00000000072aa3b0.run(Unknown Source)
        at java.base@25.0.3/java.lang.Thread.runWith(Thread.java:1487)
        at java.base@25.0.3/java.lang.Thread.run(Thread.java:1474)
"directoryTable_PartialTableCache-Cleanup-0" daemon prio=5 tid=1086 in Object.wait()
java.lang.Thread.State: WAITING (on object monitor)
        at java.base@25.0.3/jdk.internal.misc.Unsafe.park(Native Method)
        at java.base@25.0.3/java.util.concurrent.locks.LockSupport.park(LockSupport.java:369)
        at java.base@25.0.3/java.util.concurrent.locks.AbstractQueuedSynchronizer$ConditionNode.block(AbstractQueuedSynchronizer.java:520)
        at java.base@25.0.3/java.util.concurrent.ForkJoinPool.unmanagedBlock(ForkJoinPool.java:4364)
        at java.base@25.0.3/java.util.concurrent.ForkJoinPool.managedBlock(ForkJoinPool.java:4310)
        at java.base@25.0.3/java.util.concurrent.locks.AbstractQueuedSynchronizer$ConditionObject.await(AbstractQueuedSynchronizer.java:1752)
        at java.base@25.0.3/java.util.concurrent.LinkedBlockingQueue.take(LinkedBlockingQueue.java:435)
        at java.base@25.0.3/java.util.concurrent.ThreadPoolExecutor.getTask(ThreadPoolExecutor.java:1016)
        at java.base@25.0.3/java.util.concurrent.ThreadPoolExecutor.runWorker(ThreadPoolExecutor.java:1076)
        at java.base@25.0.3/java.util.concurrent.ThreadPoolExecutor$Worker.run(ThreadPoolExecutor.java:614)
        at java.base@25.0.3/java.lang.Thread.runWith(Thread.java:1487)
        at java.base@25.0.3/java.lang.Thread.run(Thread.java:1474)
"Session-HouseKeeper-495276b-1"  prio=5 tid=2568 timed_waiting
java.lang.Thread.State: TIMED_WAITING
        at java.base@25.0.3/jdk.internal.misc.Unsafe.park(Native Method)
        at java.base@25.0.3/java.util.concurrent.locks.LockSupport.parkNanos(LockSupport.java:271)
        at java.base@25.0.3/java.util.concurrent.locks.AbstractQueuedSynchronizer$ConditionObject.awaitNanos(AbstractQueuedSynchronizer.java:1803)
        at java.base@25.0.3/java.util.concurrent.ScheduledThreadPoolExecutor$DelayedWorkQueue.take(ScheduledThreadPoolExecutor.java:1166)
        at java.base@25.0.3/java.util.concurrent.ScheduledThreadPoolExecutor$DelayedWorkQueue.take(ScheduledThreadPoolExecutor.java:883)
        at java.base@25.0.3/java.util.concurrent.ThreadPoolExecutor.getTask(ThreadPoolExecutor.java:1016)
        at java.base@25.0.3/java.util.concurrent.ThreadPoolExecutor.runWorker(ThreadPoolExecutor.java:1076)
        at java.base@25.0.3/java.util.concurrent.ThreadPoolExecutor$Worker.run(ThreadPoolExecutor.java:614)
        at java.base@25.0.3/java.lang.Thread.runWith(Thread.java:1487)
        at java.base@25.0.3/java.lang.Thread.run(Thread.java:1474)
"Socket Reader #8 for port 9862" daemon prio=5 tid=2533 runnable
java.lang.Thread.State: RUNNABLE
        at java.base@25.0.3/sun.nio.ch.EPoll.wait(Native Method)
        at java.base@25.0.3/sun.nio.ch.EPollSelectorImpl.doSelect(EPollSelectorImpl.java:117)
        at java.base@25.0.3/sun.nio.ch.SelectorImpl.lockAndDoSelect(SelectorImpl.java:130)
        at java.base@25.0.3/sun.nio.ch.SelectorImpl.select(SelectorImpl.java:147)
        at app//org.apache.hadoop.ipc_.Server$Listener$Reader.doRunLoop(Server.java:1004)
        at app//org.apache.hadoop.ipc_.Server$Listener$Reader.run(Server.java:983)
"deletedTable_PartialTableCache-Cleanup-0" daemon prio=5 tid=1089 in Object.wait()
java.lang.Thread.State: WAITING (on object monitor)
        at java.base@25.0.3/jdk.internal.misc.Unsafe.park(Native Method)
        at java.base@25.0.3/java.util.concurrent.locks.LockSupport.park(LockSupport.java:369)
        at java.base@25.0.3/java.util.concurrent.locks.AbstractQueuedSynchronizer$ConditionNode.block(AbstractQueuedSynchronizer.java:520)
        at java.base@25.0.3/java.util.concurrent.ForkJoinPool.unmanagedBlock(ForkJoinPool.java:4364)
        at java.base@25.0.3/java.util.concurrent.ForkJoinPool.managedBlock(ForkJoinPool.java:4310)
        at java.base@25.0.3/java.util.concurrent.locks.AbstractQueuedSynchronizer$ConditionObject.await(AbstractQueuedSynchronizer.java:1752)
        at java.base@25.0.3/java.util.concurrent.LinkedBlockingQueue.take(LinkedBlockingQueue.java:435)
        at java.base@25.0.3/java.util.concurrent.ThreadPoolExecutor.getTask(ThreadPoolExecutor.java:1016)
        at java.base@25.0.3/java.util.concurrent.ThreadPoolExecutor.runWorker(ThreadPoolExecutor.java:1076)
        at java.base@25.0.3/java.util.concurrent.ThreadPoolExecutor$Worker.run(ThreadPoolExecutor.java:614)
        at java.base@25.0.3/java.lang.Thread.runWith(Thread.java:1487)
        at java.base@25.0.3/java.lang.Thread.run(Thread.java:1474)
"LeakDetector-OzoneClientObject1" daemon prio=5 tid=241 in Object.wait()
java.lang.Thread.State: WAITING (on object monitor)
        at java.base@25.0.3/java.lang.Object.wait0(Native Method)
        at java.base@25.0.3/java.lang.Object.wait(Object.java:389)
        at java.base@25.0.3/java.lang.Object.wait(Object.java:351)
        at java.base@25.0.3/java.lang.ref.ReferenceQueue.remove0(ReferenceQueue.java:137)
        at java.base@25.0.3/java.lang.ref.ReferenceQueue.remove(ReferenceQueue.java:215)
        at app//org.apache.hadoop.hdds.utils.LeakDetector.run(LeakDetector.java:79)
        at app//org.apache.hadoop.hdds.utils.LeakDetector$$Lambda/0x00000000072aa3b0.run(Unknown Source)
        at java.base@25.0.3/java.lang.Thread.runWith(Thread.java:1487)
        at java.base@25.0.3/java.lang.Thread.run(Thread.java:1474)
"IPC Server handler 36 on default port 9862" daemon prio=5 tid=2605 timed_waiting
java.lang.Thread.State: TIMED_WAITING
        at java.base@25.0.3/jdk.internal.misc.Unsafe.park(Native Method)
        at java.base@25.0.3/java.util.concurrent.locks.LockSupport.parkNanos(LockSupport.java:271)
        at java.base@25.0.3/java.util.concurrent.locks.AbstractQueuedSynchronizer$ConditionObject.awaitNanos(AbstractQueuedSynchronizer.java:1803)
        at java.base@25.0.3/java.util.concurrent.LinkedBlockingQueue.poll(LinkedBlockingQueue.java:460)
        at app//org.apache.hadoop.ipc_.CallQueueManager.take(CallQueueManager.java:294)
        at app//org.apache.hadoop.ipc_.Server$Handler.run(Server.java:2634)
"IPC Server handler 31 on default port 9862" daemon prio=5 tid=2600 timed_waiting
java.lang.Thread.State: TIMED_WAITING
        at java.base@25.0.3/jdk.internal.misc.Unsafe.park(Native Method)
        at java.base@25.0.3/java.util.concurrent.locks.LockSupport.parkNanos(LockSupport.java:271)
        at java.base@25.0.3/java.util.concurrent.locks.AbstractQueuedSynchronizer$ConditionObject.awaitNanos(AbstractQueuedSynchronizer.java:1803)
        at java.base@25.0.3/java.util.concurrent.LinkedBlockingQueue.poll(LinkedBlockingQueue.java:460)
        at app//org.apache.hadoop.ipc_.CallQueueManager.take(CallQueueManager.java:294)
        at app//org.apache.hadoop.ipc_.Server$Handler.run(Server.java:2634)
"main"  prio=5 tid=3 in Object.wait()
java.lang.Thread.State: WAITING (on object monitor)
        at java.base@25.0.3/jdk.internal.misc.Unsafe.park(Native Method)
        at java.base@25.0.3/java.util.concurrent.locks.LockSupport.park(LockSupport.java:369)
        at java.base@25.0.3/java.util.concurrent.ForkJoinTask.awaitDone(ForkJoinTask.java:445)
        at java.base@25.0.3/java.util.concurrent.ForkJoinTask.awaitDone(ForkJoinTask.java:500)
        at java.base@25.0.3/java.util.concurrent.ForkJoinTask.get(ForkJoinTask.java:1018)
        at app//org.junit.platform.engine.support.hierarchical.HierarchicalTestEngine.execute(HierarchicalTestEngine.java:54)
        at app//org.junit.platform.launcher.core.EngineExecutionOrchestrator.executeEngine(EngineExecutionOrchestrator.java:230)
        at app//org.junit.platform.launcher.core.EngineExecutionOrchestrator.failOrExecuteEngine(EngineExecutionOrchestrator.java:204)
        at app//org.junit.platform.launcher.core.EngineExecutionOrchestrator.execute(EngineExecutionOrchestrator.java:172)
        at app//org.junit.platform.launcher.core.EngineExecutionOrchestrator.execute(EngineExecutionOrchestrator.java:101)
        at app//org.junit.platform.launcher.core.EngineExecutionOrchestrator.lambda$execute$0(EngineExecutionOrchestrator.java:64)
        at app//org.junit.platform.launcher.core.EngineExecutionOrchestrator$$Lambda/0x0000000007127b70.accept(Unknown Source)
        at app//org.junit.platform.launcher.core.EngineExecutionOrchestrator.withInterceptedStreams(EngineExecutionOrchestrator.java:150)
        at app//org.junit.platform.launcher.core.EngineExecutionOrchestrator.execute(EngineExecutionOrchestrator.java:63)
        at app//org.junit.platform.launcher.core.DefaultLauncher.execute(DefaultLauncher.java:109)
        at app//org.junit.platform.launcher.core.DefaultLauncher.execute(DefaultLauncher.java:91)
        at app//org.junit.platform.launcher.core.DelegatingLauncher.execute(DelegatingLauncher.java:47)
        at app//org.junit.platform.launcher.core.InterceptingLauncher.lambda$execute$1(InterceptingLauncher.java:39)
        at app//org.junit.platform.launcher.core.InterceptingLauncher$$Lambda/0x000000000709ca40.proceed(Unknown Source)
        at app//org.junit.platform.launcher.core.ClasspathAlignmentCheckingLauncherInterceptor.intercept(ClasspathAlignmentCheckingLauncherInterceptor.java:25)
        at app//org.junit.platform.launcher.core.InterceptingLauncher.execute(InterceptingLauncher.java:38)
        at app//org.junit.platform.launcher.core.DelegatingLauncher.execute(DelegatingLauncher.java:47)
        at app//org.apache.maven.surefire.junitplatform.LazyLauncher.execute(LazyLauncher.java:56)
        at app//org.apache.maven.surefire.junitplatform.JUnitPlatformProvider.execute(JUnitPlatformProvider.java:184)
        at app//org.apache.maven.surefire.junitplatform.JUnitPlatformProvider.invokeAllTests(JUnitPlatformProvider.java:148)
        at app//org.apache.maven.surefire.junitplatform.JUnitPlatformProvider.invoke(JUnitPlatformProvider.java:120)
        at app//org.apache.maven.surefire.booter.ForkedBooter.runSuitesInProcess(ForkedBooter.java:385)
        at app//org.apache.maven.surefire.booter.ForkedBooter.execute(ForkedBooter.java:162)
        at app//org.apache.maven.surefire.booter.ForkedBooter.run(ForkedBooter.java:507)
        at app//org.apache.maven.surefire.booter.ForkedBooter.main(ForkedBooter.java:495)
"keyTable_PartialTableCache-Cleanup-0" daemon prio=5 tid=2199 in Object.wait()
java.lang.Thread.State: WAITING (on object monitor)
        at java.base@25.0.3/jdk.internal.misc.Unsafe.park(Native Method)
        at java.base@25.0.3/java.util.concurrent.locks.LockSupport.park(LockSupport.java:369)
        at java.base@25.0.3/java.util.concurrent.locks.AbstractQueuedSynchronizer$ConditionNode.block(AbstractQueuedSynchronizer.java:520)
        at java.base@25.0.3/java.util.concurrent.ForkJoinPool.unmanagedBlock(ForkJoinPool.java:4364)
        at java.base@25.0.3/java.util.concurrent.ForkJoinPool.managedBlock(ForkJoinPool.java:4310)
        at java.base@25.0.3/java.util.concurrent.locks.AbstractQueuedSynchronizer$ConditionObject.await(AbstractQueuedSynchronizer.java:1752)
        at java.base@25.0.3/java.util.concurrent.LinkedBlockingQueue.take(LinkedBlockingQueue.java:435)
        at java.base@25.0.3/java.util.concurrent.ThreadPoolExecutor.getTask(ThreadPoolExecutor.java:1016)
        at java.base@25.0.3/java.util.concurrent.ThreadPoolExecutor.runWorker(ThreadPoolExecutor.java:1076)
        at java.base@25.0.3/java.util.concurrent.ThreadPoolExecutor$Worker.run(ThreadPoolExecutor.java:614)
        at java.base@25.0.3/java.lang.Thread.runWith(Thread.java:1487)
        at java.base@25.0.3/java.lang.Thread.run(Thread.java:1474)
"IPC Server handler 39 on default port 9862" daemon prio=5 tid=2608 timed_waiting
java.lang.Thread.State: TIMED_WAITING
        at java.base@25.0.3/jdk.internal.misc.Unsafe.park(Native Method)
        at java.base@25.0.3/java.util.concurrent.locks.LockSupport.parkNanos(LockSupport.java:271)
        at java.base@25.0.3/java.util.concurrent.locks.AbstractQueuedSynchronizer$ConditionObject.awaitNanos(AbstractQueuedSynchronizer.java:1803)
        at java.base@25.0.3/java.util.concurrent.LinkedBlockingQueue.poll(LinkedBlockingQueue.java:460)
        at app//org.apache.hadoop.ipc_.CallQueueManager.take(CallQueueManager.java:294)
        at app//org.apache.hadoop.ipc_.Server$Handler.run(Server.java:2634)
"IPC Server Responder" daemon prio=5 tid=2537 runnable
java.lang.Thread.State: RUNNABLE
        at java.base@25.0.3/sun.nio.ch.EPoll.wait(Native Method)
        at java.base@25.0.3/sun.nio.ch.EPollSelectorImpl.doSelect(EPollSelectorImpl.java:117)
        at java.base@25.0.3/sun.nio.ch.SelectorImpl.lockAndDoSelect(SelectorImpl.java:130)
        at java.base@25.0.3/sun.nio.ch.SelectorImpl.select(SelectorImpl.java:142)
        at app//org.apache.hadoop.ipc_.Server$Responder.doRunLoop(Server.java:1240)
        at app//org.apache.hadoop.ipc_.Server$Responder.run(Server.java:1223)
"bucketTable_FullTableCache-Cleanup-0" daemon prio=5 tid=2029 timed_waiting
java.lang.Thread.State: TIMED_WAITING
        at java.base@25.0.3/jdk.internal.misc.Unsafe.park(Native Method)
        at java.base@25.0.3/java.util.concurrent.locks.LockSupport.parkNanos(LockSupport.java:271)
        at java.base@25.0.3/java.util.concurrent.locks.AbstractQueuedSynchronizer$ConditionObject.awaitNanos(AbstractQueuedSynchronizer.java:1803)
        at java.base@25.0.3/java.util.concurrent.ScheduledThreadPoolExecutor$DelayedWorkQueue.take(ScheduledThreadPoolExecutor.java:1166)
        at java.base@25.0.3/java.util.concurrent.ScheduledThreadPoolExecutor$DelayedWorkQueue.take(ScheduledThreadPoolExecutor.java:883)
        at java.base@25.0.3/java.util.concurrent.ThreadPoolExecutor.getTask(ThreadPoolExecutor.java:1016)
        at java.base@25.0.3/java.util.concurrent.ThreadPoolExecutor.runWorker(ThreadPoolExecutor.java:1076)
        at java.base@25.0.3/java.util.concurrent.ThreadPoolExecutor$Worker.run(ThreadPoolExecutor.java:614)
        at java.base@25.0.3/java.lang.Thread.runWith(Thread.java:1487)
        at java.base@25.0.3/java.lang.Thread.run(Thread.java:1474)
"IPC Server handler 5 on default port 9862" daemon prio=5 tid=2574 timed_waiting
java.lang.Thread.State: TIMED_WAITING
        at java.base@25.0.3/jdk.internal.misc.Unsafe.park(Native Method)
        at java.base@25.0.3/java.util.concurrent.locks.LockSupport.parkNanos(LockSupport.java:271)
        at java.base@25.0.3/java.util.concurrent.locks.AbstractQueuedSynchronizer$ConditionObject.awaitNanos(AbstractQueuedSynchronizer.java:1803)
        at java.base@25.0.3/java.util.concurrent.LinkedBlockingQueue.poll(LinkedBlockingQueue.java:460)
        at app//org.apache.hadoop.ipc_.CallQueueManager.take(CallQueueManager.java:294)
        at app//org.apache.hadoop.ipc_.Server$Handler.run(Server.java:2634)
"IPC Server handler 98 on default port 9862" daemon prio=5 tid=2667 timed_waiting
java.lang.Thread.State: TIMED_WAITING
        at java.base@25.0.3/jdk.internal.misc.Unsafe.park(Native Method)
        at java.base@25.0.3/java.util.concurrent.locks.LockSupport.parkNanos(LockSupport.java:271)
        at java.base@25.0.3/java.util.concurrent.locks.AbstractQueuedSynchronizer$ConditionObject.awaitNanos(AbstractQueuedSynchronizer.java:1803)
        at java.base@25.0.3/java.util.concurrent.LinkedBlockingQueue.poll(LinkedBlockingQueue.java:460)
        at app//org.apache.hadoop.ipc_.CallQueueManager.take(CallQueueManager.java:294)
        at app//org.apache.hadoop.ipc_.Server$Handler.run(Server.java:2634)
"bucketTable_FullTableCache-Cleanup-0" daemon prio=5 tid=590 timed_waiting
java.lang.Thread.State: TIMED_WAITING
        at java.base@25.0.3/jdk.internal.misc.Unsafe.park(Native Method)
        at java.base@25.0.3/java.util.concurrent.locks.LockSupport.parkNanos(LockSupport.java:271)
        at java.base@25.0.3/java.util.concurrent.locks.AbstractQueuedSynchronizer$ConditionObject.awaitNanos(AbstractQueuedSynchronizer.java:1803)
        at java.base@25.0.3/java.util.concurrent.ScheduledThreadPoolExecutor$DelayedWorkQueue.take(ScheduledThreadPoolExecutor.java:1166)
        at java.base@25.0.3/java.util.concurrent.ScheduledThreadPoolExecutor$DelayedWorkQueue.take(ScheduledThreadPoolExecutor.java:883)
        at java.base@25.0.3/java.util.concurrent.ThreadPoolExecutor.getTask(ThreadPoolExecutor.java:1016)
        at java.base@25.0.3/java.util.concurrent.ThreadPoolExecutor.runWorker(ThreadPoolExecutor.java:1076)
        at java.base@25.0.3/java.util.concurrent.ThreadPoolExecutor$Worker.run(ThreadPoolExecutor.java:614)
        at java.base@25.0.3/java.lang.Thread.runWith(Thread.java:1487)
        at java.base@25.0.3/java.lang.Thread.run(Thread.java:1474)
"IPC Server handler 38 on default port 9862" daemon prio=5 tid=2607 timed_waiting
java.lang.Thread.State: TIMED_WAITING
        at java.base@25.0.3/jdk.internal.misc.Unsafe.park(Native Method)
        at java.base@25.0.3/java.util.concurrent.locks.LockSupport.parkNanos(LockSupport.java:271)
        at java.base@25.0.3/java.util.concurrent.locks.AbstractQueuedSynchronizer$ConditionObject.awaitNanos(AbstractQueuedSynchronizer.java:1803)
        at java.base@25.0.3/java.util.concurrent.LinkedBlockingQueue.poll(LinkedBlockingQueue.java:460)
        at app//org.apache.hadoop.ipc_.CallQueueManager.take(CallQueueManager.java:294)
        at app//org.apache.hadoop.ipc_.Server$Handler.run(Server.java:2634)
"IPC Server handler 58 on default port 9862" daemon prio=5 tid=2627 timed_waiting
java.lang.Thread.State: TIMED_WAITING
        at java.base@25.0.3/jdk.internal.misc.Unsafe.park(Native Method)
        at java.base@25.0.3/java.util.concurrent.locks.LockSupport.parkNanos(LockSupport.java:271)
        at java.base@25.0.3/java.util.concurrent.locks.AbstractQueuedSynchronizer$ConditionObject.awaitNanos(AbstractQueuedSynchronizer.java:1803)
        at java.base@25.0.3/java.util.concurrent.LinkedBlockingQueue.poll(LinkedBlockingQueue.java:460)
        at app//org.apache.hadoop.ipc_.CallQueueManager.take(CallQueueManager.java:294)
        at app//org.apache.hadoop.ipc_.Server$Handler.run(Server.java:2634)
"IPC Server handler 43 on default port 9862" daemon prio=5 tid=2612 timed_waiting
java.lang.Thread.State: TIMED_WAITING
        at java.base@25.0.3/jdk.internal.misc.Unsafe.park(Native Method)
        at java.base@25.0.3/java.util.concurrent.locks.LockSupport.parkNanos(LockSupport.java:271)
        at java.base@25.0.3/java.util.concurrent.locks.AbstractQueuedSynchronizer$ConditionObject.awaitNanos(AbstractQueuedSynchronizer.java:1803)
        at java.base@25.0.3/java.util.concurrent.LinkedBlockingQueue.poll(LinkedBlockingQueue.java:460)
        at app//org.apache.hadoop.ipc_.CallQueueManager.take(CallQueueManager.java:294)
        at app//org.apache.hadoop.ipc_.Server$Handler.run(Server.java:2634)
"om1-DirectoryDeletingService#2" daemon prio=5 tid=2553 timed_waiting
java.lang.Thread.State: TIMED_WAITING
        at java.base@25.0.3/jdk.internal.misc.Unsafe.park(Native Method)
        at java.base@25.0.3/java.util.concurrent.locks.LockSupport.parkNanos(LockSupport.java:271)
        at java.base@25.0.3/java.util.concurrent.locks.AbstractQueuedSynchronizer$ConditionObject.awaitNanos(AbstractQueuedSynchronizer.java:1803)
        at java.base@25.0.3/java.util.concurrent.ScheduledThreadPoolExecutor$DelayedWorkQueue.take(ScheduledThreadPoolExecutor.java:1166)
        at java.base@25.0.3/java.util.concurrent.ScheduledThreadPoolExecutor$DelayedWorkQueue.take(ScheduledThreadPoolExecutor.java:883)
        at java.base@25.0.3/java.util.concurrent.ThreadPoolExecutor.getTask(ThreadPoolExecutor.java:1016)
        at java.base@25.0.3/java.util.concurrent.ThreadPoolExecutor.runWorker(ThreadPoolExecutor.java:1076)
        at java.base@25.0.3/java.util.concurrent.ThreadPoolExecutor$Worker.run(ThreadPoolExecutor.java:614)
        at java.base@25.0.3/java.lang.Thread.runWith(Thread.java:1487)
        at java.base@25.0.3/java.lang.Thread.run(Thread.java:1474)
"IPC Server handler 64 on default port 9862" daemon prio=5 tid=2633 timed_waiting
java.lang.Thread.State: TIMED_WAITING
        at java.base@25.0.3/jdk.internal.misc.Unsafe.park(Native Method)
        at java.base@25.0.3/java.util.concurrent.locks.LockSupport.parkNanos(LockSupport.java:271)
        at java.base@25.0.3/java.util.concurrent.locks.AbstractQueuedSynchronizer$ConditionObject.awaitNanos(AbstractQueuedSynchronizer.java:1803)
        at java.base@25.0.3/java.util.concurrent.LinkedBlockingQueue.poll(LinkedBlockingQueue.java:460)
        at app//org.apache.hadoop.ipc_.CallQueueManager.take(CallQueueManager.java:294)
        at app//org.apache.hadoop.ipc_.Server$Handler.run(Server.java:2634)
"qtp88341167-2564" daemon prio=5 tid=2564 timed_waiting
java.lang.Thread.State: TIMED_WAITING
        at java.base@25.0.3/jdk.internal.misc.Unsafe.park(Native Method)
        at java.base@25.0.3/java.util.concurrent.locks.LockSupport.parkNanos(LockSupport.java:271)
        at java.base@25.0.3/java.util.concurrent.locks.AbstractQueuedSynchronizer$ConditionObject.awaitNanos(AbstractQueuedSynchronizer.java:1803)
        at app//org.eclipse.jetty.util.BlockingArrayQueue.poll(BlockingArrayQueue.java:382)
        at app//org.eclipse.jetty.util.thread.QueuedThreadPool$Runner.idleJobPoll(QueuedThreadPool.java:974)
        at app//org.eclipse.jetty.util.thread.QueuedThreadPool$Runner.run(QueuedThreadPool.java:1018)
        at java.base@25.0.3/java.lang.Thread.runWith(Thread.java:1487)
        at java.base@25.0.3/java.lang.Thread.run(Thread.java:1474)
"bucketTable_FullTableCache-Cleanup-0" daemon prio=5 tid=45 timed_waiting
java.lang.Thread.State: TIMED_WAITING
        at java.base@25.0.3/jdk.internal.misc.Unsafe.park(Native Method)
        at java.base@25.0.3/java.util.concurrent.locks.LockSupport.parkNanos(LockSupport.java:271)
        at java.base@25.0.3/java.util.concurrent.locks.AbstractQueuedSynchronizer$ConditionObject.awaitNanos(AbstractQueuedSynchronizer.java:1803)
        at java.base@25.0.3/java.util.concurrent.ScheduledThreadPoolExecutor$DelayedWorkQueue.take(ScheduledThreadPoolExecutor.java:1166)
        at java.base@25.0.3/java.util.concurrent.ScheduledThreadPoolExecutor$DelayedWorkQueue.take(ScheduledThreadPoolExecutor.java:883)
        at java.base@25.0.3/java.util.concurrent.ThreadPoolExecutor.getTask(ThreadPoolExecutor.java:1016)
        at java.base@25.0.3/java.util.concurrent.ThreadPoolExecutor.runWorker(ThreadPoolExecutor.java:1076)
        at java.base@25.0.3/java.util.concurrent.ThreadPoolExecutor$Worker.run(ThreadPoolExecutor.java:614)
        at java.base@25.0.3/java.lang.Thread.runWith(Thread.java:1487)
        at java.base@25.0.3/java.lang.Thread.run(Thread.java:1474)
"fileTable_PartialTableCache-Cleanup-0" daemon prio=5 tid=2194 in Object.wait()
java.lang.Thread.State: WAITING (on object monitor)
        at java.base@25.0.3/jdk.internal.misc.Unsafe.park(Native Method)
        at java.base@25.0.3/java.util.concurrent.locks.LockSupport.park(LockSupport.java:369)
        at java.base@25.0.3/java.util.concurrent.locks.AbstractQueuedSynchronizer$ConditionNode.block(AbstractQueuedSynchronizer.java:520)
        at java.base@25.0.3/java.util.concurrent.ForkJoinPool.unmanagedBlock(ForkJoinPool.java:4364)
        at java.base@25.0.3/java.util.concurrent.ForkJoinPool.managedBlock(ForkJoinPool.java:4310)
        at java.base@25.0.3/java.util.concurrent.locks.AbstractQueuedSynchronizer$ConditionObject.await(AbstractQueuedSynchronizer.java:1752)
        at java.base@25.0.3/java.util.concurrent.LinkedBlockingQueue.take(LinkedBlockingQueue.java:435)
        at java.base@25.0.3/java.util.concurrent.ThreadPoolExecutor.getTask(ThreadPoolExecutor.java:1016)
        at java.base@25.0.3/java.util.concurrent.ThreadPoolExecutor.runWorker(ThreadPoolExecutor.java:1076)
        at java.base@25.0.3/java.util.concurrent.ThreadPoolExecutor$Worker.run(ThreadPoolExecutor.java:614)
        at java.base@25.0.3/java.lang.Thread.runWith(Thread.java:1487)
        at java.base@25.0.3/java.lang.Thread.run(Thread.java:1474)
"IPC Server handler 32 on default port 9862" daemon prio=5 tid=2601 timed_waiting
java.lang.Thread.State: TIMED_WAITING
        at java.base@25.0.3/jdk.internal.misc.Unsafe.park(Native Method)
        at java.base@25.0.3/java.util.concurrent.locks.LockSupport.parkNanos(LockSupport.java:271)
        at java.base@25.0.3/java.util.concurrent.locks.AbstractQueuedSynchronizer$ConditionObject.awaitNanos(AbstractQueuedSynchronizer.java:1803)
        at java.base@25.0.3/java.util.concurrent.LinkedBlockingQueue.poll(LinkedBlockingQueue.java:460)
        at app//org.apache.hadoop.ipc_.CallQueueManager.take(CallQueueManager.java:294)
        at app//org.apache.hadoop.ipc_.Server$Handler.run(Server.java:2634)
"lifecycleScanStateTable_FullTableCache-Cleanup-0" daemon prio=5 tid=2518 timed_waiting
java.lang.Thread.State: TIMED_WAITING
        at java.base@25.0.3/jdk.internal.misc.Unsafe.park(Native Method)
        at java.base@25.0.3/java.util.concurrent.locks.LockSupport.parkNanos(LockSupport.java:271)
        at java.base@25.0.3/java.util.concurrent.locks.AbstractQueuedSynchronizer$ConditionObject.awaitNanos(AbstractQueuedSynchronizer.java:1803)
        at java.base@25.0.3/java.util.concurrent.ScheduledThreadPoolExecutor$DelayedWorkQueue.take(ScheduledThreadPoolExecutor.java:1166)
        at java.base@25.0.3/java.util.concurrent.ScheduledThreadPoolExecutor$DelayedWorkQueue.take(ScheduledThreadPoolExecutor.java:883)
        at java.base@25.0.3/java.util.concurrent.ThreadPoolExecutor.getTask(ThreadPoolExecutor.java:1016)
        at java.base@25.0.3/java.util.concurrent.ThreadPoolExecutor.runWorker(ThreadPoolExecutor.java:1076)
        at java.base@25.0.3/java.util.concurrent.ThreadPoolExecutor$Worker.run(ThreadPoolExecutor.java:614)
        at java.base@25.0.3/java.lang.Thread.runWith(Thread.java:1487)
        at java.base@25.0.3/java.lang.Thread.run(Thread.java:1474)
"IPC Server handler 16 on default port 9862" daemon prio=5 tid=2585 timed_waiting
java.lang.Thread.State: TIMED_WAITING
        at java.base@25.0.3/jdk.internal.misc.Unsafe.park(Native Method)
        at java.base@25.0.3/java.util.concurrent.locks.LockSupport.parkNanos(LockSupport.java:271)
        at java.base@25.0.3/java.util.concurrent.locks.AbstractQueuedSynchronizer$ConditionObject.awaitNanos(AbstractQueuedSynchronizer.java:1803)
        at java.base@25.0.3/java.util.concurrent.LinkedBlockingQueue.poll(LinkedBlockingQueue.java:460)
        at app//org.apache.hadoop.ipc_.CallQueueManager.take(CallQueueManager.java:294)
        at app//org.apache.hadoop.ipc_.Server$Handler.run(Server.java:2634)
"bucketTable_FullTableCache-Cleanup-0" daemon prio=5 tid=2516 timed_waiting
java.lang.Thread.State: TIMED_WAITING
        at java.base@25.0.3/jdk.internal.misc.Unsafe.park(Native Method)
        at java.base@25.0.3/java.util.concurrent.locks.LockSupport.parkNanos(LockSupport.java:271)
        at java.base@25.0.3/java.util.concurrent.locks.AbstractQueuedSynchronizer$ConditionObject.awaitNanos(AbstractQueuedSynchronizer.java:1803)
        at java.base@25.0.3/java.util.concurrent.ScheduledThreadPoolExecutor$DelayedWorkQueue.take(ScheduledThreadPoolExecutor.java:1166)
        at java.base@25.0.3/java.util.concurrent.ScheduledThreadPoolExecutor$DelayedWorkQueue.take(ScheduledThreadPoolExecutor.java:883)
        at java.base@25.0.3/java.util.concurrent.ThreadPoolExecutor.getTask(ThreadPoolExecutor.java:1016)
        at java.base@25.0.3/java.util.concurrent.ThreadPoolExecutor.runWorker(ThreadPoolExecutor.java:1076)
        at java.base@25.0.3/java.util.concurrent.ThreadPoolExecutor$Worker.run(ThreadPoolExecutor.java:614)
        at java.base@25.0.3/java.lang.Thread.runWith(Thread.java:1487)
        at java.base@25.0.3/java.lang.Thread.run(Thread.java:1474)
"IPC Server handler 91 on default port 9862" daemon prio=5 tid=2660 timed_waiting
java.lang.Thread.State: TIMED_WAITING
        at java.base@25.0.3/jdk.internal.misc.Unsafe.park(Native Method)
        at java.base@25.0.3/java.util.concurrent.locks.LockSupport.parkNanos(LockSupport.java:271)
        at java.base@25.0.3/java.util.concurrent.locks.AbstractQueuedSynchronizer$ConditionObject.awaitNanos(AbstractQueuedSynchronizer.java:1803)
        at java.base@25.0.3/java.util.concurrent.LinkedBlockingQueue.poll(LinkedBlockingQueue.java:460)
        at app//org.apache.hadoop.ipc_.CallQueueManager.take(CallQueueManager.java:294)
        at app//org.apache.hadoop.ipc_.Server$Handler.run(Server.java:2634)
"deletedDirectoryTable_PartialTableCache-Cleanup-0" daemon prio=5 tid=2687 in Object.wait()
java.lang.Thread.State: WAITING (on object monitor)
        at java.base@25.0.3/jdk.internal.misc.Unsafe.park(Native Method)
        at java.base@25.0.3/java.util.concurrent.locks.LockSupport.park(LockSupport.java:369)
        at java.base@25.0.3/java.util.concurrent.locks.AbstractQueuedSynchronizer$ConditionNode.block(AbstractQueuedSynchronizer.java:520)
        at java.base@25.0.3/java.util.concurrent.ForkJoinPool.unmanagedBlock(ForkJoinPool.java:4364)
        at java.base@25.0.3/java.util.concurrent.ForkJoinPool.managedBlock(ForkJoinPool.java:4310)
        at java.base@25.0.3/java.util.concurrent.locks.AbstractQueuedSynchronizer$ConditionObject.await(AbstractQueuedSynchronizer.java:1752)
        at java.base@25.0.3/java.util.concurrent.LinkedBlockingQueue.take(LinkedBlockingQueue.java:435)
        at java.base@25.0.3/java.util.concurrent.ThreadPoolExecutor.getTask(ThreadPoolExecutor.java:1016)
        at java.base@25.0.3/java.util.concurrent.ThreadPoolExecutor.runWorker(ThreadPoolExecutor.java:1076)
        at java.base@25.0.3/java.util.concurrent.ThreadPoolExecutor$Worker.run(ThreadPoolExecutor.java:614)
        at java.base@25.0.3/java.lang.Thread.runWith(Thread.java:1487)
        at java.base@25.0.3/java.lang.Thread.run(Thread.java:1474)
"IPC Server handler 92 on default port 9862" daemon prio=5 tid=2661 timed_waiting
java.lang.Thread.State: TIMED_WAITING
        at java.base@25.0.3/jdk.internal.misc.Unsafe.park(Native Method)
        at java.base@25.0.3/java.util.concurrent.locks.LockSupport.parkNanos(LockSupport.java:271)
        at java.base@25.0.3/java.util.concurrent.locks.AbstractQueuedSynchronizer$ConditionObject.awaitNanos(AbstractQueuedSynchronizer.java:1803)
        at java.base@25.0.3/java.util.concurrent.LinkedBlockingQueue.poll(LinkedBlockingQueue.java:460)
        at app//org.apache.hadoop.ipc_.CallQueueManager.take(CallQueueManager.java:294)
        at app//org.apache.hadoop.ipc_.Server$Handler.run(Server.java:2634)
"deletedDirectoryTable_PartialTableCache-Cleanup-0" daemon prio=5 tid=2196 in Object.wait()
java.lang.Thread.State: WAITING (on object monitor)
        at java.base@25.0.3/jdk.internal.misc.Unsafe.park(Native Method)
        at java.base@25.0.3/java.util.concurrent.locks.LockSupport.park(LockSupport.java:369)
        at java.base@25.0.3/java.util.concurrent.locks.AbstractQueuedSynchronizer$ConditionNode.block(AbstractQueuedSynchronizer.java:520)
        at java.base@25.0.3/java.util.concurrent.ForkJoinPool.unmanagedBlock(ForkJoinPool.java:4364)
        at java.base@25.0.3/java.util.concurrent.ForkJoinPool.managedBlock(ForkJoinPool.java:4310)
        at java.base@25.0.3/java.util.concurrent.locks.AbstractQueuedSynchronizer$ConditionObject.await(AbstractQueuedSynchronizer.java:1752)
        at java.base@25.0.3/java.util.concurrent.LinkedBlockingQueue.take(LinkedBlockingQueue.java:435)
        at java.base@25.0.3/java.util.concurrent.ThreadPoolExecutor.getTask(ThreadPoolExecutor.java:1016)
        at java.base@25.0.3/java.util.concurrent.ThreadPoolExecutor.runWorker(ThreadPoolExecutor.java:1076)
        at java.base@25.0.3/java.util.concurrent.ThreadPoolExecutor$Worker.run(ThreadPoolExecutor.java:614)
        at java.base@25.0.3/java.lang.Thread.runWith(Thread.java:1487)
        at java.base@25.0.3/java.lang.Thread.run(Thread.java:1474)
"IPC Server handler 79 on default port 9862" daemon prio=5 tid=2648 timed_waiting
java.lang.Thread.State: TIMED_WAITING
        at java.base@25.0.3/jdk.internal.misc.Unsafe.park(Native Method)
        at java.base@25.0.3/java.util.concurrent.locks.LockSupport.parkNanos(LockSupport.java:271)
        at java.base@25.0.3/java.util.concurrent.locks.AbstractQueuedSynchronizer$ConditionObject.awaitNanos(AbstractQueuedSynchronizer.java:1803)
        at java.base@25.0.3/java.util.concurrent.LinkedBlockingQueue.poll(LinkedBlockingQueue.java:460)
        at app//org.apache.hadoop.ipc_.CallQueueManager.take(CallQueueManager.java:294)
        at app//org.apache.hadoop.ipc_.Server$Handler.run(Server.java:2634)
"IPC Server handler 86 on default port 9862" daemon prio=5 tid=2655 timed_waiting
java.lang.Thread.State: TIMED_WAITING
        at java.base@25.0.3/jdk.internal.misc.Unsafe.park(Native Method)
        at java.base@25.0.3/java.util.concurrent.locks.LockSupport.parkNanos(LockSupport.java:271)
        at java.base@25.0.3/java.util.concurrent.locks.AbstractQueuedSynchronizer$ConditionObject.awaitNanos(AbstractQueuedSynchronizer.java:1803)
        at java.base@25.0.3/java.util.concurrent.LinkedBlockingQueue.poll(LinkedBlockingQueue.java:460)
        at app//org.apache.hadoop.ipc_.CallQueueManager.take(CallQueueManager.java:294)
        at app//org.apache.hadoop.ipc_.Server$Handler.run(Server.java:2634)
"Notification Thread" daemon prio=9 tid=23 runnable
java.lang.Thread.State: RUNNABLE
"directoryTable_PartialTableCache-Cleanup-0" daemon prio=5 tid=2679 in Object.wait()
java.lang.Thread.State: WAITING (on object monitor)
        at java.base@25.0.3/jdk.internal.misc.Unsafe.park(Native Method)
        at java.base@25.0.3/java.util.concurrent.locks.LockSupport.park(LockSupport.java:369)
        at java.base@25.0.3/java.util.concurrent.locks.AbstractQueuedSynchronizer$ConditionNode.block(AbstractQueuedSynchronizer.java:520)
        at java.base@25.0.3/java.util.concurrent.ForkJoinPool.unmanagedBlock(ForkJoinPool.java:4364)
        at java.base@25.0.3/java.util.concurrent.ForkJoinPool.managedBlock(ForkJoinPool.java:4310)
        at java.base@25.0.3/java.util.concurrent.locks.AbstractQueuedSynchronizer$ConditionObject.await(AbstractQueuedSynchronizer.java:1752)
        at java.base@25.0.3/java.util.concurrent.LinkedBlockingQueue.take(LinkedBlockingQueue.java:435)
        at java.base@25.0.3/java.util.concurrent.ThreadPoolExecutor.getTask(ThreadPoolExecutor.java:1016)
        at java.base@25.0.3/java.util.concurrent.ThreadPoolExecutor.runWorker(ThreadPoolExecutor.java:1076)
        at java.base@25.0.3/java.util.concurrent.ThreadPoolExecutor$Worker.run(ThreadPoolExecutor.java:614)
        at java.base@25.0.3/java.lang.Thread.runWith(Thread.java:1487)
        at java.base@25.0.3/java.lang.Thread.run(Thread.java:1474)
"IPC Server handler 84 on default port 9862" daemon prio=5 tid=2653 timed_waiting
java.lang.Thread.State: TIMED_WAITING
        at java.base@25.0.3/jdk.internal.misc.Unsafe.park(Native Method)
        at java.base@25.0.3/java.util.concurrent.locks.LockSupport.parkNanos(LockSupport.java:271)
        at java.base@25.0.3/java.util.concurrent.locks.AbstractQueuedSynchronizer$ConditionObject.awaitNanos(AbstractQueuedSynchronizer.java:1803)
        at java.base@25.0.3/java.util.concurrent.LinkedBlockingQueue.poll(LinkedBlockingQueue.java:460)
        at app//org.apache.hadoop.ipc_.CallQueueManager.take(CallQueueManager.java:294)
        at app//org.apache.hadoop.ipc_.Server$Handler.run(Server.java:2634)
"IPC Server handler 77 on default port 9862" daemon prio=5 tid=2646 timed_waiting
java.lang.Thread.State: TIMED_WAITING
        at java.base@25.0.3/jdk.internal.misc.Unsafe.park(Native Method)
        at java.base@25.0.3/java.util.concurrent.locks.LockSupport.parkNanos(LockSupport.java:271)
        at java.base@25.0.3/java.util.concurrent.locks.AbstractQueuedSynchronizer$ConditionObject.awaitNanos(AbstractQueuedSynchronizer.java:1803)
        at java.base@25.0.3/java.util.concurrent.LinkedBlockingQueue.poll(LinkedBlockingQueue.java:460)
        at app//org.apache.hadoop.ipc_.CallQueueManager.take(CallQueueManager.java:294)
        at app//org.apache.hadoop.ipc_.Server$Handler.run(Server.java:2634)
"volumeTable_FullTableCache-Cleanup-0" daemon prio=5 tid=1490 timed_waiting
java.lang.Thread.State: TIMED_WAITING
        at java.base@25.0.3/jdk.internal.misc.Unsafe.park(Native Method)
        at java.base@25.0.3/java.util.concurrent.locks.LockSupport.parkNanos(LockSupport.java:271)
        at java.base@25.0.3/java.util.concurrent.locks.AbstractQueuedSynchronizer$ConditionObject.awaitNanos(AbstractQueuedSynchronizer.java:1803)
        at java.base@25.0.3/java.util.concurrent.ScheduledThreadPoolExecutor$DelayedWorkQueue.take(ScheduledThreadPoolExecutor.java:1166)
        at java.base@25.0.3/java.util.concurrent.ScheduledThreadPoolExecutor$DelayedWorkQueue.take(ScheduledThreadPoolExecutor.java:883)
        at java.base@25.0.3/java.util.concurrent.ThreadPoolExecutor.getTask(ThreadPoolExecutor.java:1016)
        at java.base@25.0.3/java.util.concurrent.ThreadPoolExecutor.runWorker(ThreadPoolExecutor.java:1076)
        at java.base@25.0.3/java.util.concurrent.ThreadPoolExecutor$Worker.run(ThreadPoolExecutor.java:614)
        at java.base@25.0.3/java.lang.Thread.runWith(Thread.java:1487)
        at java.base@25.0.3/java.lang.Thread.run(Thread.java:1474)
"IPC Server handler 87 on default port 9862" daemon prio=5 tid=2656 timed_waiting
java.lang.Thread.State: TIMED_WAITING
        at java.base@25.0.3/jdk.internal.misc.Unsafe.park(Native Method)
        at java.base@25.0.3/java.util.concurrent.locks.LockSupport.parkNanos(LockSupport.java:271)
        at java.base@25.0.3/java.util.concurrent.locks.AbstractQueuedSynchronizer$ConditionObject.awaitNanos(AbstractQueuedSynchronizer.java:1803)
        at java.base@25.0.3/java.util.concurrent.LinkedBlockingQueue.poll(LinkedBlockingQueue.java:460)
        at app//org.apache.hadoop.ipc_.CallQueueManager.take(CallQueueManager.java:294)
        at app//org.apache.hadoop.ipc_.Server$Handler.run(Server.java:2634)
"IPC Server handler 55 on default port 9862" daemon prio=5 tid=2624 timed_waiting
java.lang.Thread.State: TIMED_WAITING
        at java.base@25.0.3/jdk.internal.misc.Unsafe.park(Native Method)
        at java.base@25.0.3/java.util.concurrent.locks.LockSupport.parkNanos(LockSupport.java:271)
        at java.base@25.0.3/java.util.concurrent.locks.AbstractQueuedSynchronizer$ConditionObject.awaitNanos(AbstractQueuedSynchronizer.java:1803)
        at java.base@25.0.3/java.util.concurrent.LinkedBlockingQueue.poll(LinkedBlockingQueue.java:460)
        at app//org.apache.hadoop.ipc_.CallQueueManager.take(CallQueueManager.java:294)
        at app//org.apache.hadoop.ipc_.Server$Handler.run(Server.java:2634)
"bucketTable_FullTableCache-Cleanup-0" daemon prio=5 tid=77 timed_waiting
java.lang.Thread.State: TIMED_WAITING
        at java.base@25.0.3/jdk.internal.misc.Unsafe.park(Native Method)
        at java.base@25.0.3/java.util.concurrent.locks.LockSupport.parkNanos(LockSupport.java:271)
        at java.base@25.0.3/java.util.concurrent.locks.AbstractQueuedSynchronizer$ConditionObject.awaitNanos(AbstractQueuedSynchronizer.java:1803)
        at java.base@25.0.3/java.util.concurrent.ScheduledThreadPoolExecutor$DelayedWorkQueue.take(ScheduledThreadPoolExecutor.java:1166)
        at java.base@25.0.3/java.util.concurrent.ScheduledThreadPoolExecutor$DelayedWorkQueue.take(ScheduledThreadPoolExecutor.java:883)
        at java.base@25.0.3/java.util.concurrent.ThreadPoolExecutor.getTask(ThreadPoolExecutor.java:1016)
        at java.base@25.0.3/java.util.concurrent.ThreadPoolExecutor.runWorker(ThreadPoolExecutor.java:1076)
        at java.base@25.0.3/java.util.concurrent.ThreadPoolExecutor$Worker.run(ThreadPoolExecutor.java:614)
        at java.base@25.0.3/java.lang.Thread.runWith(Thread.java:1487)
        at java.base@25.0.3/java.lang.Thread.run(Thread.java:1474)
"ForkJoinPool-1-worker-5" daemon prio=5 tid=1518 in Object.wait()
java.lang.Thread.State: WAITING (on object monitor)
        at java.base@25.0.3/jdk.internal.misc.Unsafe.park(Native Method)
        at java.base@25.0.3/java.util.concurrent.ForkJoinPool.awaitWork(ForkJoinPool.java:2109)
        at java.base@25.0.3/java.util.concurrent.ForkJoinPool.deactivate(ForkJoinPool.java:2063)
        at java.base@25.0.3/java.util.concurrent.ForkJoinPool.runWorker(ForkJoinPool.java:2027)
        at java.base@25.0.3/java.util.concurrent.ForkJoinWorkerThread.run(ForkJoinWorkerThread.java:187)
"qtp88341167-2561" daemon prio=5 tid=2561 runnable
java.lang.Thread.State: RUNNABLE
        at java.base@25.0.3/sun.nio.ch.EPoll.wait(Native Method)
        at java.base@25.0.3/sun.nio.ch.EPollSelectorImpl.doSelect(EPollSelectorImpl.java:117)
        at java.base@25.0.3/sun.nio.ch.SelectorImpl.lockAndDoSelect(SelectorImpl.java:130)
        at java.base@25.0.3/sun.nio.ch.SelectorImpl.select(SelectorImpl.java:147)
        at app//org.eclipse.jetty.io.ManagedSelector.nioSelect(ManagedSelector.java:183)
        at app//org.eclipse.jetty.io.ManagedSelector.select(ManagedSelector.java:190)
        at app//org.eclipse.jetty.io.ManagedSelector$SelectorProducer.select(ManagedSelector.java:606)
        at app//org.eclipse.jetty.io.ManagedSelector$SelectorProducer.produce(ManagedSelector.java:543)
        at app//org.eclipse.jetty.util.thread.strategy.EatWhatYouKill.produceTask(EatWhatYouKill.java:362)
        at app//org.eclipse.jetty.util.thread.strategy.EatWhatYouKill.doProduce(EatWhatYouKill.java:186)
        at app//org.eclipse.jetty.util.thread.strategy.EatWhatYouKill.tryProduce(EatWhatYouKill.java:173)
        at app//org.eclipse.jetty.util.thread.strategy.EatWhatYouKill.produce(EatWhatYouKill.java:137)
        at app//org.eclipse.jetty.io.ManagedSelector$$Lambda/0x00000000079d1568.run(Unknown Source)
        at app//org.eclipse.jetty.util.thread.QueuedThreadPool.runJob(QueuedThreadPool.java:883)
        at app//org.eclipse.jetty.util.thread.QueuedThreadPool$Runner.run(QueuedThreadPool.java:1034)
        at java.base@25.0.3/java.lang.Thread.runWith(Thread.java:1487)
        at java.base@25.0.3/java.lang.Thread.run(Thread.java:1474)
"IPC Server handler 2 on default port 9862" daemon prio=5 tid=2571 timed_waiting
java.lang.Thread.State: TIMED_WAITING
        at java.base@25.0.3/jdk.internal.misc.Unsafe.park(Native Method)
        at java.base@25.0.3/java.util.concurrent.locks.LockSupport.parkNanos(LockSupport.java:271)
        at java.base@25.0.3/java.util.concurrent.locks.AbstractQueuedSynchronizer$ConditionObject.awaitNanos(AbstractQueuedSynchronizer.java:1803)
        at java.base@25.0.3/java.util.concurrent.LinkedBlockingQueue.poll(LinkedBlockingQueue.java:460)
        at app//org.apache.hadoop.ipc_.CallQueueManager.take(CallQueueManager.java:294)
        at app//org.apache.hadoop.ipc_.Server$Handler.run(Server.java:2634)
"IPC Server handler 94 on default port 9862" daemon prio=5 tid=2663 timed_waiting
java.lang.Thread.State: TIMED_WAITING
        at java.base@25.0.3/jdk.internal.misc.Unsafe.park(Native Method)
        at java.base@25.0.3/java.util.concurrent.locks.LockSupport.parkNanos(LockSupport.java:271)
        at java.base@25.0.3/java.util.concurrent.locks.AbstractQueuedSynchronizer$ConditionObject.awaitNanos(AbstractQueuedSynchronizer.java:1803)
        at java.base@25.0.3/java.util.concurrent.LinkedBlockingQueue.poll(LinkedBlockingQueue.java:460)
        at app//org.apache.hadoop.ipc_.CallQueueManager.take(CallQueueManager.java:294)
        at app//org.apache.hadoop.ipc_.Server$Handler.run(Server.java:2634)
"IPC Server handler 40 on default port 9862" daemon prio=5 tid=2609 timed_waiting
java.lang.Thread.State: TIMED_WAITING
        at java.base@25.0.3/jdk.internal.misc.Unsafe.park(Native Method)
        at java.base@25.0.3/java.util.concurrent.locks.LockSupport.parkNanos(LockSupport.java:271)
        at java.base@25.0.3/java.util.concurrent.locks.AbstractQueuedSynchronizer$ConditionObject.awaitNanos(AbstractQueuedSynchronizer.java:1803)
        at java.base@25.0.3/java.util.concurrent.LinkedBlockingQueue.poll(LinkedBlockingQueue.java:460)
        at app//org.apache.hadoop.ipc_.CallQueueManager.take(CallQueueManager.java:294)
        at app//org.apache.hadoop.ipc_.Server$Handler.run(Server.java:2634)
"om1-SnapshotDiffCleanupService#0" daemon prio=5 tid=2521 timed_waiting
java.lang.Thread.State: TIMED_WAITING
        at java.base@25.0.3/jdk.internal.misc.Unsafe.park(Native Method)
        at java.base@25.0.3/java.util.concurrent.locks.LockSupport.parkNanos(LockSupport.java:271)
        at java.base@25.0.3/java.util.concurrent.locks.AbstractQueuedSynchronizer$ConditionObject.awaitNanos(AbstractQueuedSynchronizer.java:1803)
        at java.base@25.0.3/java.util.concurrent.ScheduledThreadPoolExecutor$DelayedWorkQueue.take(ScheduledThreadPoolExecutor.java:1166)
        at java.base@25.0.3/java.util.concurrent.ScheduledThreadPoolExecutor$DelayedWorkQueue.take(ScheduledThreadPoolExecutor.java:883)
        at java.base@25.0.3/java.util.concurrent.ThreadPoolExecutor.getTask(ThreadPoolExecutor.java:1016)
        at java.base@25.0.3/java.util.concurrent.ThreadPoolExecutor.runWorker(ThreadPoolExecutor.java:1076)
        at java.base@25.0.3/java.util.concurrent.ThreadPoolExecutor$Worker.run(ThreadPoolExecutor.java:614)
        at java.base@25.0.3/java.lang.Thread.runWith(Thread.java:1487)
        at java.base@25.0.3/java.lang.Thread.run(Thread.java:1474)
"IPC Server handler 44 on default port 9862" daemon prio=5 tid=2613 timed_waiting
java.lang.Thread.State: TIMED_WAITING
        at java.base@25.0.3/jdk.internal.misc.Unsafe.park(Native Method)
        at java.base@25.0.3/java.util.concurrent.locks.LockSupport.parkNanos(LockSupport.java:271)
        at java.base@25.0.3/java.util.concurrent.locks.AbstractQueuedSynchronizer$ConditionObject.awaitNanos(AbstractQueuedSynchronizer.java:1803)
        at java.base@25.0.3/java.util.concurrent.LinkedBlockingQueue.poll(LinkedBlockingQueue.java:460)
        at app//org.apache.hadoop.ipc_.CallQueueManager.take(CallQueueManager.java:294)
        at app//org.apache.hadoop.ipc_.Server$Handler.run(Server.java:2634)
"deletedTable_PartialTableCache-Cleanup-0" daemon prio=5 tid=2682 in Object.wait()
java.lang.Thread.State: WAITING (on object monitor)
        at java.base@25.0.3/jdk.internal.misc.Unsafe.park(Native Method)
        at java.base@25.0.3/java.util.concurrent.locks.LockSupport.park(LockSupport.java:369)
        at java.base@25.0.3/java.util.concurrent.locks.AbstractQueuedSynchronizer$ConditionNode.block(AbstractQueuedSynchronizer.java:520)
        at java.base@25.0.3/java.util.concurrent.ForkJoinPool.unmanagedBlock(ForkJoinPool.java:4364)
        at java.base@25.0.3/java.util.concurrent.ForkJoinPool.managedBlock(ForkJoinPool.java:4310)
        at java.base@25.0.3/java.util.concurrent.locks.AbstractQueuedSynchronizer$ConditionObject.await(AbstractQueuedSynchronizer.java:1752)
        at java.base@25.0.3/java.util.concurrent.LinkedBlockingQueue.take(LinkedBlockingQueue.java:435)
        at java.base@25.0.3/java.util.concurrent.ThreadPoolExecutor.getTask(ThreadPoolExecutor.java:1016)
        at java.base@25.0.3/java.util.concurrent.ThreadPoolExecutor.runWorker(ThreadPoolExecutor.java:1076)
        at java.base@25.0.3/java.util.concurrent.ThreadPoolExecutor$Worker.run(ThreadPoolExecutor.java:614)
        at java.base@25.0.3/java.lang.Thread.runWith(Thread.java:1487)
        at java.base@25.0.3/java.lang.Thread.run(Thread.java:1474)
"openKeyTable_PartialTableCache-Cleanup-0" daemon prio=5 tid=247 in Object.wait()
java.lang.Thread.State: WAITING (on object monitor)
        at java.base@25.0.3/jdk.internal.misc.Unsafe.park(Native Method)
        at java.base@25.0.3/java.util.concurrent.locks.LockSupport.park(LockSupport.java:369)
        at java.base@25.0.3/java.util.concurrent.locks.AbstractQueuedSynchronizer$ConditionNode.block(AbstractQueuedSynchronizer.java:520)
        at java.base@25.0.3/java.util.concurrent.ForkJoinPool.unmanagedBlock(ForkJoinPool.java:4364)
        at java.base@25.0.3/java.util.concurrent.ForkJoinPool.managedBlock(ForkJoinPool.java:4310)
        at java.base@25.0.3/java.util.concurrent.locks.AbstractQueuedSynchronizer$ConditionObject.await(AbstractQueuedSynchronizer.java:1752)
        at java.base@25.0.3/java.util.concurrent.LinkedBlockingQueue.take(LinkedBlockingQueue.java:435)
        at java.base@25.0.3/java.util.concurrent.ThreadPoolExecutor.getTask(ThreadPoolExecutor.java:1016)
        at java.base@25.0.3/java.util.concurrent.ThreadPoolExecutor.runWorker(ThreadPoolExecutor.java:1076)
        at java.base@25.0.3/java.util.concurrent.ThreadPoolExecutor$Worker.run(ThreadPoolExecutor.java:614)
        at java.base@25.0.3/java.lang.Thread.runWith(Thread.java:1487)
        at java.base@25.0.3/java.lang.Thread.run(Thread.java:1474)
"IPC Server handler 71 on default port 9862" daemon prio=5 tid=2640 timed_waiting
java.lang.Thread.State: TIMED_WAITING
        at java.base@25.0.3/jdk.internal.misc.Unsafe.park(Native Method)
        at java.base@25.0.3/java.util.concurrent.locks.LockSupport.parkNanos(LockSupport.java:271)
        at java.base@25.0.3/java.util.concurrent.locks.AbstractQueuedSynchronizer$ConditionObject.awaitNanos(AbstractQueuedSynchronizer.java:1803)
        at java.base@25.0.3/java.util.concurrent.LinkedBlockingQueue.poll(LinkedBlockingQueue.java:460)
        at app//org.apache.hadoop.ipc_.CallQueueManager.take(CallQueueManager.java:294)
        at app//org.apache.hadoop.ipc_.Server$Handler.run(Server.java:2634)
"om1@group-C5BA1605619E-LeaderStateImpl" daemon prio=5 tid=2674 timed_waiting
java.lang.Thread.State: TIMED_WAITING
        at java.base@25.0.3/jdk.internal.misc.Unsafe.park(Native Method)
        at java.base@25.0.3/java.util.concurrent.locks.LockSupport.parkNanos(LockSupport.java:271)
        at java.base@25.0.3/java.util.concurrent.locks.AbstractQueuedSynchronizer$ConditionObject.awaitNanos(AbstractQueuedSynchronizer.java:1803)
        at java.base@25.0.3/java.util.concurrent.ArrayBlockingQueue.poll(ArrayBlockingQueue.java:436)
        at app//org.apache.ratis.server.impl.LeaderStateImpl$EventQueue.poll(LeaderStateImpl.java:168)
        at app//org.apache.ratis.server.impl.LeaderStateImpl$EventProcessor.run(LeaderStateImpl.java:763)
"IPC Server handler 17 on default port 9862" daemon prio=5 tid=2586 timed_waiting
java.lang.Thread.State: TIMED_WAITING
        at java.base@25.0.3/jdk.internal.misc.Unsafe.park(Native Method)
        at java.base@25.0.3/java.util.concurrent.locks.LockSupport.parkNanos(LockSupport.java:271)
        at java.base@25.0.3/java.util.concurrent.locks.AbstractQueuedSynchronizer$ConditionObject.awaitNanos(AbstractQueuedSynchronizer.java:1803)
        at java.base@25.0.3/java.util.concurrent.LinkedBlockingQueue.poll(LinkedBlockingQueue.java:460)
        at app//org.apache.hadoop.ipc_.CallQueueManager.take(CallQueueManager.java:294)
        at app//org.apache.hadoop.ipc_.Server$Handler.run(Server.java:2634)
"lifecycleScanStateTable_FullTableCache-Cleanup-0" daemon prio=5 tid=592 timed_waiting
java.lang.Thread.State: TIMED_WAITING
        at java.base@25.0.3/jdk.internal.misc.Unsafe.park(Native Method)
        at java.base@25.0.3/java.util.concurrent.locks.LockSupport.parkNanos(LockSupport.java:271)
        at java.base@25.0.3/java.util.concurrent.locks.AbstractQueuedSynchronizer$ConditionObject.awaitNanos(AbstractQueuedSynchronizer.java:1803)
        at java.base@25.0.3/java.util.concurrent.ScheduledThreadPoolExecutor$DelayedWorkQueue.take(ScheduledThreadPoolExecutor.java:1166)
        at java.base@25.0.3/java.util.concurrent.ScheduledThreadPoolExecutor$DelayedWorkQueue.take(ScheduledThreadPoolExecutor.java:883)
        at java.base@25.0.3/java.util.concurrent.ThreadPoolExecutor.getTask(ThreadPoolExecutor.java:1016)
        at java.base@25.0.3/java.util.concurrent.ThreadPoolExecutor.runWorker(ThreadPoolExecutor.java:1076)
        at java.base@25.0.3/java.util.concurrent.ThreadPoolExecutor$Worker.run(ThreadPoolExecutor.java:614)
        at java.base@25.0.3/java.lang.Thread.runWith(Thread.java:1487)
        at java.base@25.0.3/java.lang.Thread.run(Thread.java:1474)
"om1-KeyLifecycleService#2" daemon prio=5 tid=2670 in Object.wait()
java.lang.Thread.State: WAITING (on object monitor)
        at java.base@25.0.3/jdk.internal.misc.Unsafe.park(Native Method)
        at java.base@25.0.3/java.util.concurrent.locks.LockSupport.park(LockSupport.java:369)
        at java.base@25.0.3/java.util.concurrent.locks.AbstractQueuedSynchronizer$ConditionNode.block(AbstractQueuedSynchronizer.java:520)
        at java.base@25.0.3/java.util.concurrent.ForkJoinPool.unmanagedBlock(ForkJoinPool.java:4364)
        at java.base@25.0.3/java.util.concurrent.ForkJoinPool.managedBlock(ForkJoinPool.java:4310)
        at java.base@25.0.3/java.util.concurrent.locks.AbstractQueuedSynchronizer$ConditionObject.await(AbstractQueuedSynchronizer.java:1752)
        at java.base@25.0.3/java.util.concurrent.ScheduledThreadPoolExecutor$DelayedWorkQueue.take(ScheduledThreadPoolExecutor.java:1161)
        at java.base@25.0.3/java.util.concurrent.ScheduledThreadPoolExecutor$DelayedWorkQueue.take(ScheduledThreadPoolExecutor.java:883)
        at java.base@25.0.3/java.util.concurrent.ThreadPoolExecutor.getTask(ThreadPoolExecutor.java:1016)
        at java.base@25.0.3/java.util.concurrent.ThreadPoolExecutor.runWorker(ThreadPoolExecutor.java:1076)
        at java.base@25.0.3/java.util.concurrent.ThreadPoolExecutor$Worker.run(ThreadPoolExecutor.java:614)
        at java.base@25.0.3/java.lang.Thread.runWith(Thread.java:1487)
        at java.base@25.0.3/java.lang.Thread.run(Thread.java:1474)
"IPC Server handler 52 on default port 9862" daemon prio=5 tid=2621 timed_waiting
java.lang.Thread.State: TIMED_WAITING
        at java.base@25.0.3/jdk.internal.misc.Unsafe.park(Native Method)
        at java.base@25.0.3/java.util.concurrent.locks.LockSupport.parkNanos(LockSupport.java:271)
        at java.base@25.0.3/java.util.concurrent.locks.AbstractQueuedSynchronizer$ConditionObject.awaitNanos(AbstractQueuedSynchronizer.java:1803)
        at java.base@25.0.3/java.util.concurrent.LinkedBlockingQueue.poll(LinkedBlockingQueue.java:460)
        at app//org.apache.hadoop.ipc_.CallQueueManager.take(CallQueueManager.java:294)
        at app//org.apache.hadoop.ipc_.Server$Handler.run(Server.java:2634)
"keyTable_PartialTableCache-Cleanup-0" daemon prio=5 tid=1092 in Object.wait()
java.lang.Thread.State: WAITING (on object monitor)
        at java.base@25.0.3/jdk.internal.misc.Unsafe.park(Native Method)
        at java.base@25.0.3/java.util.concurrent.locks.LockSupport.park(LockSupport.java:369)
        at java.base@25.0.3/java.util.concurrent.locks.AbstractQueuedSynchronizer$ConditionNode.block(AbstractQueuedSynchronizer.java:520)
        at java.base@25.0.3/java.util.concurrent.ForkJoinPool.unmanagedBlock(ForkJoinPool.java:4364)
        at java.base@25.0.3/java.util.concurrent.ForkJoinPool.managedBlock(ForkJoinPool.java:4310)
        at java.base@25.0.3/java.util.concurrent.locks.AbstractQueuedSynchronizer$ConditionObject.await(AbstractQueuedSynchronizer.java:1752)
        at java.base@25.0.3/java.util.concurrent.LinkedBlockingQueue.take(LinkedBlockingQueue.java:435)
        at java.base@25.0.3/java.util.concurrent.ThreadPoolExecutor.getTask(ThreadPoolExecutor.java:1016)
        at java.base@25.0.3/java.util.concurrent.ThreadPoolExecutor.runWorker(ThreadPoolExecutor.java:1076)
        at java.base@25.0.3/java.util.concurrent.ThreadPoolExecutor$Worker.run(ThreadPoolExecutor.java:614)
        at java.base@25.0.3/java.lang.Thread.runWith(Thread.java:1487)
        at java.base@25.0.3/java.lang.Thread.run(Thread.java:1474)
"snapshotRenamedTable_PartialTableCache-Cleanup-0" daemon prio=5 tid=1090 in Object.wait()
java.lang.Thread.State: WAITING (on object monitor)
        at java.base@25.0.3/jdk.internal.misc.Unsafe.park(Native Method)
        at java.base@25.0.3/java.util.concurrent.locks.LockSupport.park(LockSupport.java:369)
        at java.base@25.0.3/java.util.concurrent.locks.AbstractQueuedSynchronizer$ConditionNode.block(AbstractQueuedSynchronizer.java:520)
        at java.base@25.0.3/java.util.concurrent.ForkJoinPool.unmanagedBlock(ForkJoinPool.java:4364)
        at java.base@25.0.3/java.util.concurrent.ForkJoinPool.managedBlock(ForkJoinPool.java:4310)
        at java.base@25.0.3/java.util.concurrent.locks.AbstractQueuedSynchronizer$ConditionObject.await(AbstractQueuedSynchronizer.java:1752)
        at java.base@25.0.3/java.util.concurrent.LinkedBlockingQueue.take(LinkedBlockingQueue.java:435)
        at java.base@25.0.3/java.util.concurrent.ThreadPoolExecutor.getTask(ThreadPoolExecutor.java:1016)
        at java.base@25.0.3/java.util.concurrent.ThreadPoolExecutor.runWorker(ThreadPoolExecutor.java:1076)
        at java.base@25.0.3/java.util.concurrent.ThreadPoolExecutor$Worker.run(ThreadPoolExecutor.java:614)
        at java.base@25.0.3/java.lang.Thread.runWith(Thread.java:1487)
        at java.base@25.0.3/java.lang.Thread.run(Thread.java:1474)
"Socket Reader #3 for port 9862" daemon prio=5 tid=2528 runnable
java.lang.Thread.State: RUNNABLE
        at java.base@25.0.3/sun.nio.ch.EPoll.wait(Native Method)
        at java.base@25.0.3/sun.nio.ch.EPollSelectorImpl.doSelect(EPollSelectorImpl.java:117)
        at java.base@25.0.3/sun.nio.ch.SelectorImpl.lockAndDoSelect(SelectorImpl.java:130)
        at java.base@25.0.3/sun.nio.ch.SelectorImpl.select(SelectorImpl.java:147)
        at app//org.apache.hadoop.ipc_.Server$Listener$Reader.doRunLoop(Server.java:1004)
        at app//org.apache.hadoop.ipc_.Server$Listener$Reader.run(Server.java:983)
"IPC Server handler 33 on default port 9862" daemon prio=5 tid=2602 timed_waiting
java.lang.Thread.State: TIMED_WAITING
        at java.base@25.0.3/jdk.internal.misc.Unsafe.park(Native Method)
        at java.base@25.0.3/java.util.concurrent.locks.LockSupport.parkNanos(LockSupport.java:271)
        at java.base@25.0.3/java.util.concurrent.locks.AbstractQueuedSynchronizer$ConditionObject.awaitNanos(AbstractQueuedSynchronizer.java:1803)
        at java.base@25.0.3/java.util.concurrent.LinkedBlockingQueue.poll(LinkedBlockingQueue.java:460)
        at app//org.apache.hadoop.ipc_.CallQueueManager.take(CallQueueManager.java:294)
        at app//org.apache.hadoop.ipc_.Server$Handler.run(Server.java:2634)
"IPC Server handler 68 on default port 9862" daemon prio=5 tid=2637 timed_waiting
java.lang.Thread.State: TIMED_WAITING
        at java.base@25.0.3/jdk.internal.misc.Unsafe.park(Native Method)
        at java.base@25.0.3/java.util.concurrent.locks.LockSupport.parkNanos(LockSupport.java:271)
        at java.base@25.0.3/java.util.concurrent.locks.AbstractQueuedSynchronizer$ConditionObject.awaitNanos(AbstractQueuedSynchronizer.java:1803)
        at java.base@25.0.3/java.util.concurrent.LinkedBlockingQueue.poll(LinkedBlockingQueue.java:460)
        at app//org.apache.hadoop.ipc_.CallQueueManager.take(CallQueueManager.java:294)
        at app//org.apache.hadoop.ipc_.Server$Handler.run(Server.java:2634)
"Signal Dispatcher" daemon prio=9 tid=15 runnable
java.lang.Thread.State: RUNNABLE
"IPC Server handler 37 on default port 9862" daemon prio=5 tid=2606 timed_waiting
java.lang.Thread.State: TIMED_WAITING
        at java.base@25.0.3/jdk.internal.misc.Unsafe.park(Native Method)
        at java.base@25.0.3/java.util.concurrent.locks.LockSupport.parkNanos(LockSupport.java:271)
        at java.base@25.0.3/java.util.concurrent.locks.AbstractQueuedSynchronizer$ConditionObject.awaitNanos(AbstractQueuedSynchronizer.java:1803)
        at java.base@25.0.3/java.util.concurrent.LinkedBlockingQueue.poll(LinkedBlockingQueue.java:460)
        at app//org.apache.hadoop.ipc_.CallQueueManager.take(CallQueueManager.java:294)
        at app//org.apache.hadoop.ipc_.Server$Handler.run(Server.java:2634)
"Socket Reader #5 for port 9862" daemon prio=5 tid=2530 runnable
java.lang.Thread.State: RUNNABLE
        at java.base@25.0.3/sun.nio.ch.EPoll.wait(Native Method)
        at java.base@25.0.3/sun.nio.ch.EPollSelectorImpl.doSelect(EPollSelectorImpl.java:117)
        at java.base@25.0.3/sun.nio.ch.SelectorImpl.lockAndDoSelect(SelectorImpl.java:130)
        at java.base@25.0.3/sun.nio.ch.SelectorImpl.select(SelectorImpl.java:147)
        at app//org.apache.hadoop.ipc_.Server$Listener$Reader.doRunLoop(Server.java:1004)
        at app//org.apache.hadoop.ipc_.Server$Listener$Reader.run(Server.java:983)
"IPC Server handler 89 on default port 9862" daemon prio=5 tid=2658 timed_waiting
java.lang.Thread.State: TIMED_WAITING
        at java.base@25.0.3/jdk.internal.misc.Unsafe.park(Native Method)
        at java.base@25.0.3/java.util.concurrent.locks.LockSupport.parkNanos(LockSupport.java:271)
        at java.base@25.0.3/java.util.concurrent.locks.AbstractQueuedSynchronizer$ConditionObject.awaitNanos(AbstractQueuedSynchronizer.java:1803)
        at java.base@25.0.3/java.util.concurrent.LinkedBlockingQueue.poll(LinkedBlockingQueue.java:460)
        at app//org.apache.hadoop.ipc_.CallQueueManager.take(CallQueueManager.java:294)
        at app//org.apache.hadoop.ipc_.Server$Handler.run(Server.java:2634)
"fileTable_PartialTableCache-Cleanup-0" daemon prio=5 tid=2681 in Object.wait()
java.lang.Thread.State: WAITING (on object monitor)
        at java.base@25.0.3/jdk.internal.misc.Unsafe.park(Native Method)
        at java.base@25.0.3/java.util.concurrent.locks.LockSupport.park(LockSupport.java:369)
        at java.base@25.0.3/java.util.concurrent.locks.AbstractQueuedSynchronizer$ConditionNode.block(AbstractQueuedSynchronizer.java:520)
        at java.base@25.0.3/java.util.concurrent.ForkJoinPool.unmanagedBlock(ForkJoinPool.java:4364)
        at java.base@25.0.3/java.util.concurrent.ForkJoinPool.managedBlock(ForkJoinPool.java:4310)
        at java.base@25.0.3/java.util.concurrent.locks.AbstractQueuedSynchronizer$ConditionObject.await(AbstractQueuedSynchronizer.java:1752)
        at java.base@25.0.3/java.util.concurrent.LinkedBlockingQueue.take(LinkedBlockingQueue.java:435)
        at java.base@25.0.3/java.util.concurrent.ThreadPoolExecutor.getTask(ThreadPoolExecutor.java:1016)
        at java.base@25.0.3/java.util.concurrent.ThreadPoolExecutor.runWorker(ThreadPoolExecutor.java:1076)
        at java.base@25.0.3/java.util.concurrent.ThreadPoolExecutor$Worker.run(ThreadPoolExecutor.java:614)
        at java.base@25.0.3/java.lang.Thread.runWith(Thread.java:1487)
        at java.base@25.0.3/java.lang.Thread.run(Thread.java:1474)
"om1-DirectoryDeletingService#3" daemon prio=5 tid=2692 in Object.wait()
java.lang.Thread.State: WAITING (on object monitor)
        at java.base@25.0.3/jdk.internal.misc.Unsafe.park(Native Method)
        at java.base@25.0.3/java.util.concurrent.locks.LockSupport.park(LockSupport.java:369)
        at java.base@25.0.3/java.util.concurrent.locks.AbstractQueuedSynchronizer$ConditionNode.block(AbstractQueuedSynchronizer.java:520)
        at java.base@25.0.3/java.util.concurrent.ForkJoinPool.unmanagedBlock(ForkJoinPool.java:4364)
        at java.base@25.0.3/java.util.concurrent.ForkJoinPool.managedBlock(ForkJoinPool.java:4310)
        at java.base@25.0.3/java.util.concurrent.locks.AbstractQueuedSynchronizer$ConditionObject.await(AbstractQueuedSynchronizer.java:1752)
        at java.base@25.0.3/java.util.concurrent.ScheduledThreadPoolExecutor$DelayedWorkQueue.take(ScheduledThreadPoolExecutor.java:1161)
        at java.base@25.0.3/java.util.concurrent.ScheduledThreadPoolExecutor$DelayedWorkQueue.take(ScheduledThreadPoolExecutor.java:883)
        at java.base@25.0.3/java.util.concurrent.ThreadPoolExecutor.getTask(ThreadPoolExecutor.java:1016)
        at java.base@25.0.3/java.util.concurrent.ThreadPoolExecutor.runWorker(ThreadPoolExecutor.java:1076)
        at java.base@25.0.3/java.util.concurrent.ThreadPoolExecutor$Worker.run(ThreadPoolExecutor.java:614)
        at java.base@25.0.3/java.lang.Thread.runWith(Thread.java:1487)
        at java.base@25.0.3/java.lang.Thread.run(Thread.java:1474)
"Timer for 'OzoneManager' metrics system" daemon prio=5 tid=102 timed_waiting
java.lang.Thread.State: TIMED_WAITING
        at java.base@25.0.3/java.lang.Object.wait0(Native Method)
        at java.base@25.0.3/java.lang.Object.wait(Object.java:389)
        at java.base@25.0.3/java.util.TimerThread.mainLoop(Timer.java:569)
        at java.base@25.0.3/java.util.TimerThread.run(Timer.java:522)
"IPC Server handler 96 on default port 9862" daemon prio=5 tid=2665 timed_waiting
java.lang.Thread.State: TIMED_WAITING
        at java.base@25.0.3/jdk.internal.misc.Unsafe.park(Native Method)
        at java.base@25.0.3/java.util.concurrent.locks.LockSupport.parkNanos(LockSupport.java:271)
        at java.base@25.0.3/java.util.concurrent.locks.AbstractQueuedSynchronizer$ConditionObject.awaitNanos(AbstractQueuedSynchronizer.java:1803)
        at java.base@25.0.3/java.util.concurrent.LinkedBlockingQueue.poll(LinkedBlockingQueue.java:460)
        at app//org.apache.hadoop.ipc_.CallQueueManager.take(CallQueueManager.java:294)
        at app//org.apache.hadoop.ipc_.Server$Handler.run(Server.java:2634)
"IPC Server handler 35 on default port 9862" daemon prio=5 tid=2604 timed_waiting
java.lang.Thread.State: TIMED_WAITING
        at java.base@25.0.3/jdk.internal.misc.Unsafe.park(Native Method)
        at java.base@25.0.3/java.util.concurrent.locks.LockSupport.parkNanos(LockSupport.java:271)
        at java.base@25.0.3/java.util.concurrent.locks.AbstractQueuedSynchronizer$ConditionObject.awaitNanos(AbstractQueuedSynchronizer.java:1803)
        at java.base@25.0.3/java.util.concurrent.LinkedBlockingQueue.poll(LinkedBlockingQueue.java:460)
        at app//org.apache.hadoop.ipc_.CallQueueManager.take(CallQueueManager.java:294)
        at app//org.apache.hadoop.ipc_.Server$Handler.run(Server.java:2634)
"snapshotRenamedTable_PartialTableCache-Cleanup-0" daemon prio=5 tid=2197 in Object.wait()
java.lang.Thread.State: WAITING (on object monitor)
        at java.base@25.0.3/jdk.internal.misc.Unsafe.park(Native Method)
        at java.base@25.0.3/java.util.concurrent.locks.LockSupport.park(LockSupport.java:369)
        at java.base@25.0.3/java.util.concurrent.locks.AbstractQueuedSynchronizer$ConditionNode.block(AbstractQueuedSynchronizer.java:520)
        at java.base@25.0.3/java.util.concurrent.ForkJoinPool.unmanagedBlock(ForkJoinPool.java:4364)
        at java.base@25.0.3/java.util.concurrent.ForkJoinPool.managedBlock(ForkJoinPool.java:4310)
        at java.base@25.0.3/java.util.concurrent.locks.AbstractQueuedSynchronizer$ConditionObject.await(AbstractQueuedSynchronizer.java:1752)
        at java.base@25.0.3/java.util.concurrent.LinkedBlockingQueue.take(LinkedBlockingQueue.java:435)
        at java.base@25.0.3/java.util.concurrent.ThreadPoolExecutor.getTask(ThreadPoolExecutor.java:1016)
        at java.base@25.0.3/java.util.concurrent.ThreadPoolExecutor.runWorker(ThreadPoolExecutor.java:1076)
        at java.base@25.0.3/java.util.concurrent.ThreadPoolExecutor$Worker.run(ThreadPoolExecutor.java:614)
        at java.base@25.0.3/java.lang.Thread.runWith(Thread.java:1487)
        at java.base@25.0.3/java.lang.Thread.run(Thread.java:1474)
"volumeTable_FullTableCache-Cleanup-0" daemon prio=5 tid=2028 timed_waiting
java.lang.Thread.State: TIMED_WAITING
        at java.base@25.0.3/jdk.internal.misc.Unsafe.park(Native Method)
        at java.base@25.0.3/java.util.concurrent.locks.LockSupport.parkNanos(LockSupport.java:271)
        at java.base@25.0.3/java.util.concurrent.locks.AbstractQueuedSynchronizer$ConditionObject.awaitNanos(AbstractQueuedSynchronizer.java:1803)
        at java.base@25.0.3/java.util.concurrent.ScheduledThreadPoolExecutor$DelayedWorkQueue.take(ScheduledThreadPoolExecutor.java:1166)
        at java.base@25.0.3/java.util.concurrent.ScheduledThreadPoolExecutor$DelayedWorkQueue.take(ScheduledThreadPoolExecutor.java:883)
        at java.base@25.0.3/java.util.concurrent.ThreadPoolExecutor.getTask(ThreadPoolExecutor.java:1016)
        at java.base@25.0.3/java.util.concurrent.ThreadPoolExecutor.runWorker(ThreadPoolExecutor.java:1076)
        at java.base@25.0.3/java.util.concurrent.ThreadPoolExecutor$Worker.run(ThreadPoolExecutor.java:614)
        at java.base@25.0.3/java.lang.Thread.runWith(Thread.java:1487)
        at java.base@25.0.3/java.lang.Thread.run(Thread.java:1474)
"om1-DirectoryDeletingService#0" daemon prio=5 tid=2550 in Object.wait()
java.lang.Thread.State: WAITING (on object monitor)
        at java.base@25.0.3/jdk.internal.misc.Unsafe.park(Native Method)
        at java.base@25.0.3/java.util.concurrent.locks.LockSupport.park(LockSupport.java:369)
        at java.base@25.0.3/java.util.concurrent.locks.AbstractQueuedSynchronizer$ConditionNode.block(AbstractQueuedSynchronizer.java:520)
        at java.base@25.0.3/java.util.concurrent.ForkJoinPool.unmanagedBlock(ForkJoinPool.java:4364)
        at java.base@25.0.3/java.util.concurrent.ForkJoinPool.managedBlock(ForkJoinPool.java:4310)
        at java.base@25.0.3/java.util.concurrent.locks.AbstractQueuedSynchronizer$ConditionObject.await(AbstractQueuedSynchronizer.java:1752)
        at java.base@25.0.3/java.util.concurrent.ScheduledThreadPoolExecutor$DelayedWorkQueue.take(ScheduledThreadPoolExecutor.java:1154)
        at java.base@25.0.3/java.util.concurrent.ScheduledThreadPoolExecutor$DelayedWorkQueue.take(ScheduledThreadPoolExecutor.java:883)
        at java.base@25.0.3/java.util.concurrent.ThreadPoolExecutor.getTask(ThreadPoolExecutor.java:1016)
        at java.base@25.0.3/java.util.concurrent.ThreadPoolExecutor.runWorker(ThreadPoolExecutor.java:1076)
        at java.base@25.0.3/java.util.concurrent.ThreadPoolExecutor$Worker.run(ThreadPoolExecutor.java:614)
        at java.base@25.0.3/java.lang.Thread.runWith(Thread.java:1487)
        at java.base@25.0.3/java.lang.Thread.run(Thread.java:1474)
"IPC Server handler 76 on default port 9862" daemon prio=5 tid=2645 timed_waiting
java.lang.Thread.State: TIMED_WAITING
        at java.base@25.0.3/jdk.internal.misc.Unsafe.park(Native Method)
        at java.base@25.0.3/java.util.concurrent.locks.LockSupport.parkNanos(LockSupport.java:271)
        at java.base@25.0.3/java.util.concurrent.locks.AbstractQueuedSynchronizer$ConditionObject.awaitNanos(AbstractQueuedSynchronizer.java:1803)
        at java.base@25.0.3/java.util.concurrent.LinkedBlockingQueue.poll(LinkedBlockingQueue.java:460)
        at app//org.apache.hadoop.ipc_.CallQueueManager.take(CallQueueManager.java:294)
        at app//org.apache.hadoop.ipc_.Server$Handler.run(Server.java:2634)
"IPC Server handler 50 on default port 9862" daemon prio=5 tid=2619 timed_waiting
java.lang.Thread.State: TIMED_WAITING
        at java.base@25.0.3/jdk.internal.misc.Unsafe.park(Native Method)
        at java.base@25.0.3/java.util.concurrent.locks.LockSupport.parkNanos(LockSupport.java:271)
        at java.base@25.0.3/java.util.concurrent.locks.AbstractQueuedSynchronizer$ConditionObject.awaitNanos(AbstractQueuedSynchronizer.java:1803)
        at java.base@25.0.3/java.util.concurrent.LinkedBlockingQueue.poll(LinkedBlockingQueue.java:460)
        at app//org.apache.hadoop.ipc_.CallQueueManager.take(CallQueueManager.java:294)
        at app//org.apache.hadoop.ipc_.Server$Handler.run(Server.java:2634)
"openFileTable_PartialTableCache-Cleanup-0" daemon prio=5 tid=251 in Object.wait()
java.lang.Thread.State: WAITING (on object monitor)
        at java.base@25.0.3/jdk.internal.misc.Unsafe.park(Native Method)
        at java.base@25.0.3/java.util.concurrent.locks.LockSupport.park(LockSupport.java:369)
        at java.base@25.0.3/java.util.concurrent.locks.AbstractQueuedSynchronizer$ConditionNode.block(AbstractQueuedSynchronizer.java:520)
        at java.base@25.0.3/java.util.concurrent.ForkJoinPool.unmanagedBlock(ForkJoinPool.java:4364)
        at java.base@25.0.3/java.util.concurrent.ForkJoinPool.managedBlock(ForkJoinPool.java:4310)
        at java.base@25.0.3/java.util.concurrent.locks.AbstractQueuedSynchronizer$ConditionObject.await(AbstractQueuedSynchronizer.java:1752)
        at java.base@25.0.3/java.util.concurrent.LinkedBlockingQueue.take(LinkedBlockingQueue.java:435)
        at java.base@25.0.3/java.util.concurrent.ThreadPoolExecutor.getTask(ThreadPoolExecutor.java:1016)
        at java.base@25.0.3/java.util.concurrent.ThreadPoolExecutor.runWorker(ThreadPoolExecutor.java:1076)
        at java.base@25.0.3/java.util.concurrent.ThreadPoolExecutor$Worker.run(ThreadPoolExecutor.java:614)
        at java.base@25.0.3/java.lang.Thread.runWith(Thread.java:1487)
        at java.base@25.0.3/java.lang.Thread.run(Thread.java:1474)
"IPC Server handler 99 on default port 9862" daemon prio=5 tid=2668 timed_waiting
java.lang.Thread.State: TIMED_WAITING
        at java.base@25.0.3/jdk.internal.misc.Unsafe.park(Native Method)
        at java.base@25.0.3/java.util.concurrent.locks.LockSupport.parkNanos(LockSupport.java:271)
        at java.base@25.0.3/java.util.concurrent.locks.AbstractQueuedSynchronizer$ConditionObject.awaitNanos(AbstractQueuedSynchronizer.java:1803)
        at java.base@25.0.3/java.util.concurrent.LinkedBlockingQueue.poll(LinkedBlockingQueue.java:460)
        at app//org.apache.hadoop.ipc_.CallQueueManager.take(CallQueueManager.java:294)
        at app//org.apache.hadoop.ipc_.Server$Handler.run(Server.java:2634)
"deletedTable_PartialTableCache-Cleanup-0" daemon prio=5 tid=1687 in Object.wait()
java.lang.Thread.State: WAITING (on object monitor)
        at java.base@25.0.3/jdk.internal.misc.Unsafe.park(Native Method)
        at java.base@25.0.3/java.util.concurrent.locks.LockSupport.park(LockSupport.java:369)
        at java.base@25.0.3/java.util.concurrent.locks.AbstractQueuedSynchronizer$ConditionNode.block(AbstractQueuedSynchronizer.java:520)
        at java.base@25.0.3/java.util.concurrent.ForkJoinPool.unmanagedBlock(ForkJoinPool.java:4364)
        at java.base@25.0.3/java.util.concurrent.ForkJoinPool.managedBlock(ForkJoinPool.java:4310)
        at java.base@25.0.3/java.util.concurrent.locks.AbstractQueuedSynchronizer$ConditionObject.await(AbstractQueuedSynchronizer.java:1752)
        at java.base@25.0.3/java.util.concurrent.LinkedBlockingQueue.take(LinkedBlockingQueue.java:435)
        at java.base@25.0.3/java.util.concurrent.ThreadPoolExecutor.getTask(ThreadPoolExecutor.java:1016)
        at java.base@25.0.3/java.util.concurrent.ThreadPoolExecutor.runWorker(ThreadPoolExecutor.java:1076)
        at java.base@25.0.3/java.util.concurrent.ThreadPoolExecutor$Worker.run(ThreadPoolExecutor.java:614)
        at java.base@25.0.3/java.lang.Thread.runWith(Thread.java:1487)
        at java.base@25.0.3/java.lang.Thread.run(Thread.java:1474)
"IPC Server handler 70 on default port 9862" daemon prio=5 tid=2639 timed_waiting
java.lang.Thread.State: TIMED_WAITING
        at java.base@25.0.3/jdk.internal.misc.Unsafe.park(Native Method)
        at java.base@25.0.3/java.util.concurrent.locks.LockSupport.parkNanos(LockSupport.java:271)
        at java.base@25.0.3/java.util.concurrent.locks.AbstractQueuedSynchronizer$ConditionObject.awaitNanos(AbstractQueuedSynchronizer.java:1803)
        at java.base@25.0.3/java.util.concurrent.LinkedBlockingQueue.poll(LinkedBlockingQueue.java:460)
        at app//org.apache.hadoop.ipc_.CallQueueManager.take(CallQueueManager.java:294)
        at app//org.apache.hadoop.ipc_.Server$Handler.run(Server.java:2634)
"directoryTable_PartialTableCache-Cleanup-0" daemon prio=5 tid=2192 in Object.wait()
java.lang.Thread.State: WAITING (on object monitor)
        at java.base@25.0.3/jdk.internal.misc.Unsafe.park(Native Method)
        at java.base@25.0.3/java.util.concurrent.locks.LockSupport.park(LockSupport.java:369)
        at java.base@25.0.3/java.util.concurrent.locks.AbstractQueuedSynchronizer$ConditionNode.block(AbstractQueuedSynchronizer.java:520)
        at java.base@25.0.3/java.util.concurrent.ForkJoinPool.unmanagedBlock(ForkJoinPool.java:4364)
        at java.base@25.0.3/java.util.concurrent.ForkJoinPool.managedBlock(ForkJoinPool.java:4310)
        at java.base@25.0.3/java.util.concurrent.locks.AbstractQueuedSynchronizer$ConditionObject.await(AbstractQueuedSynchronizer.java:1752)
        at java.base@25.0.3/java.util.concurrent.LinkedBlockingQueue.take(LinkedBlockingQueue.java:435)
        at java.base@25.0.3/java.util.concurrent.ThreadPoolExecutor.getTask(ThreadPoolExecutor.java:1016)
        at java.base@25.0.3/java.util.concurrent.ThreadPoolExecutor.runWorker(ThreadPoolExecutor.java:1076)
        at java.base@25.0.3/java.util.concurrent.ThreadPoolExecutor$Worker.run(ThreadPoolExecutor.java:614)
        at java.base@25.0.3/java.lang.Thread.runWith(Thread.java:1487)
        at java.base@25.0.3/java.lang.Thread.run(Thread.java:1474)
"IPC Server handler 0 on default port 9862" daemon prio=5 tid=2569 timed_waiting
java.lang.Thread.State: TIMED_WAITING
        at java.base@25.0.3/jdk.internal.misc.Unsafe.park(Native Method)
        at java.base@25.0.3/java.util.concurrent.locks.LockSupport.parkNanos(LockSupport.java:271)
        at java.base@25.0.3/java.util.concurrent.locks.AbstractQueuedSynchronizer$ConditionObject.awaitNanos(AbstractQueuedSynchronizer.java:1803)
        at java.base@25.0.3/java.util.concurrent.LinkedBlockingQueue.poll(LinkedBlockingQueue.java:460)
        at app//org.apache.hadoop.ipc_.CallQueueManager.take(CallQueueManager.java:294)
        at app//org.apache.hadoop.ipc_.Server$Handler.run(Server.java:2634)
"IPC Server handler 7 on default port 9862" daemon prio=5 tid=2576 timed_waiting
java.lang.Thread.State: TIMED_WAITING
        at java.base@25.0.3/jdk.internal.misc.Unsafe.park(Native Method)
        at java.base@25.0.3/java.util.concurrent.locks.LockSupport.parkNanos(LockSupport.java:271)
        at java.base@25.0.3/java.util.concurrent.locks.AbstractQueuedSynchronizer$ConditionObject.awaitNanos(AbstractQueuedSynchronizer.java:1803)
        at java.base@25.0.3/java.util.concurrent.LinkedBlockingQueue.poll(LinkedBlockingQueue.java:460)
        at app//org.apache.hadoop.ipc_.CallQueueManager.take(CallQueueManager.java:294)
        at app//org.apache.hadoop.ipc_.Server$Handler.run(Server.java:2634)
"ForkJoinPool-1-worker-1" daemon prio=5 tid=37 runnable
java.lang.Thread.State: RUNNABLE
        at java.base@25.0.3/java.lang.Thread.dumpThreads(Native Method)
        at java.base@25.0.3/java.lang.Thread.getAllStackTraces(Thread.java:2246)
        at app//org.apache.ozone.test.TimedOutTestsListener.buildThreadDump(TimedOutTestsListener.java:81)
        at app//org.apache.ozone.test.TimedOutTestsListener.buildThreadDiagnosticString(TimedOutTestsListener.java:67)
        at app//org.apache.ozone.test.GenericTestUtils.waitFor(GenericTestUtils.java:137)
        at app//org.apache.hadoop.ozone.om.service.TestKeyLifecycleService$Normal.testKeyUpdatedShouldNotGetDeleted(TestKeyLifecycleService.java:2034)
        at java.base@25.0.3/java.lang.invoke.DirectMethodHandle$Holder.invokeVirtual(DirectMethodHandle$Holder)
        at java.base@25.0.3/java.lang.invoke.LambdaForm$MH/0x00000000071d1800.invoke(LambdaForm$MH)
        at java.base@25.0.3/java.lang.invoke.Invokers$Holder.invokeExact_MT(Invokers$Holder)
        at java.base@25.0.3/jdk.internal.reflect.DirectMethodHandleAccessor.invokeImpl(DirectMethodHandleAccessor.java:155)
        at java.base@25.0.3/jdk.internal.reflect.DirectMethodHandleAccessor.invoke(DirectMethodHandleAccessor.java:104)
        at java.base@25.0.3/java.lang.reflect.Method.invoke(Method.java:565)
        at app//org.junit.platform.commons.util.ReflectionUtils.invokeMethod(ReflectionUtils.java:786)
        at app//org.junit.platform.commons.support.ReflectionSupport.invokeMethod(ReflectionSupport.java:514)
        at app//org.junit.jupiter.engine.execution.MethodInvocation.proceed(MethodInvocation.java:60)
        at app//org.junit.jupiter.engine.execution.InvocationInterceptorChain$ValidatingInvocation.proceed(InvocationInterceptorChain.java:131)
        at app//org.junit.jupiter.engine.extension.SameThreadTimeoutInvocation.proceed(SameThreadTimeoutInvocation.java:49)
        at app//org.junit.jupiter.engine.extension.TimeoutExtension.intercept(TimeoutExtension.java:161)
        at app//org.junit.jupiter.engine.extension.TimeoutExtension.interceptTestableMethod(TimeoutExtension.java:152)
        at app//org.junit.jupiter.engine.extension.TimeoutExtension.interceptTestTemplateMethod(TimeoutExtension.java:99)
        at app//org.junit.jupiter.engine.descriptor.TestTemplateInvocationTestDescriptor$$Lambda/0x0000000007b31fe8.apply(Unknown Source)
        at app//org.junit.jupiter.engine.execution.InterceptingExecutableInvoker$ReflectiveInterceptorCall.lambda$ofVoidMethod$0(InterceptingExecutableInvoker.java:112)
        at app//org.junit.jupiter.engine.execution.InterceptingExecutableInvoker$ReflectiveInterceptorCall$$Lambda/0x0000000007102638.apply(Unknown Source)
        at app//org.junit.jupiter.engine.execution.InterceptingExecutableInvoker.lambda$invoke$0(InterceptingExecutableInvoker.java:94)
        at app//org.junit.jupiter.engine.execution.InterceptingExecutableInvoker$$Lambda/0x0000000007199db0.apply(Unknown Source)
        at app//org.junit.jupiter.engine.execution.InvocationInterceptorChain$InterceptedInvocation.proceed(InvocationInterceptorChain.java:106)
        at app//org.junit.jupiter.engine.execution.InvocationInterceptorChain.proceed(InvocationInterceptorChain.java:64)
        at app//org.junit.jupiter.engine.execution.InvocationInterceptorChain.chainAndInvoke(InvocationInterceptorChain.java:45)
        at app//org.junit.jupiter.engine.execution.InvocationInterceptorChain.invoke(InvocationInterceptorChain.java:37)
        at app//org.junit.jupiter.engine.execution.InterceptingExecutableInvoker.invoke(InterceptingExecutableInvoker.java:93)
        at app//org.junit.jupiter.engine.execution.InterceptingExecutableInvoker.invoke(InterceptingExecutableInvoker.java:87)
        at app//org.junit.jupiter.engine.descriptor.TestMethodTestDescriptor.lambda$invokeTestMethod$4(TestMethodTestDescriptor.java:221)
        at app//org.junit.jupiter.engine.descriptor.TestMethodTestDescriptor$$Lambda/0x00000000071cc540.execute(Unknown Source)
        at app//org.junit.platform.engine.support.hierarchical.ThrowableCollector.execute(ThrowableCollector.java:73)
        at app//org.junit.jupiter.engine.descriptor.TestMethodTestDescriptor.invokeTestMethod(TestMethodTestDescriptor.java:217)
        at app//org.junit.jupiter.engine.descriptor.TestMethodTestDescriptor.execute(TestMethodTestDescriptor.java:159)
        at app//org.junit.jupiter.engine.descriptor.TestMethodTestDescriptor.execute(TestMethodTestDescriptor.java:70)
        at app//org.junit.platform.engine.support.hierarchical.NodeTestTask.lambda$executeRecursively$6(NodeTestTask.java:157)
        at app//org.junit.platform.engine.support.hierarchical.NodeTestTask$$Lambda/0x000000000715d840.execute(Unknown Source)
        at app//org.junit.platform.engine.support.hierarchical.ThrowableCollector.execute(ThrowableCollector.java:73)
        at app//org.junit.platform.engine.support.hierarchical.NodeTestTask.lambda$executeRecursively$8(NodeTestTask.java:147)
        at app//org.junit.platform.engine.support.hierarchical.NodeTestTask$$Lambda/0x000000000715d610.invoke(Unknown Source)
        at app//org.junit.platform.engine.support.hierarchical.Node.around(Node.java:137)
        at app//org.junit.platform.engine.support.hierarchical.NodeTestTask.lambda$executeRecursively$9(NodeTestTask.java:145)
        at app//org.junit.platform.engine.support.hierarchical.NodeTestTask$$Lambda/0x000000000715cf88.execute(Unknown Source)
        at app//org.junit.platform.engine.support.hierarchical.ThrowableCollector.execute(ThrowableCollector.java:73)
        at app//org.junit.platform.engine.support.hierarchical.NodeTestTask.executeRecursively(NodeTestTask.java:144)
        at app//org.junit.platform.engine.support.hierarchical.NodeTestTask.execute(NodeTestTask.java:101)
        at app//org.junit.platform.engine.support.hierarchical.ForkJoinPoolHierarchicalTestExecutorService$ExclusiveTask.exec(ForkJoinPoolHierarchicalTestExecutorService.java:274)
        at app//org.junit.platform.engine.support.hierarchical.ForkJoinPoolHierarchicalTestExecutorService$ExclusiveTask.execSync(ForkJoinPoolHierarchicalTestExecutorService.java:247)
        at app//org.junit.platform.engine.support.hierarchical.ForkJoinPoolHierarchicalTestExecutorService.submit(ForkJoinPoolHierarchicalTestExecutorService.java:148)
        at app//org.junit.platform.engine.support.hierarchical.NodeTestTask$DefaultDynamicTestExecutor.execute(NodeTestTask.java:232)
        at app//org.junit.platform.engine.support.hierarchical.NodeTestTask$DefaultDynamicTestExecutor.execute(NodeTestTask.java:210)
        at app//org.junit.jupiter.engine.descriptor.TemplateExecutor.execute(TemplateExecutor.java:98)
        at app//org.junit.jupiter.engine.descriptor.TemplateExecutor.lambda$executeForProvider$0(TemplateExecutor.java:61)
        at app//org.junit.jupiter.engine.descriptor.TemplateExecutor$$Lambda/0x00000000071b9b50.accept(Unknown Source)
        at java.base@25.0.3/java.util.Optional.ifPresent(Optional.java:178)
        at app//org.junit.jupiter.engine.descriptor.TemplateExecutor.lambda$executeForProvider$1(TemplateExecutor.java:61)
        at app//org.junit.jupiter.engine.descriptor.TemplateExecutor$$Lambda/0x00000000071b0230.accept(Unknown Source)
        at java.base@25.0.3/java.util.stream.ForEachOps$ForEachOp$OfRef.accept(ForEachOps.java:186)
        at java.base@25.0.3/java.util.stream.ReferencePipeline$3$1.accept(ReferencePipeline.java:214)
        at java.base@25.0.3/java.util.stream.ForEachOps$ForEachOp$OfRef.accept(ForEachOps.java:186)
        at java.base@25.0.3/java.util.stream.ForEachOps$ForEachOp$OfRef.accept(ForEachOps.java:186)
        at java.base@25.0.3/java.util.stream.ReferencePipeline$3$1.accept(ReferencePipeline.java:214)
        at java.base@25.0.3/java.util.Spliterators$ArraySpliterator.forEachRemaining(Spliterators.java:1024)
        at java.base@25.0.3/java.util.stream.AbstractPipeline.copyInto(AbstractPipeline.java:570)
        at java.base@25.0.3/java.util.stream.AbstractPipeline.wrapAndCopyInto(AbstractPipeline.java:560)
        at java.base@25.0.3/java.util.stream.ForEachOps$ForEachOp.evaluateSequential(ForEachOps.java:153)
        at java.base@25.0.3/java.util.stream.ForEachOps$ForEachOp$OfRef.evaluateSequential(ForEachOps.java:176)
        at java.base@25.0.3/java.util.stream.AbstractPipeline.evaluate(AbstractPipeline.java:265)
        at java.base@25.0.3/java.util.stream.ReferencePipeline.forEach(ReferencePipeline.java:632)
        at java.base@25.0.3/java.util.stream.ReferencePipeline$7$1FlatMap.accept(ReferencePipeline.java:293)
        at java.base@25.0.3/java.util.ArrayList$ArrayListSpliterator.forEachRemaining(ArrayList.java:1716)
        at java.base@25.0.3/java.util.stream.AbstractPipeline.copyInto(AbstractPipeline.java:570)
        at java.base@25.0.3/java.util.stream.AbstractPipeline.wrapAndCopyInto(AbstractPipeline.java:560)
        at java.base@25.0.3/java.util.stream.ForEachOps$ForEachOp.evaluateSequential(ForEachOps.java:153)
        at java.base@25.0.3/java.util.stream.ForEachOps$ForEachOp$OfRef.evaluateSequential(ForEachOps.java:176)
        at java.base@25.0.3/java.util.stream.AbstractPipeline.evaluate(AbstractPipeline.java:265)
        at java.base@25.0.3/java.util.stream.ReferencePipeline.forEach(ReferencePipeline.java:632)
        at java.base@25.0.3/java.util.stream.ReferencePipeline$7$1FlatMap.accept(ReferencePipeline.java:293)
        at java.base@25.0.3/java.util.stream.ReferencePipeline$3$1.accept(ReferencePipeline.java:214)
        at java.base@25.0.3/java.util.stream.ReferencePipeline$3$1.accept(ReferencePipeline.java:214)
        at java.base@25.0.3/java.util.stream.ReferencePipeline$3$1.accept(ReferencePipeline.java:214)
        at java.base@25.0.3/java.util.ArrayList$ArrayListSpliterator.forEachRemaining(ArrayList.java:1716)
        at java.base@25.0.3/java.util.stream.AbstractPipeline.copyInto(AbstractPipeline.java:570)
        at java.base@25.0.3/java.util.stream.AbstractPipeline.wrapAndCopyInto(AbstractPipeline.java:560)
        at java.base@25.0.3/java.util.stream.ForEachOps$ForEachOp.evaluateSequential(ForEachOps.java:153)
        at java.base@25.0.3/java.util.stream.ForEachOps$ForEachOp$OfRef.evaluateSequential(ForEachOps.java:176)
        at java.base@25.0.3/java.util.stream.AbstractPipeline.evaluate(AbstractPipeline.java:265)
        at java.base@25.0.3/java.util.stream.ReferencePipeline.forEach(ReferencePipeline.java:632)
        at app//org.junit.jupiter.engine.descriptor.TemplateExecutor.executeForProvider(TemplateExecutor.java:59)
        at app//org.junit.jupiter.engine.descriptor.TemplateExecutor.execute(TemplateExecutor.java:48)
        at app//org.junit.jupiter.engine.descriptor.TestTemplateTestDescriptor.execute(TestTemplateTestDescriptor.java:112)
        at app//org.junit.jupiter.engine.descriptor.TestTemplateTestDescriptor.execute(TestTemplateTestDescriptor.java:40)
        at app//org.junit.platform.engine.support.hierarchical.NodeTestTask.lambda$executeRecursively$6(NodeTestTask.java:157)
        at app//org.junit.platform.engine.support.hierarchical.NodeTestTask$$Lambda/0x000000000715d840.execute(Unknown Source)
        at app//org.junit.platform.engine.support.hierarchical.ThrowableCollector.execute(ThrowableCollector.java:73)
        at app//org.junit.platform.engine.support.hierarchical.NodeTestTask.lambda$executeRecursively$8(NodeTestTask.java:147)
        at app//org.junit.platform.engine.support.hierarchical.NodeTestTask$$Lambda/0x000000000715d610.invoke(Unknown Source)
        at app//org.junit.platform.engine.support.hierarchical.Node.around(Node.java:137)
        at app//org.junit.platform.engine.support.hierarchical.NodeTestTask.lambda$executeRecursively$9(NodeTestTask.java:145)
        at app//org.junit.platform.engine.support.hierarchical.NodeTestTask$$Lambda/0x000000000715cf88.execute(Unknown Source)
        at app//org.junit.platform.engine.support.hierarchical.ThrowableCollector.execute(ThrowableCollector.java:73)
        at app//org.junit.platform.engine.support.hierarchical.NodeTestTask.executeRecursively(NodeTestTask.java:144)
        at app//org.junit.platform.engine.support.hierarchical.NodeTestTask.execute(NodeTestTask.java:101)
        at app//org.junit.platform.engine.support.hierarchical.ForkJoinPoolHierarchicalTestExecutorService$ExclusiveTask.exec(ForkJoinPoolHierarchicalTestExecutorService.java:274)
        at app//org.junit.platform.engine.support.hierarchical.ForkJoinPoolHierarchicalTestExecutorService$ExclusiveTask.execSync(ForkJoinPoolHierarchicalTestExecutorService.java:247)
        at app//org.junit.platform.engine.support.hierarchical.ForkJoinPoolHierarchicalTestExecutorService.executeSync(ForkJoinPoolHierarchicalTestExecutorService.java:194)
        at app//org.junit.platform.engine.support.hierarchical.ForkJoinPoolHierarchicalTestExecutorService.invokeAll(ForkJoinPoolHierarchicalTestExecutorService.java:166)
        at app//org.junit.platform.engine.support.hierarchical.NodeTestTask.lambda$executeRecursively$6(NodeTestTask.java:161)
        at app//org.junit.platform.engine.support.hierarchical.NodeTestTask$$Lambda/0x000000000715d840.execute(Unknown Source)
        at app//org.junit.platform.engine.support.hierarchical.ThrowableCollector.execute(ThrowableCollector.java:73)
        at app//org.junit.platform.engine.support.hierarchical.NodeTestTask.lambda$executeRecursively$8(NodeTestTask.java:147)
        at app//org.junit.platform.engine.support.hierarchical.NodeTestTask$$Lambda/0x000000000715d610.invoke(Unknown Source)
        at app//org.junit.platform.engine.support.hierarchical.Node.around(Node.java:137)
        at app//org.junit.platform.engine.support.hierarchical.NodeTestTask.lambda$executeRecursively$9(NodeTestTask.java:145)
        at app//org.junit.platform.engine.support.hierarchical.NodeTestTask$$Lambda/0x000000000715cf88.execute(Unknown Source)
        at app//org.junit.platform.engine.support.hierarchical.ThrowableCollector.execute(ThrowableCollector.java:73)
        at app//org.junit.platform.engine.support.hierarchical.NodeTestTask.executeRecursively(NodeTestTask.java:144)
        at app//org.junit.platform.engine.support.hierarchical.NodeTestTask.execute(NodeTestTask.java:101)
        at app//org.junit.platform.engine.support.hierarchical.ForkJoinPoolHierarchicalTestExecutorService$ExclusiveTask.exec(ForkJoinPoolHierarchicalTestExecutorService.java:274)
        at app//org.junit.platform.engine.support.hierarchical.ForkJoinPoolHierarchicalTestExecutorService$ExclusiveTask.execSync(ForkJoinPoolHierarchicalTestExecutorService.java:247)
        at app//org.junit.platform.engine.support.hierarchical.ForkJoinPoolHierarchicalTestExecutorService.executeSync(ForkJoinPoolHierarchicalTestExecutorService.java:194)
        at app//org.junit.platform.engine.support.hierarchical.ForkJoinPoolHierarchicalTestExecutorService.invokeAll(ForkJoinPoolHierarchicalTestExecutorService.java:166)
        at app//org.junit.platform.engine.support.hierarchical.NodeTestTask.lambda$executeRecursively$6(NodeTestTask.java:161)
        at app//org.junit.platform.engine.support.hierarchical.NodeTestTask$$Lambda/0x000000000715d840.execute(Unknown Source)
        at app//org.junit.platform.engine.support.hierarchical.ThrowableCollector.execute(ThrowableCollector.java:73)
        at app//org.junit.platform.engine.support.hierarchical.NodeTestTask.lambda$executeRecursively$8(NodeTestTask.java:147)
        at app//org.junit.platform.engine.support.hierarchical.NodeTestTask$$Lambda/0x000000000715d610.invoke(Unknown Source)
        at app//org.junit.platform.engine.support.hierarchical.Node.around(Node.java:137)
        at app//org.junit.platform.engine.support.hierarchical.NodeTestTask.lambda$executeRecursively$9(NodeTestTask.java:145)
        at app//org.junit.platform.engine.support.hierarchical.NodeTestTask$$Lambda/0x000000000715cf88.execute(Unknown Source)
        at app//org.junit.platform.engine.support.hierarchical.ThrowableCollector.execute(ThrowableCollector.java:73)
        at app//org.junit.platform.engine.support.hierarchical.NodeTestTask.executeRecursively(NodeTestTask.java:144)
        at app//org.junit.platform.engine.support.hierarchical.NodeTestTask.execute(NodeTestTask.java:101)
        at app//org.junit.platform.engine.support.hierarchical.ForkJoinPoolHierarchicalTestExecutorService$ExclusiveTask.exec(ForkJoinPoolHierarchicalTestExecutorService.java:274)
        at app//org.junit.platform.engine.support.hierarchical.ForkJoinPoolHierarchicalTestExecutorService$ExclusiveTask.execSync(ForkJoinPoolHierarchicalTestExecutorService.java:247)
        at app//org.junit.platform.engine.support.hierarchical.ForkJoinPoolHierarchicalTestExecutorService.submit(ForkJoinPoolHierarchicalTestExecutorService.java:148)
        at app//org.junit.platform.engine.support.hierarchical.NodeTestTask$DefaultDynamicTestExecutor.execute(NodeTestTask.java:232)
        at app//org.junit.platform.engine.support.hierarchical.NodeTestTask$DefaultDynamicTestExecutor.execute(NodeTestTask.java:210)
        at app//org.junit.jupiter.engine.descriptor.TemplateExecutor.execute(TemplateExecutor.java:98)
        at app//org.junit.jupiter.engine.descriptor.TemplateExecutor.lambda$executeForProvider$0(TemplateExecutor.java:61)
        at app//org.junit.jupiter.engine.descriptor.TemplateExecutor$$Lambda/0x00000000071b9b50.accept(Unknown Source)
        at java.base@25.0.3/java.util.Optional.ifPresent(Optional.java:178)
        at app//org.junit.jupiter.engine.descriptor.TemplateExecutor.lambda$executeForProvider$1(TemplateExecutor.java:61)
        at app//org.junit.jupiter.engine.descriptor.TemplateExecutor$$Lambda/0x00000000071b0230.accept(Unknown Source)
        at java.base@25.0.3/java.util.stream.ForEachOps$ForEachOp$OfRef.accept(ForEachOps.java:186)
        at java.base@25.0.3/java.util.stream.ReferencePipeline$3$1.accept(ReferencePipeline.java:214)
        at java.base@25.0.3/java.util.stream.ForEachOps$ForEachOp$OfRef.accept(ForEachOps.java:186)
        at java.base@25.0.3/java.util.stream.ForEachOps$ForEachOp$OfRef.accept(ForEachOps.java:186)
        at java.base@25.0.3/java.util.stream.ReferencePipeline$3$1.accept(ReferencePipeline.java:214)
        at java.base@25.0.3/java.util.Spliterators$ArraySpliterator.forEachRemaining(Spliterators.java:1024)
        at java.base@25.0.3/java.util.stream.ReferencePipeline$Head.forEach(ReferencePipeline.java:803)
        at java.base@25.0.3/java.util.stream.ReferencePipeline$7$1FlatMap.accept(ReferencePipeline.java:293)
        at java.base@25.0.3/java.util.stream.ReferencePipeline$3$1.accept(ReferencePipeline.java:214)
        at java.base@25.0.3/java.util.stream.ReferencePipeline$3$1.accept(ReferencePipeline.java:214)
        at java.base@25.0.3/java.util.stream.ReferencePipeline$3$1.accept(ReferencePipeline.java:214)
        at java.base@25.0.3/java.util.Spliterators$ArraySpliterator.forEachRemaining(Spliterators.java:1024)
        at java.base@25.0.3/java.util.stream.AbstractPipeline.copyInto(AbstractPipeline.java:570)
        at java.base@25.0.3/java.util.stream.AbstractPipeline.wrapAndCopyInto(AbstractPipeline.java:560)
        at java.base@25.0.3/java.util.stream.ForEachOps$ForEachOp.evaluateSequential(ForEachOps.java:153)
        at java.base@25.0.3/java.util.stream.ForEachOps$ForEachOp$OfRef.evaluateSequential(ForEachOps.java:176)
        at java.base@25.0.3/java.util.stream.AbstractPipeline.evaluate(AbstractPipeline.java:265)
        at java.base@25.0.3/java.util.stream.ReferencePipeline.forEach(ReferencePipeline.java:632)
        at java.base@25.0.3/java.util.stream.ReferencePipeline$7$1FlatMap.accept(ReferencePipeline.java:293)
        at java.base@25.0.3/java.util.ArrayList$ArrayListSpliterator.forEachRemaining(ArrayList.java:1716)
        at java.base@25.0.3/java.util.stream.AbstractPipeline.copyInto(AbstractPipeline.java:570)
        at java.base@25.0.3/java.util.stream.AbstractPipeline.wrapAndCopyInto(AbstractPipeline.java:560)
        at java.base@25.0.3/java.util.stream.ForEachOps$ForEachOp.evaluateSequential(ForEachOps.java:153)
        at java.base@25.0.3/java.util.stream.ForEachOps$ForEachOp$OfRef.evaluateSequential(ForEachOps.java:176)
        at java.base@25.0.3/java.util.stream.AbstractPipeline.evaluate(AbstractPipeline.java:265)
        at java.base@25.0.3/java.util.stream.ReferencePipeline.forEach(ReferencePipeline.java:632)
        at java.base@25.0.3/java.util.stream.ReferencePipeline$7$1FlatMap.accept(ReferencePipeline.java:293)
        at java.base@25.0.3/java.util.stream.ReferencePipeline$3$1.accept(ReferencePipeline.java:214)
        at java.base@25.0.3/java.util.stream.ReferencePipeline$3$1.accept(ReferencePipeline.java:214)
        at java.base@25.0.3/java.util.stream.ReferencePipeline$3$1.accept(ReferencePipeline.java:214)
        at java.base@25.0.3/java.util.ArrayList$ArrayListSpliterator.forEachRemaining(ArrayList.java:1716)
        at java.base@25.0.3/java.util.stream.AbstractPipeline.copyInto(AbstractPipeline.java:570)
        at java.base@25.0.3/java.util.stream.AbstractPipeline.wrapAndCopyInto(AbstractPipeline.java:560)
        at java.base@25.0.3/java.util.stream.ForEachOps$ForEachOp.evaluateSequential(ForEachOps.java:153)
        at java.base@25.0.3/java.util.stream.ForEachOps$ForEachOp$OfRef.evaluateSequential(ForEachOps.java:176)
        at java.base@25.0.3/java.util.stream.AbstractPipeline.evaluate(AbstractPipeline.java:265)
        at java.base@25.0.3/java.util.stream.ReferencePipeline.forEach(ReferencePipeline.java:632)
        at app//org.junit.jupiter.engine.descriptor.TemplateExecutor.executeForProvider(TemplateExecutor.java:59)
        at app//org.junit.jupiter.engine.descriptor.TemplateExecutor.execute(TemplateExecutor.java:48)
        at app//org.junit.jupiter.engine.descriptor.ClassTemplateTestDescriptor.execute(ClassTemplateTestDescriptor.java:206)
        at app//org.junit.jupiter.engine.descriptor.ClassTemplateTestDescriptor.execute(ClassTemplateTestDescriptor.java:51)
        at app//org.junit.platform.engine.support.hierarchical.NodeTestTask.lambda$executeRecursively$6(NodeTestTask.java:157)
        at app//org.junit.platform.engine.support.hierarchical.NodeTestTask$$Lambda/0x000000000715d840.execute(Unknown Source)
        at app//org.junit.platform.engine.support.hierarchical.ThrowableCollector.execute(ThrowableCollector.java:73)
        at app//org.junit.platform.engine.support.hierarchical.NodeTestTask.lambda$executeRecursively$8(NodeTestTask.java:147)
        at app//org.junit.platform.engine.support.hierarchical.NodeTestTask$$Lambda/0x000000000715d610.invoke(Unknown Source)
        at app//org.junit.platform.engine.support.hierarchical.Node.around(Node.java:137)
        at app//org.junit.platform.engine.support.hierarchical.NodeTestTask.lambda$executeRecursively$9(NodeTestTask.java:145)
        at app//org.junit.platform.engine.support.hierarchical.NodeTestTask$$Lambda/0x000000000715cf88.execute(Unknown Source)
        at app//org.junit.platform.engine.support.hierarchical.ThrowableCollector.execute(ThrowableCollector.java:73)
        at app//org.junit.platform.engine.support.hierarchical.NodeTestTask.executeRecursively(NodeTestTask.java:144)
        at app//org.junit.platform.engine.support.hierarchical.NodeTestTask.execute(NodeTestTask.java:101)
        at app//org.junit.platform.engine.support.hierarchical.ForkJoinPoolHierarchicalTestExecutorService$ExclusiveTask.exec(ForkJoinPoolHierarchicalTestExecutorService.java:274)
        at app//org.junit.platform.engine.support.hierarchical.ForkJoinPoolHierarchicalTestExecutorService$ExclusiveTask.execSync(ForkJoinPoolHierarchicalTestExecutorService.java:247)
        at app//org.junit.platform.engine.support.hierarchical.ForkJoinPoolHierarchicalTestExecutorService.invokeAll(ForkJoinPoolHierarchicalTestExecutorService.java:159)
        at app//org.junit.platform.engine.support.hierarchical.NodeTestTask.lambda$executeRecursively$6(NodeTestTask.java:161)
        at app//org.junit.platform.engine.support.hierarchical.NodeTestTask$$Lambda/0x000000000715d840.execute(Unknown Source)
        at app//org.junit.platform.engine.support.hierarchical.ThrowableCollector.execute(ThrowableCollector.java:73)
        at app//org.junit.platform.engine.support.hierarchical.NodeTestTask.lambda$executeRecursively$8(NodeTestTask.java:147)
        at app//org.junit.platform.engine.support.hierarchical.NodeTestTask$$Lambda/0x000000000715d610.invoke(Unknown Source)
        at app//org.junit.platform.engine.support.hierarchical.Node.around(Node.java:137)
        at app//org.junit.platform.engine.support.hierarchical.NodeTestTask.lambda$executeRecursively$9(NodeTestTask.java:145)
        at app//org.junit.platform.engine.support.hierarchical.NodeTestTask$$Lambda/0x000000000715cf88.execute(Unknown Source)
        at app//org.junit.platform.engine.support.hierarchical.ThrowableCollector.execute(ThrowableCollector.java:73)
        at app//org.junit.platform.engine.support.hierarchical.NodeTestTask.executeRecursively(NodeTestTask.java:144)
        at app//org.junit.platform.engine.support.hierarchical.NodeTestTask.execute(NodeTestTask.java:101)
        at app//org.junit.platform.engine.support.hierarchical.ForkJoinPoolHierarchicalTestExecutorService$ExclusiveTask.exec(ForkJoinPoolHierarchicalTestExecutorService.java:274)
        at java.base@25.0.3/java.util.concurrent.ForkJoinTask.doExec(ForkJoinTask.java:511)
        at java.base@25.0.3/java.util.concurrent.ForkJoinPool$WorkQueue.topLevelExec(ForkJoinPool.java:1450)
        at java.base@25.0.3/java.util.concurrent.ForkJoinPool.runWorker(ForkJoinPool.java:2019)
        at java.base@25.0.3/java.util.concurrent.ForkJoinWorkerThread.run(ForkJoinWorkerThread.java:187)
"Socket Reader #10 for port 9862" daemon prio=5 tid=2535 runnable
java.lang.Thread.State: RUNNABLE
        at java.base@25.0.3/sun.nio.ch.EPoll.wait(Native Method)
        at java.base@25.0.3/sun.nio.ch.EPollSelectorImpl.doSelect(EPollSelectorImpl.java:117)
        at java.base@25.0.3/sun.nio.ch.SelectorImpl.lockAndDoSelect(SelectorImpl.java:130)
        at java.base@25.0.3/sun.nio.ch.SelectorImpl.select(SelectorImpl.java:147)
        at app//org.apache.hadoop.ipc_.Server$Listener$Reader.doRunLoop(Server.java:1004)
        at app//org.apache.hadoop.ipc_.Server$Listener$Reader.run(Server.java:983)
"CompactionDagPruningService" daemon prio=5 tid=2514 timed_waiting
java.lang.Thread.State: TIMED_WAITING
        at java.base@25.0.3/jdk.internal.misc.Unsafe.park(Native Method)
        at java.base@25.0.3/java.util.concurrent.locks.LockSupport.parkNanos(LockSupport.java:271)
        at java.base@25.0.3/java.util.concurrent.locks.AbstractQueuedSynchronizer$ConditionObject.awaitNanos(AbstractQueuedSynchronizer.java:1803)
        at java.base@25.0.3/java.util.concurrent.ScheduledThreadPoolExecutor$DelayedWorkQueue.take(ScheduledThreadPoolExecutor.java:1166)
        at java.base@25.0.3/java.util.concurrent.ScheduledThreadPoolExecutor$DelayedWorkQueue.take(ScheduledThreadPoolExecutor.java:883)
        at java.base@25.0.3/java.util.concurrent.ThreadPoolExecutor.getTask(ThreadPoolExecutor.java:1016)
        at java.base@25.0.3/java.util.concurrent.ThreadPoolExecutor.runWorker(ThreadPoolExecutor.java:1076)
        at java.base@25.0.3/java.util.concurrent.ThreadPoolExecutor$Worker.run(ThreadPoolExecutor.java:614)
        at java.base@25.0.3/java.lang.Thread.runWith(Thread.java:1487)
        at java.base@25.0.3/java.lang.Thread.run(Thread.java:1474)
"lifecycleScanStateTable_FullTableCache-Cleanup-0" daemon prio=5 tid=926 timed_waiting
java.lang.Thread.State: TIMED_WAITING
        at java.base@25.0.3/jdk.internal.misc.Unsafe.park(Native Method)
        at java.base@25.0.3/java.util.concurrent.locks.LockSupport.parkNanos(LockSupport.java:271)
        at java.base@25.0.3/java.util.concurrent.locks.AbstractQueuedSynchronizer$ConditionObject.awaitNanos(AbstractQueuedSynchronizer.java:1803)
        at java.base@25.0.3/java.util.concurrent.ScheduledThreadPoolExecutor$DelayedWorkQueue.take(ScheduledThreadPoolExecutor.java:1166)
        at java.base@25.0.3/java.util.concurrent.ScheduledThreadPoolExecutor$DelayedWorkQueue.take(ScheduledThreadPoolExecutor.java:883)
        at java.base@25.0.3/java.util.concurrent.ThreadPoolExecutor.getTask(ThreadPoolExecutor.java:1016)
        at java.base@25.0.3/java.util.concurrent.ThreadPoolExecutor.runWorker(ThreadPoolExecutor.java:1076)
        at java.base@25.0.3/java.util.concurrent.ThreadPoolExecutor$Worker.run(ThreadPoolExecutor.java:614)
        at java.base@25.0.3/java.lang.Thread.runWith(Thread.java:1487)
        at java.base@25.0.3/java.lang.Thread.run(Thread.java:1474)
"directoryTable_PartialTableCache-Cleanup-0" daemon prio=5 tid=1688 in Object.wait()
java.lang.Thread.State: WAITING (on object monitor)
        at java.base@25.0.3/jdk.internal.misc.Unsafe.park(Native Method)
        at java.base@25.0.3/java.util.concurrent.locks.LockSupport.park(LockSupport.java:369)
        at java.base@25.0.3/java.util.concurrent.locks.AbstractQueuedSynchronizer$ConditionNode.block(AbstractQueuedSynchronizer.java:520)
        at java.base@25.0.3/java.util.concurrent.ForkJoinPool.unmanagedBlock(ForkJoinPool.java:4364)
        at java.base@25.0.3/java.util.concurrent.ForkJoinPool.managedBlock(ForkJoinPool.java:4310)
        at java.base@25.0.3/java.util.concurrent.locks.AbstractQueuedSynchronizer$ConditionObject.await(AbstractQueuedSynchronizer.java:1752)
        at java.base@25.0.3/java.util.concurrent.LinkedBlockingQueue.take(LinkedBlockingQueue.java:435)
        at java.base@25.0.3/java.util.concurrent.ThreadPoolExecutor.getTask(ThreadPoolExecutor.java:1016)
        at java.base@25.0.3/java.util.concurrent.ThreadPoolExecutor.runWorker(ThreadPoolExecutor.java:1076)
        at java.base@25.0.3/java.util.concurrent.ThreadPoolExecutor$Worker.run(ThreadPoolExecutor.java:614)
        at java.base@25.0.3/java.lang.Thread.runWith(Thread.java:1487)
        at java.base@25.0.3/java.lang.Thread.run(Thread.java:1474)
"Socket Reader #9 for port 9862" daemon prio=5 tid=2534 runnable
java.lang.Thread.State: RUNNABLE
        at java.base@25.0.3/sun.nio.ch.EPoll.wait(Native Method)
        at java.base@25.0.3/sun.nio.ch.EPollSelectorImpl.doSelect(EPollSelectorImpl.java:117)
        at java.base@25.0.3/sun.nio.ch.SelectorImpl.lockAndDoSelect(SelectorImpl.java:130)
        at java.base@25.0.3/sun.nio.ch.SelectorImpl.select(SelectorImpl.java:147)
        at app//org.apache.hadoop.ipc_.Server$Listener$Reader.doRunLoop(Server.java:1004)
        at app//org.apache.hadoop.ipc_.Server$Listener$Reader.run(Server.java:983)
"IPC Server handler 8 on default port 9862" daemon prio=5 tid=2577 timed_waiting
java.lang.Thread.State: TIMED_WAITING
        at java.base@25.0.3/jdk.internal.misc.Unsafe.park(Native Method)
        at java.base@25.0.3/java.util.concurrent.locks.LockSupport.parkNanos(LockSupport.java:271)
        at java.base@25.0.3/java.util.concurrent.locks.AbstractQueuedSynchronizer$ConditionObject.awaitNanos(AbstractQueuedSynchronizer.java:1803)
        at java.base@25.0.3/java.util.concurrent.LinkedBlockingQueue.poll(LinkedBlockingQueue.java:460)
        at app//org.apache.hadoop.ipc_.CallQueueManager.take(CallQueueManager.java:294)
        at app//org.apache.hadoop.ipc_.Server$Handler.run(Server.java:2634)
"volumeTable_FullTableCache-Cleanup-0" daemon prio=5 tid=2515 timed_waiting
java.lang.Thread.State: TIMED_WAITING
        at java.base@25.0.3/jdk.internal.misc.Unsafe.park(Native Method)
        at java.base@25.0.3/java.util.concurrent.locks.LockSupport.parkNanos(LockSupport.java:271)
        at java.base@25.0.3/java.util.concurrent.locks.AbstractQueuedSynchronizer$ConditionObject.awaitNanos(AbstractQueuedSynchronizer.java:1803)
        at java.base@25.0.3/java.util.concurrent.ScheduledThreadPoolExecutor$DelayedWorkQueue.take(ScheduledThreadPoolExecutor.java:1166)
        at java.base@25.0.3/java.util.concurrent.ScheduledThreadPoolExecutor$DelayedWorkQueue.take(ScheduledThreadPoolExecutor.java:883)
        at java.base@25.0.3/java.util.concurrent.ThreadPoolExecutor.getTask(ThreadPoolExecutor.java:1016)
        at java.base@25.0.3/java.util.concurrent.ThreadPoolExecutor.runWorker(ThreadPoolExecutor.java:1076)
        at java.base@25.0.3/java.util.concurrent.ThreadPoolExecutor$Worker.run(ThreadPoolExecutor.java:614)
        at java.base@25.0.3/java.lang.Thread.runWith(Thread.java:1487)
        at java.base@25.0.3/java.lang.Thread.run(Thread.java:1474)
"om1-DirectoryDeletingService#1" daemon prio=5 tid=2552 in Object.wait()
java.lang.Thread.State: WAITING (on object monitor)
        at java.base@25.0.3/jdk.internal.misc.Unsafe.park(Native Method)
        at java.base@25.0.3/java.util.concurrent.locks.LockSupport.park(LockSupport.java:369)
        at java.base@25.0.3/java.util.concurrent.locks.AbstractQueuedSynchronizer$ConditionNode.block(AbstractQueuedSynchronizer.java:520)
        at java.base@25.0.3/java.util.concurrent.ForkJoinPool.unmanagedBlock(ForkJoinPool.java:4364)
        at java.base@25.0.3/java.util.concurrent.ForkJoinPool.managedBlock(ForkJoinPool.java:4310)
        at java.base@25.0.3/java.util.concurrent.locks.AbstractQueuedSynchronizer$ConditionObject.await(AbstractQueuedSynchronizer.java:1752)
        at java.base@25.0.3/java.util.concurrent.ScheduledThreadPoolExecutor$DelayedWorkQueue.take(ScheduledThreadPoolExecutor.java:1161)
        at java.base@25.0.3/java.util.concurrent.ScheduledThreadPoolExecutor$DelayedWorkQueue.take(ScheduledThreadPoolExecutor.java:883)
        at java.base@25.0.3/java.util.concurrent.ThreadPoolExecutor.getTask(ThreadPoolExecutor.java:1016)
        at java.base@25.0.3/java.util.concurrent.ThreadPoolExecutor.runWorker(ThreadPoolExecutor.java:1076)
        at java.base@25.0.3/java.util.concurrent.ThreadPoolExecutor$Worker.run(ThreadPoolExecutor.java:614)
        at java.base@25.0.3/java.lang.Thread.runWith(Thread.java:1487)
        at java.base@25.0.3/java.lang.Thread.run(Thread.java:1474)
"deletedDirectoryTable_PartialTableCache-Cleanup-0" daemon prio=5 tid=1093 in Object.wait()
java.lang.Thread.State: WAITING (on object monitor)
        at java.base@25.0.3/jdk.internal.misc.Unsafe.park(Native Method)
        at java.base@25.0.3/java.util.concurrent.locks.LockSupport.park(LockSupport.java:369)
        at java.base@25.0.3/java.util.concurrent.locks.AbstractQueuedSynchronizer$ConditionNode.block(AbstractQueuedSynchronizer.java:520)
        at java.base@25.0.3/java.util.concurrent.ForkJoinPool.unmanagedBlock(ForkJoinPool.java:4364)
        at java.base@25.0.3/java.util.concurrent.ForkJoinPool.managedBlock(ForkJoinPool.java:4310)
        at java.base@25.0.3/java.util.concurrent.locks.AbstractQueuedSynchronizer$ConditionObject.await(AbstractQueuedSynchronizer.java:1752)
        at java.base@25.0.3/java.util.concurrent.LinkedBlockingQueue.take(LinkedBlockingQueue.java:435)
        at java.base@25.0.3/java.util.concurrent.ThreadPoolExecutor.getTask(ThreadPoolExecutor.java:1016)
        at java.base@25.0.3/java.util.concurrent.ThreadPoolExecutor.runWorker(ThreadPoolExecutor.java:1076)
        at java.base@25.0.3/java.util.concurrent.ThreadPoolExecutor$Worker.run(ThreadPoolExecutor.java:614)
        at java.base@25.0.3/java.lang.Thread.runWith(Thread.java:1487)
        at java.base@25.0.3/java.lang.Thread.run(Thread.java:1474)
"lifecycleConfigurationTable_FullTableCache-Cleanup-0" daemon prio=5 tid=925 timed_waiting
java.lang.Thread.State: TIMED_WAITING
        at java.base@25.0.3/jdk.internal.misc.Unsafe.park(Native Method)
        at java.base@25.0.3/java.util.concurrent.locks.LockSupport.parkNanos(LockSupport.java:271)
        at java.base@25.0.3/java.util.concurrent.locks.AbstractQueuedSynchronizer$ConditionObject.awaitNanos(AbstractQueuedSynchronizer.java:1803)
        at java.base@25.0.3/java.util.concurrent.ScheduledThreadPoolExecutor$DelayedWorkQueue.take(ScheduledThreadPoolExecutor.java:1166)
        at java.base@25.0.3/java.util.concurrent.ScheduledThreadPoolExecutor$DelayedWorkQueue.take(ScheduledThreadPoolExecutor.java:883)
        at java.base@25.0.3/java.util.concurrent.ThreadPoolExecutor.getTask(ThreadPoolExecutor.java:1016)
        at java.base@25.0.3/java.util.concurrent.ThreadPoolExecutor.runWorker(ThreadPoolExecutor.java:1076)
        at java.base@25.0.3/java.util.concurrent.ThreadPoolExecutor$Worker.run(ThreadPoolExecutor.java:614)
        at java.base@25.0.3/java.lang.Thread.runWith(Thread.java:1487)
        at java.base@25.0.3/java.lang.Thread.run(Thread.java:1474)
"volumeTable_FullTableCache-Cleanup-0" daemon prio=5 tid=44 timed_waiting
java.lang.Thread.State: TIMED_WAITING
        at java.base@25.0.3/jdk.internal.misc.Unsafe.park(Native Method)
        at java.base@25.0.3/java.util.concurrent.locks.LockSupport.parkNanos(LockSupport.java:271)
        at java.base@25.0.3/java.util.concurrent.locks.AbstractQueuedSynchronizer$ConditionObject.awaitNanos(AbstractQueuedSynchronizer.java:1803)
        at java.base@25.0.3/java.util.concurrent.ScheduledThreadPoolExecutor$DelayedWorkQueue.take(ScheduledThreadPoolExecutor.java:1166)
        at java.base@25.0.3/java.util.concurrent.ScheduledThreadPoolExecutor$DelayedWorkQueue.take(ScheduledThreadPoolExecutor.java:883)
        at java.base@25.0.3/java.util.concurrent.ThreadPoolExecutor.getTask(ThreadPoolExecutor.java:1016)
        at java.base@25.0.3/java.util.concurrent.ThreadPoolExecutor.runWorker(ThreadPoolExecutor.java:1076)
        at java.base@25.0.3/java.util.concurrent.ThreadPoolExecutor$Worker.run(ThreadPoolExecutor.java:614)
        at java.base@25.0.3/java.lang.Thread.runWith(Thread.java:1487)
        at java.base@25.0.3/java.lang.Thread.run(Thread.java:1474)
"lifecycleConfigurationTable_FullTableCache-Cleanup-0" daemon prio=5 tid=46 timed_waiting
java.lang.Thread.State: TIMED_WAITING
        at java.base@25.0.3/jdk.internal.misc.Unsafe.park(Native Method)
        at java.base@25.0.3/java.util.concurrent.locks.LockSupport.parkNanos(LockSupport.java:271)
        at java.base@25.0.3/java.util.concurrent.locks.AbstractQueuedSynchronizer$ConditionObject.awaitNanos(AbstractQueuedSynchronizer.java:1803)
        at java.base@25.0.3/java.util.concurrent.ScheduledThreadPoolExecutor$DelayedWorkQueue.take(ScheduledThreadPoolExecutor.java:1166)
        at java.base@25.0.3/java.util.concurrent.ScheduledThreadPoolExecutor$DelayedWorkQueue.take(ScheduledThreadPoolExecutor.java:883)
        at java.base@25.0.3/java.util.concurrent.ThreadPoolExecutor.getTask(ThreadPoolExecutor.java:1016)
        at java.base@25.0.3/java.util.concurrent.ThreadPoolExecutor.runWorker(ThreadPoolExecutor.java:1076)
        at java.base@25.0.3/java.util.concurrent.ThreadPoolExecutor$Worker.run(ThreadPoolExecutor.java:614)
        at java.base@25.0.3/java.lang.Thread.runWith(Thread.java:1487)
        at java.base@25.0.3/java.lang.Thread.run(Thread.java:1474)
"openKeyTable_PartialTableCache-Cleanup-0" daemon prio=5 tid=2198 in Object.wait()
java.lang.Thread.State: WAITING (on object monitor)
        at java.base@25.0.3/jdk.internal.misc.Unsafe.park(Native Method)
        at java.base@25.0.3/java.util.concurrent.locks.LockSupport.park(LockSupport.java:369)
        at java.base@25.0.3/java.util.concurrent.locks.AbstractQueuedSynchronizer$ConditionNode.block(AbstractQueuedSynchronizer.java:520)
        at java.base@25.0.3/java.util.concurrent.ForkJoinPool.unmanagedBlock(ForkJoinPool.java:4364)
        at java.base@25.0.3/java.util.concurrent.ForkJoinPool.managedBlock(ForkJoinPool.java:4310)
        at java.base@25.0.3/java.util.concurrent.locks.AbstractQueuedSynchronizer$ConditionObject.await(AbstractQueuedSynchronizer.java:1752)
        at java.base@25.0.3/java.util.concurrent.LinkedBlockingQueue.take(LinkedBlockingQueue.java:435)
        at java.base@25.0.3/java.util.concurrent.ThreadPoolExecutor.getTask(ThreadPoolExecutor.java:1016)
        at java.base@25.0.3/java.util.concurrent.ThreadPoolExecutor.runWorker(ThreadPoolExecutor.java:1076)
        at java.base@25.0.3/java.util.concurrent.ThreadPoolExecutor$Worker.run(ThreadPoolExecutor.java:614)
        at java.base@25.0.3/java.lang.Thread.runWith(Thread.java:1487)
        at java.base@25.0.3/java.lang.Thread.run(Thread.java:1474)
"IPC Server handler 47 on default port 9862" daemon prio=5 tid=2616 timed_waiting
java.lang.Thread.State: TIMED_WAITING
        at java.base@25.0.3/jdk.internal.misc.Unsafe.park(Native Method)
        at java.base@25.0.3/java.util.concurrent.locks.LockSupport.parkNanos(LockSupport.java:271)
        at java.base@25.0.3/java.util.concurrent.locks.AbstractQueuedSynchronizer$ConditionObject.awaitNanos(AbstractQueuedSynchronizer.java:1803)
        at java.base@25.0.3/java.util.concurrent.LinkedBlockingQueue.poll(LinkedBlockingQueue.java:460)
        at app//org.apache.hadoop.ipc_.CallQueueManager.take(CallQueueManager.java:294)
        at app//org.apache.hadoop.ipc_.Server$Handler.run(Server.java:2634)
"IPC Server handler 83 on default port 9862" daemon prio=5 tid=2652 timed_waiting
java.lang.Thread.State: TIMED_WAITING
        at java.base@25.0.3/jdk.internal.misc.Unsafe.park(Native Method)
        at java.base@25.0.3/java.util.concurrent.locks.LockSupport.parkNanos(LockSupport.java:271)
        at java.base@25.0.3/java.util.concurrent.locks.AbstractQueuedSynchronizer$ConditionObject.awaitNanos(AbstractQueuedSynchronizer.java:1803)
        at java.base@25.0.3/java.util.concurrent.LinkedBlockingQueue.poll(LinkedBlockingQueue.java:460)
        at app//org.apache.hadoop.ipc_.CallQueueManager.take(CallQueueManager.java:294)
        at app//org.apache.hadoop.ipc_.Server$Handler.run(Server.java:2634)
"om1-KeyLifecycleService#3" daemon prio=5 tid=2671 timed_waiting
java.lang.Thread.State: TIMED_WAITING
        at java.base@25.0.3/jdk.internal.misc.Unsafe.park(Native Method)
        at java.base@25.0.3/java.util.concurrent.locks.LockSupport.parkNanos(LockSupport.java:271)
        at java.base@25.0.3/java.util.concurrent.locks.AbstractQueuedSynchronizer$ConditionObject.awaitNanos(AbstractQueuedSynchronizer.java:1803)
        at java.base@25.0.3/java.util.concurrent.ScheduledThreadPoolExecutor$DelayedWorkQueue.take(ScheduledThreadPoolExecutor.java:1166)
        at java.base@25.0.3/java.util.concurrent.ScheduledThreadPoolExecutor$DelayedWorkQueue.take(ScheduledThreadPoolExecutor.java:883)
        at java.base@25.0.3/java.util.concurrent.ThreadPoolExecutor.getTask(ThreadPoolExecutor.java:1016)
        at java.base@25.0.3/java.util.concurrent.ThreadPoolExecutor.runWorker(ThreadPoolExecutor.java:1076)
        at java.base@25.0.3/java.util.concurrent.ThreadPoolExecutor$Worker.run(ThreadPoolExecutor.java:614)
        at java.base@25.0.3/java.lang.Thread.runWith(Thread.java:1487)
        at java.base@25.0.3/java.lang.Thread.run(Thread.java:1474)
"IPC Server handler 59 on default port 9862" daemon prio=5 tid=2628 timed_waiting
java.lang.Thread.State: TIMED_WAITING
        at java.base@25.0.3/jdk.internal.misc.Unsafe.park(Native Method)
        at java.base@25.0.3/java.util.concurrent.locks.LockSupport.parkNanos(LockSupport.java:271)
        at java.base@25.0.3/java.util.concurrent.locks.AbstractQueuedSynchronizer$ConditionObject.awaitNanos(AbstractQueuedSynchronizer.java:1803)
        at java.base@25.0.3/java.util.concurrent.LinkedBlockingQueue.poll(LinkedBlockingQueue.java:460)
        at app//org.apache.hadoop.ipc_.CallQueueManager.take(CallQueueManager.java:294)
        at app//org.apache.hadoop.ipc_.Server$Handler.run(Server.java:2634)
"IPC Server handler 75 on default port 9862" daemon prio=5 tid=2644 timed_waiting
java.lang.Thread.State: TIMED_WAITING
        at java.base@25.0.3/jdk.internal.misc.Unsafe.park(Native Method)
        at java.base@25.0.3/java.util.concurrent.locks.LockSupport.parkNanos(LockSupport.java:271)
        at java.base@25.0.3/java.util.concurrent.locks.AbstractQueuedSynchronizer$ConditionObject.awaitNanos(AbstractQueuedSynchronizer.java:1803)
        at java.base@25.0.3/java.util.concurrent.LinkedBlockingQueue.poll(LinkedBlockingQueue.java:460)
        at app//org.apache.hadoop.ipc_.CallQueueManager.take(CallQueueManager.java:294)
        at app//org.apache.hadoop.ipc_.Server$Handler.run(Server.java:2634)
"IPC Server handler 27 on default port 9862" daemon prio=5 tid=2596 timed_waiting
java.lang.Thread.State: TIMED_WAITING
        at java.base@25.0.3/jdk.internal.misc.Unsafe.park(Native Method)
        at java.base@25.0.3/java.util.concurrent.locks.LockSupport.parkNanos(LockSupport.java:271)
        at java.base@25.0.3/java.util.concurrent.locks.AbstractQueuedSynchronizer$ConditionObject.awaitNanos(AbstractQueuedSynchronizer.java:1803)
        at java.base@25.0.3/java.util.concurrent.LinkedBlockingQueue.poll(LinkedBlockingQueue.java:460)
        at app//org.apache.hadoop.ipc_.CallQueueManager.take(CallQueueManager.java:294)
        at app//org.apache.hadoop.ipc_.Server$Handler.run(Server.java:2634)
"IPC Server handler 51 on default port 9862" daemon prio=5 tid=2620 timed_waiting
java.lang.Thread.State: TIMED_WAITING
        at java.base@25.0.3/jdk.internal.misc.Unsafe.park(Native Method)
        at java.base@25.0.3/java.util.concurrent.locks.LockSupport.parkNanos(LockSupport.java:271)
        at java.base@25.0.3/java.util.concurrent.locks.AbstractQueuedSynchronizer$ConditionObject.awaitNanos(AbstractQueuedSynchronizer.java:1803)
        at java.base@25.0.3/java.util.concurrent.LinkedBlockingQueue.poll(LinkedBlockingQueue.java:460)
        at app//org.apache.hadoop.ipc_.CallQueueManager.take(CallQueueManager.java:294)
        at app//org.apache.hadoop.ipc_.Server$Handler.run(Server.java:2634)
"openFileTable_PartialTableCache-Cleanup-0" daemon prio=5 tid=1087 in Object.wait()
java.lang.Thread.State: WAITING (on object monitor)
        at java.base@25.0.3/jdk.internal.misc.Unsafe.park(Native Method)
        at java.base@25.0.3/java.util.concurrent.locks.LockSupport.park(LockSupport.java:369)
        at java.base@25.0.3/java.util.concurrent.locks.AbstractQueuedSynchronizer$ConditionNode.block(AbstractQueuedSynchronizer.java:520)
        at java.base@25.0.3/java.util.concurrent.ForkJoinPool.unmanagedBlock(ForkJoinPool.java:4364)
        at java.base@25.0.3/java.util.concurrent.ForkJoinPool.managedBlock(ForkJoinPool.java:4310)
        at java.base@25.0.3/java.util.concurrent.locks.AbstractQueuedSynchronizer$ConditionObject.await(AbstractQueuedSynchronizer.java:1752)
        at java.base@25.0.3/java.util.concurrent.LinkedBlockingQueue.take(LinkedBlockingQueue.java:435)
        at java.base@25.0.3/java.util.concurrent.ThreadPoolExecutor.getTask(ThreadPoolExecutor.java:1016)
        at java.base@25.0.3/java.util.concurrent.ThreadPoolExecutor.runWorker(ThreadPoolExecutor.java:1076)
        at java.base@25.0.3/java.util.concurrent.ThreadPoolExecutor$Worker.run(ThreadPoolExecutor.java:614)
        at java.base@25.0.3/java.lang.Thread.runWith(Thread.java:1487)
        at java.base@25.0.3/java.lang.Thread.run(Thread.java:1474)
"IPC Server handler 30 on default port 9862" daemon prio=5 tid=2599 timed_waiting
java.lang.Thread.State: TIMED_WAITING
        at java.base@25.0.3/jdk.internal.misc.Unsafe.park(Native Method)
        at java.base@25.0.3/java.util.concurrent.locks.LockSupport.parkNanos(LockSupport.java:271)
        at java.base@25.0.3/java.util.concurrent.locks.AbstractQueuedSynchronizer$ConditionObject.awaitNanos(AbstractQueuedSynchronizer.java:1803)
        at java.base@25.0.3/java.util.concurrent.LinkedBlockingQueue.poll(LinkedBlockingQueue.java:460)
        at app//org.apache.hadoop.ipc_.CallQueueManager.take(CallQueueManager.java:294)
        at app//org.apache.hadoop.ipc_.Server$Handler.run(Server.java:2634)
"om1-client-thread1" daemon prio=5 tid=2677 timed_waiting
java.lang.Thread.State: TIMED_WAITING
        at java.base@25.0.3/jdk.internal.misc.Unsafe.park(Native Method)
        at java.base@25.0.3/java.util.concurrent.locks.LockSupport.parkNanos(LockSupport.java:408)
        at java.base@25.0.3/java.util.concurrent.LinkedTransferQueue$DualNode.await(LinkedTransferQueue.java:452)
        at java.base@25.0.3/java.util.concurrent.SynchronousQueue$Transferer.xferLifo(SynchronousQueue.java:194)
        at java.base@25.0.3/java.util.concurrent.SynchronousQueue.xfer(SynchronousQueue.java:235)
        at java.base@25.0.3/java.util.concurrent.SynchronousQueue.poll(SynchronousQueue.java:338)
        at java.base@25.0.3/java.util.concurrent.ThreadPoolExecutor.getTask(ThreadPoolExecutor.java:1015)
        at java.base@25.0.3/java.util.concurrent.ThreadPoolExecutor.runWorker(ThreadPoolExecutor.java:1076)
        at java.base@25.0.3/java.util.concurrent.ThreadPoolExecutor$Worker.run(ThreadPoolExecutor.java:614)
        at java.base@25.0.3/java.lang.Thread.runWith(Thread.java:1487)
        at java.base@25.0.3/java.lang.Thread.run(Thread.java:1474)


	at org.apache.ozone.test.GenericTestUtils.waitFor(GenericTestUtils.java:137)
	at org.apache.hadoop.ozone.om.service.TestKeyLifecycleService$Normal.testKeyUpdatedShouldNotGetDeleted(TestKeyLifecycleService.java:2034)
	at java.base/java.lang.reflect.Method.invoke(Method.java:565)
	at java.base/java.util.Optional.ifPresent(Optional.java:178)
	at java.base/java.util.stream.ForEachOps$ForEachOp$OfRef.accept(ForEachOps.java:186)
	at java.base/java.util.stream.ReferencePipeline$3$1.accept(ReferencePipeline.java:214)
	at java.base/java.util.stream.ForEachOps$ForEachOp$OfRef.accept(ForEachOps.java:186)
	at java.base/java.util.stream.ForEachOps$ForEachOp$OfRef.accept(ForEachOps.java:186)
	at java.base/java.util.stream.ReferencePipeline$3$1.accept(ReferencePipeline.java:214)
	at java.base/java.util.Spliterators$ArraySpliterator.forEachRemaining(Spliterators.java:1024)
	at java.base/java.util.stream.AbstractPipeline.copyInto(AbstractPipeline.java:570)
	at java.base/java.util.stream.AbstractPipeline.wrapAndCopyInto(AbstractPipeline.java:560)
	at java.base/java.util.stream.ForEachOps$ForEachOp.evaluateSequential(ForEachOps.java:153)
	at java.base/java.util.stream.ForEachOps$ForEachOp$OfRef.evaluateSequential(ForEachOps.java:176)
	at java.base/java.util.stream.AbstractPipeline.evaluate(AbstractPipeline.java:265)
	at java.base/java.util.stream.ReferencePipeline.forEach(ReferencePipeline.java:632)
	at java.base/java.util.stream.ReferencePipeline$7$1FlatMap.accept(ReferencePipeline.java:293)
	at java.base/java.util.ArrayList$ArrayListSpliterator.forEachRemaining(ArrayList.java:1716)
	at java.base/java.util.stream.AbstractPipeline.copyInto(AbstractPipeline.java:570)
	at java.base/java.util.stream.AbstractPipeline.wrapAndCopyInto(AbstractPipeline.java:560)
	at java.base/java.util.stream.ForEachOps$ForEachOp.evaluateSequential(ForEachOps.java:153)
	at java.base/java.util.stream.ForEachOps$ForEachOp$OfRef.evaluateSequential(ForEachOps.java:176)
	at java.base/java.util.stream.AbstractPipeline.evaluate(AbstractPipeline.java:265)
	at java.base/java.util.stream.ReferencePipeline.forEach(ReferencePipeline.java:632)
	at java.base/java.util.stream.ReferencePipeline$7$1FlatMap.accept(ReferencePipeline.java:293)
	at java.base/java.util.stream.ReferencePipeline$3$1.accept(ReferencePipeline.java:214)
	at java.base/java.util.stream.ReferencePipeline$3$1.accept(ReferencePipeline.java:214)
	at java.base/java.util.stream.ReferencePipeline$3$1.accept(ReferencePipeline.java:214)
	at java.base/java.util.ArrayList$ArrayListSpliterator.forEachRemaining(ArrayList.java:1716)
	at java.base/java.util.stream.AbstractPipeline.copyInto(AbstractPipeline.java:570)
	at java.base/java.util.stream.AbstractPipeline.wrapAndCopyInto(AbstractPipeline.java:560)
	at java.base/java.util.stream.ForEachOps$ForEachOp.evaluateSequential(ForEachOps.java:153)
	at java.base/java.util.stream.ForEachOps$ForEachOp$OfRef.evaluateSequential(ForEachOps.java:176)
	at java.base/java.util.stream.AbstractPipeline.evaluate(AbstractPipeline.java:265)
	at java.base/java.util.stream.ReferencePipeline.forEach(ReferencePipeline.java:632)
	at java.base/java.util.Optional.ifPresent(Optional.java:178)
	at java.base/java.util.stream.ForEachOps$ForEachOp$OfRef.accept(ForEachOps.java:186)
	at java.base/java.util.stream.ReferencePipeline$3$1.accept(ReferencePipeline.java:214)
	at java.base/java.util.stream.ForEachOps$ForEachOp$OfRef.accept(ForEachOps.java:186)
	at java.base/java.util.stream.ForEachOps$ForEachOp$OfRef.accept(ForEachOps.java:186)
	at java.base/java.util.stream.ReferencePipeline$3$1.accept(ReferencePipeline.java:214)
	at java.base/java.util.Spliterators$ArraySpliterator.forEachRemaining(Spliterators.java:1024)
	at java.base/java.util.stream.ReferencePipeline$Head.forEach(ReferencePipeline.java:803)
	at java.base/java.util.stream.ReferencePipeline$7$1FlatMap.accept(ReferencePipeline.java:293)
	at java.base/java.util.stream.ReferencePipeline$3$1.accept(ReferencePipeline.java:214)
	at java.base/java.util.stream.ReferencePipeline$3$1.accept(ReferencePipeline.java:214)
	at java.base/java.util.stream.ReferencePipeline$3$1.accept(ReferencePipeline.java:214)
	at java.base/java.util.Spliterators$ArraySpliterator.forEachRemaining(Spliterators.java:1024)
	at java.base/java.util.stream.AbstractPipeline.copyInto(AbstractPipeline.java:570)
	at java.base/java.util.stream.AbstractPipeline.wrapAndCopyInto(AbstractPipeline.java:560)
	at java.base/java.util.stream.ForEachOps$ForEachOp.evaluateSequential(ForEachOps.java:153)
	at java.base/java.util.stream.ForEachOps$ForEachOp$OfRef.evaluateSequential(ForEachOps.java:176)
	at java.base/java.util.stream.AbstractPipeline.evaluate(AbstractPipeline.java:265)
	at java.base/java.util.stream.ReferencePipeline.forEach(ReferencePipeline.java:632)
	at java.base/java.util.stream.ReferencePipeline$7$1FlatMap.accept(ReferencePipeline.java:293)
	at java.base/java.util.ArrayList$ArrayListSpliterator.forEachRemaining(ArrayList.java:1716)
	at java.base/java.util.stream.AbstractPipeline.copyInto(AbstractPipeline.java:570)
	at java.base/java.util.stream.AbstractPipeline.wrapAndCopyInto(AbstractPipeline.java:560)
	at java.base/java.util.stream.ForEachOps$ForEachOp.evaluateSequential(ForEachOps.java:153)
	at java.base/java.util.stream.ForEachOps$ForEachOp$OfRef.evaluateSequential(ForEachOps.java:176)
	at java.base/java.util.stream.AbstractPipeline.evaluate(AbstractPipeline.java:265)
	at java.base/java.util.stream.ReferencePipeline.forEach(ReferencePipeline.java:632)
	at java.base/java.util.stream.ReferencePipeline$7$1FlatMap.accept(ReferencePipeline.java:293)
	at java.base/java.util.stream.ReferencePipeline$3$1.accept(ReferencePipeline.java:214)
	at java.base/java.util.stream.ReferencePipeline$3$1.accept(ReferencePipeline.java:214)
	at java.base/java.util.stream.ReferencePipeline$3$1.accept(ReferencePipeline.java:214)
	at java.base/java.util.ArrayList$ArrayListSpliterator.forEachRemaining(ArrayList.java:1716)
	at java.base/java.util.stream.AbstractPipeline.copyInto(AbstractPipeline.java:570)
	at java.base/java.util.stream.AbstractPipeline.wrapAndCopyInto(AbstractPipeline.java:560)
	at java.base/java.util.stream.ForEachOps$ForEachOp.evaluateSequential(ForEachOps.java:153)
	at java.base/java.util.stream.ForEachOps$ForEachOp$OfRef.evaluateSequential(ForEachOps.java:176)
	at java.base/java.util.stream.AbstractPipeline.evaluate(AbstractPipeline.java:265)
	at java.base/java.util.stream.ReferencePipeline.forEach(ReferencePipeline.java:632)
	at java.base/java.util.concurrent.ForkJoinTask.doExec(ForkJoinTask.java:511)
	at java.base/java.util.concurrent.ForkJoinPool$WorkQueue.topLevelExec(ForkJoinPool.java:1450)
	at java.base/java.util.concurrent.ForkJoinPool.runWorker(ForkJoinPool.java:2019)
	at java.base/java.util.concurrent.ForkJoinWorkerThread.run(ForkJoinWorkerThread.java:187)

[INFO] Tests run: 0, Failures: 0, Errors: 0, Skipped: 0, Time elapsed: 129.1 s -- in org.apache.hadoop.ozone.om.service.TestKeyLifecycleService
[INFO] Tests run: 0, Failures: 0, Errors: 0, Skipped: 0, Time elapsed: 249.4 s -- in org.apache.hadoop.ozone.om.service.TestKeyLifecycleService
[INFO] Running org.apache.hadoop.ozone.om.service.TestCompactionService
[INFO] Tests run: 6, Failures: 0, Errors: 0, Skipped: 0, Time elapsed: 2.216 s -- in org.apache.hadoop.ozone.om.service.TestCompactionService
[INFO] Running org.apache.hadoop.ozone.om.service.TestSnapshotDeletingService
[INFO] Tests run: 11, Failures: 0, Errors: 0, Skipped: 0, Time elapsed: 3.769 s -- in org.apache.hadoop.ozone.om.service.TestSnapshotDeletingService
[INFO] Running org.apache.hadoop.ozone.om.TestKeyManagerUnit
[INFO] Tests run: 10, Failures: 0, Errors: 0, Skipped: 0, Time elapsed: 16.41 s -- in org.apache.hadoop.ozone.om.TestKeyManagerUnit
[INFO] Running org.apache.hadoop.ozone.om.TestOzoneManagerStarter
[INFO] Tests run: 10, Failures: 0, Errors: 0, Skipped: 0, Time elapsed: 1.174 s -- in org.apache.hadoop.ozone.om.TestOzoneManagerStarter
[INFO] Running org.apache.hadoop.ozone.om.request.key.TestOMKeysDeleteRequestWithFSO
[INFO] Tests run: 10, Failures: 0, Errors: 0, Skipped: 0, Time elapsed: 5.259 s -- in org.apache.hadoop.ozone.om.request.key.TestOMKeysDeleteRequestWithFSO
[INFO] Running org.apache.hadoop.ozone.om.request.key.TestOMKeyCreateRequest
[INFO] Tests run: 79, Failures: 0, Errors: 0, Skipped: 0, Time elapsed: 10.98 s -- in org.apache.hadoop.ozone.om.request.key.TestOMKeyCreateRequest
[INFO] Running org.apache.hadoop.ozone.om.request.key.TestOMDirectoriesPurgeRequestAndResponse
[INFO] Tests run: 12, Failures: 0, Errors: 0, Skipped: 0, Time elapsed: 6.341 s -- in org.apache.hadoop.ozone.om.request.key.TestOMDirectoriesPurgeRequestAndResponse
[INFO] Running org.apache.hadoop.ozone.om.request.key.TestOMAllocateBlockRequestWithFSO
[INFO] Tests run: 12, Failures: 0, Errors: 0, Skipped: 0, Time elapsed: 5.749 s -- in org.apache.hadoop.ozone.om.request.key.TestOMAllocateBlockRequestWithFSO
[INFO] Running org.apache.hadoop.ozone.om.request.key.TestOMOpenKeysDeleteRequest
[INFO] Tests run: 12, Failures: 0, Errors: 0, Skipped: 0, Time elapsed: 5.644 s -- in org.apache.hadoop.ozone.om.request.key.TestOMOpenKeysDeleteRequest
[INFO] Running org.apache.hadoop.ozone.om.request.key.TestOMKeyPurgeRequestAndResponse
[INFO] Tests run: 2, Failures: 0, Errors: 0, Skipped: 0, Time elapsed: 4.517 s -- in org.apache.hadoop.ozone.om.request.key.TestOMKeyPurgeRequestAndResponse
[INFO] Running org.apache.hadoop.ozone.om.request.key.TestOMPrefixAclRequest
[INFO] Tests run: 4, Failures: 0, Errors: 0, Skipped: 0, Time elapsed: 4.349 s -- in org.apache.hadoop.ozone.om.request.key.TestOMPrefixAclRequest
[INFO] Running org.apache.hadoop.ozone.om.request.key.TestOMKeyCommitRequestWithFSO
[INFO] Tests run: 19, Failures: 0, Errors: 0, Skipped: 0, Time elapsed: 5.947 s -- in org.apache.hadoop.ozone.om.request.key.TestOMKeyCommitRequestWithFSO
[INFO] Running org.apache.hadoop.ozone.om.request.key.TestOMKeyRenameRequestWithFSO
[INFO] Tests run: 10, Failures: 0, Errors: 0, Skipped: 0, Time elapsed: 5.197 s -- in org.apache.hadoop.ozone.om.request.key.TestOMKeyRenameRequestWithFSO
[INFO] Running org.apache.hadoop.ozone.om.request.key.TestOMKeysDeleteRequest
[INFO] Tests run: 10, Failures: 0, Errors: 0, Skipped: 0, Time elapsed: 5.385 s -- in org.apache.hadoop.ozone.om.request.key.TestOMKeysDeleteRequest
[INFO] Running org.apache.hadoop.ozone.om.request.key.TestOMSetTimesRequestWithFSO
[INFO] Tests run: 2, Failures: 0, Errors: 0, Skipped: 0, Time elapsed: 4.026 s -- in org.apache.hadoop.ozone.om.request.key.TestOMSetTimesRequestWithFSO
[INFO] Running org.apache.hadoop.ozone.om.request.key.TestOMKeyDeleteRequestWithFSO
[INFO] Tests run: 18, Failures: 0, Errors: 0, Skipped: 0, Time elapsed: 5.879 s -- in org.apache.hadoop.ozone.om.request.key.TestOMKeyDeleteRequestWithFSO
[INFO] Running org.apache.hadoop.ozone.om.request.key.TestOMKeyDeleteRequest
[INFO] Tests run: 16, Failures: 0, Errors: 0, Skipped: 0, Time elapsed: 5.581 s -- in org.apache.hadoop.ozone.om.request.key.TestOMKeyDeleteRequest
[INFO] Running org.apache.hadoop.ozone.om.request.key.TestOMKeysRenameRequest
[INFO] Tests run: 2, Failures: 0, Errors: 0, Skipped: 0, Time elapsed: 4.089 s -- in org.apache.hadoop.ozone.om.request.key.TestOMKeysRenameRequest
[INFO] Running org.apache.hadoop.ozone.om.request.key.TestOMKeyAclRequestWithFSO
[INFO] Tests run: 3, Failures: 0, Errors: 0, Skipped: 0, Time elapsed: 4.211 s -- in org.apache.hadoop.ozone.om.request.key.TestOMKeyAclRequestWithFSO
[INFO] Running org.apache.hadoop.ozone.om.request.key.TestOMKeyRenameRequest
[INFO] Tests run: 7, Failures: 0, Errors: 0, Skipped: 0, Time elapsed: 4.669 s -- in org.apache.hadoop.ozone.om.request.key.TestOMKeyRenameRequest
[INFO] Running org.apache.hadoop.ozone.om.request.key.TestOMKeyCreateRequestWithFSO
[INFO] Tests run: 83, Failures: 0, Errors: 0, Skipped: 0, Time elapsed: 10.91 s -- in org.apache.hadoop.ozone.om.request.key.TestOMKeyCreateRequestWithFSO
[INFO] Running org.apache.hadoop.ozone.om.request.key.TestOMSetTimesRequest
[INFO] Tests run: 1, Failures: 0, Errors: 0, Skipped: 0, Time elapsed: 3.962 s -- in org.apache.hadoop.ozone.om.request.key.TestOMSetTimesRequest
[INFO] Running org.apache.hadoop.ozone.om.request.key.TestOMKeyAclRequest
[INFO] Tests run: 3, Failures: 0, Errors: 0, Skipped: 0, Time elapsed: 4.281 s -- in org.apache.hadoop.ozone.om.request.key.TestOMKeyAclRequest
[INFO] Running org.apache.hadoop.ozone.om.request.key.TestOMAllocateBlockRequest
[INFO] Tests run: 12, Failures: 0, Errors: 0, Skipped: 0, Time elapsed: 5.494 s -- in org.apache.hadoop.ozone.om.request.key.TestOMAllocateBlockRequest
[INFO] Running org.apache.hadoop.ozone.om.request.key.TestOMKeyCommitRequest
[INFO] Tests run: 19, Failures: 0, Errors: 0, Skipped: 0, Time elapsed: 5.958 s -- in org.apache.hadoop.ozone.om.request.key.TestOMKeyCommitRequest
[INFO] Running org.apache.hadoop.ozone.om.request.volume.acl.TestOMVolumeSetAclRequest
[INFO] Tests run: 3, Failures: 0, Errors: 0, Skipped: 0, Time elapsed: 3.475 s -- in org.apache.hadoop.ozone.om.request.volume.acl.TestOMVolumeSetAclRequest
[INFO] Running org.apache.hadoop.ozone.om.request.volume.acl.TestOMVolumeAddAclRequest
[INFO] Tests run: 3, Failures: 0, Errors: 0, Skipped: 0, Time elapsed: 3.834 s -- in org.apache.hadoop.ozone.om.request.volume.acl.TestOMVolumeAddAclRequest
[INFO] Running org.apache.hadoop.ozone.om.request.volume.acl.TestOMVolumeRemoveAclRequest
[INFO] Tests run: 3, Failures: 0, Errors: 0, Skipped: 0, Time elapsed: 3.722 s -- in org.apache.hadoop.ozone.om.request.volume.acl.TestOMVolumeRemoveAclRequest
[INFO] Running org.apache.hadoop.ozone.om.request.volume.TestOMQuotaRepairRequest
[INFO] Tests run: 1, Failures: 0, Errors: 0, Skipped: 0, Time elapsed: 3.358 s -- in org.apache.hadoop.ozone.om.request.volume.TestOMQuotaRepairRequest
[INFO] Running org.apache.hadoop.ozone.om.request.volume.TestOMVolumeSetQuotaRequest
[INFO] Tests run: 8, Failures: 0, Errors: 0, Skipped: 0, Time elapsed: 3.804 s -- in org.apache.hadoop.ozone.om.request.volume.TestOMVolumeSetQuotaRequest
[INFO] Running org.apache.hadoop.ozone.om.request.volume.TestOMVolumeDeleteRequest
[INFO] Tests run: 4, Failures: 0, Errors: 0, Skipped: 0, Time elapsed: 3.728 s -- in org.apache.hadoop.ozone.om.request.volume.TestOMVolumeDeleteRequest
[INFO] Running org.apache.hadoop.ozone.om.request.volume.TestOMVolumeCreateRequest
[INFO] Tests run: 10, Failures: 0, Errors: 0, Skipped: 0, Time elapsed: 3.976 s -- in org.apache.hadoop.ozone.om.request.volume.TestOMVolumeCreateRequest
[INFO] Running org.apache.hadoop.ozone.om.request.volume.TestOMVolumeSetOwnerRequest
[INFO] Tests run: 5, Failures: 0, Errors: 0, Skipped: 0, Time elapsed: 3.789 s -- in org.apache.hadoop.ozone.om.request.volume.TestOMVolumeSetOwnerRequest
[INFO] Running org.apache.hadoop.ozone.om.request.s3.security.TestS3GetSecretRequest
[INFO] Tests run: 10, Failures: 0, Errors: 0, Skipped: 0, Time elapsed: 4.564 s -- in org.apache.hadoop.ozone.om.request.s3.security.TestS3GetSecretRequest
[INFO] Running org.apache.hadoop.ozone.om.request.s3.security.TestS3SecretRequestHelper
[INFO] Tests run: 3, Failures: 0, Errors: 0, Skipped: 0, Time elapsed: 0.198 s -- in org.apache.hadoop.ozone.om.request.s3.security.TestS3SecretRequestHelper
[INFO] Running org.apache.hadoop.ozone.om.request.s3.tenant.TestSetRangerServiceVersionRequest
[INFO] Tests run: 1, Failures: 0, Errors: 0, Skipped: 0, Time elapsed: 3.340 s -- in org.apache.hadoop.ozone.om.request.s3.tenant.TestSetRangerServiceVersionRequest
[INFO] Running org.apache.hadoop.ozone.om.request.s3.tenant.TestOMTenantDeleteRequest
[INFO] Tests run: 1, Failures: 0, Errors: 0, Skipped: 0, Time elapsed: 3.482 s -- in org.apache.hadoop.ozone.om.request.s3.tenant.TestOMTenantDeleteRequest
[INFO] Running org.apache.hadoop.ozone.om.request.s3.tenant.TestOMTenantCreateRequest
[INFO] Tests run: 6, Failures: 0, Errors: 0, Skipped: 0, Time elapsed: 4.230 s -- in org.apache.hadoop.ozone.om.request.s3.tenant.TestOMTenantCreateRequest
[INFO] Running org.apache.hadoop.ozone.om.request.s3.tagging.TestS3PutObjectTaggingRequest
[INFO] Tests run: 6, Failures: 0, Errors: 0, Skipped: 0, Time elapsed: 4.875 s -- in org.apache.hadoop.ozone.om.request.s3.tagging.TestS3PutObjectTaggingRequest
[INFO] Running org.apache.hadoop.ozone.om.request.s3.tagging.TestS3DeleteObjectTaggingRequestWithFSO
[INFO] Tests run: 5, Failures: 0, Errors: 0, Skipped: 0, Time elapsed: 4.408 s -- in org.apache.hadoop.ozone.om.request.s3.tagging.TestS3DeleteObjectTaggingRequestWithFSO
[INFO] Running org.apache.hadoop.ozone.om.request.s3.tagging.TestS3PutBucketTaggingRequest
[INFO] Tests run: 5, Failures: 0, Errors: 0, Skipped: 0, Time elapsed: 3.837 s -- in org.apache.hadoop.ozone.om.request.s3.tagging.TestS3PutBucketTaggingRequest
[INFO] Running org.apache.hadoop.ozone.om.request.s3.tagging.TestS3DeleteBucketTaggingRequest
[INFO] Tests run: 4, Failures: 0, Errors: 0, Skipped: 0, Time elapsed: 3.686 s -- in org.apache.hadoop.ozone.om.request.s3.tagging.TestS3DeleteBucketTaggingRequest
[INFO] Running org.apache.hadoop.ozone.om.request.s3.tagging.TestS3PutObjectTaggingRequestWithFSO
[INFO] Tests run: 7, Failures: 0, Errors: 0, Skipped: 0, Time elapsed: 4.487 s -- in org.apache.hadoop.ozone.om.request.s3.tagging.TestS3PutObjectTaggingRequestWithFSO
[INFO] Running org.apache.hadoop.ozone.om.request.s3.tagging.TestS3DeleteObjectTaggingRequest
[INFO] Tests run: 5, Failures: 0, Errors: 0, Skipped: 0, Time elapsed: 4.344 s -- in org.apache.hadoop.ozone.om.request.s3.tagging.TestS3DeleteObjectTaggingRequest
[INFO] Running org.apache.hadoop.ozone.om.request.s3.multipart.TestS3MultipartUploadAbortRequestWithFSO
[INFO] Tests run: 8, Failures: 0, Errors: 0, Skipped: 0, Time elapsed: 4.373 s -- in org.apache.hadoop.ozone.om.request.s3.multipart.TestS3MultipartUploadAbortRequestWithFSO
[INFO] Running org.apache.hadoop.ozone.om.request.s3.multipart.TestS3InitiateMultipartUploadRequestWithFSO
[INFO] Tests run: 9, Failures: 0, Errors: 0, Skipped: 0, Time elapsed: 4.367 s -- in org.apache.hadoop.ozone.om.request.s3.multipart.TestS3InitiateMultipartUploadRequestWithFSO
[INFO] Running org.apache.hadoop.ozone.om.request.s3.multipart.TestS3InitiateMultipartUploadRequest
[INFO] Tests run: 9, Failures: 0, Errors: 0, Skipped: 0, Time elapsed: 4.499 s -- in org.apache.hadoop.ozone.om.request.s3.multipart.TestS3InitiateMultipartUploadRequest
[INFO] Running org.apache.hadoop.ozone.om.request.s3.multipart.TestS3MultipartUploadCompleteRequest
[INFO] Tests run: 8, Failures: 0, Errors: 0, Skipped: 0, Time elapsed: 4.213 s -- in org.apache.hadoop.ozone.om.request.s3.multipart.TestS3MultipartUploadCompleteRequest
[INFO] Running org.apache.hadoop.ozone.om.request.s3.multipart.TestS3ExpiredMultipartUploadsAbortRequest
[INFO] Tests run: 10, Failures: 0, Errors: 0, Skipped: 0, Time elapsed: 4.990 s -- in org.apache.hadoop.ozone.om.request.s3.multipart.TestS3ExpiredMultipartUploadsAbortRequest
[INFO] Running org.apache.hadoop.ozone.om.request.s3.multipart.TestS3MultipartUploadCommitPartRequestWithFSO
[INFO] Tests run: 19, Failures: 0, Errors: 0, Skipped: 0, Time elapsed: 5.060 s -- in org.apache.hadoop.ozone.om.request.s3.multipart.TestS3MultipartUploadCommitPartRequestWithFSO
[INFO] Running org.apache.hadoop.ozone.om.request.s3.multipart.TestS3MultipartUploadCommitPartRequest
[INFO] Tests run: 19, Failures: 0, Errors: 0, Skipped: 0, Time elapsed: 4.856 s -- in org.apache.hadoop.ozone.om.request.s3.multipart.TestS3MultipartUploadCommitPartRequest
[INFO] Running org.apache.hadoop.ozone.om.request.s3.multipart.TestS3MultipartUploadAbortRequest
[INFO] Tests run: 8, Failures: 0, Errors: 0, Skipped: 0, Time elapsed: 4.336 s -- in org.apache.hadoop.ozone.om.request.s3.multipart.TestS3MultipartUploadAbortRequest
[INFO] Running org.apache.hadoop.ozone.om.request.s3.multipart.TestS3MultipartUploadCompleteRequestWithFSO
[INFO] Tests run: 8, Failures: 0, Errors: 0, Skipped: 0, Time elapsed: 4.578 s -- in org.apache.hadoop.ozone.om.request.s3.multipart.TestS3MultipartUploadCompleteRequestWithFSO
[INFO] Running org.apache.hadoop.ozone.om.request.TestOMClientRequestWithUserInfo
[INFO] Tests run: 2, Failures: 0, Errors: 0, Skipped: 0, Time elapsed: 3.312 s -- in org.apache.hadoop.ozone.om.request.TestOMClientRequestWithUserInfo
[INFO] Running org.apache.hadoop.ozone.om.request.bucket.TestOMBucketSetPropertyRequest
[INFO] Tests run: 12, Failures: 0, Errors: 0, Skipped: 0, Time elapsed: 4.351 s -- in org.apache.hadoop.ozone.om.request.bucket.TestOMBucketSetPropertyRequest
[INFO] Running org.apache.hadoop.ozone.om.request.bucket.TestOMBucketDeleteRequest
[INFO] Tests run: 4, Failures: 0, Errors: 0, Skipped: 0, Time elapsed: 3.658 s -- in org.apache.hadoop.ozone.om.request.bucket.TestOMBucketDeleteRequest
[INFO] Running org.apache.hadoop.ozone.om.request.bucket.TestOMBucketCreateRequestWithFSO
[INFO] Tests run: 23, Failures: 0, Errors: 0, Skipped: 0, Time elapsed: 4.826 s -- in org.apache.hadoop.ozone.om.request.bucket.TestOMBucketCreateRequestWithFSO
[INFO] Running org.apache.hadoop.ozone.om.request.bucket.acl.TestOMBucketRemoveAclRequest
[INFO] Tests run: 3, Failures: 0, Errors: 0, Skipped: 0, Time elapsed: 3.846 s -- in org.apache.hadoop.ozone.om.request.bucket.acl.TestOMBucketRemoveAclRequest
[INFO] Running org.apache.hadoop.ozone.om.request.bucket.acl.TestOMBucketSetAclRequest
[INFO] Tests run: 3, Failures: 0, Errors: 0, Skipped: 0, Time elapsed: 3.405 s -- in org.apache.hadoop.ozone.om.request.bucket.acl.TestOMBucketSetAclRequest
[INFO] Running org.apache.hadoop.ozone.om.request.bucket.acl.TestOMBucketAddAclRequest
[INFO] Tests run: 3, Failures: 0, Errors: 0, Skipped: 0, Time elapsed: 3.601 s -- in org.apache.hadoop.ozone.om.request.bucket.acl.TestOMBucketAddAclRequest
[INFO] Running org.apache.hadoop.ozone.om.request.bucket.TestOMBucketDeleteRequestWithFSO
[INFO] Tests run: 5, Failures: 0, Errors: 0, Skipped: 0, Time elapsed: 3.732 s -- in org.apache.hadoop.ozone.om.request.bucket.TestOMBucketDeleteRequestWithFSO
[INFO] Running org.apache.hadoop.ozone.om.request.bucket.TestOMBucketCreateRequest
[INFO] Tests run: 20, Failures: 0, Errors: 0, Skipped: 0, Time elapsed: 4.857 s -- in org.apache.hadoop.ozone.om.request.bucket.TestOMBucketCreateRequest
[INFO] Running org.apache.hadoop.ozone.om.request.security.TestOMGetDelegationTokenRequest
[INFO] Tests run: 5, Failures: 0, Errors: 0, Skipped: 0, Time elapsed: 3.905 s -- in org.apache.hadoop.ozone.om.request.security.TestOMGetDelegationTokenRequest
[INFO] Running org.apache.hadoop.ozone.om.request.upgrade.TestOMCancelPrepareRequest
[INFO] Tests run: 1, Failures: 0, Errors: 0, Skipped: 0, Time elapsed: 3.991 s -- in org.apache.hadoop.ozone.om.request.upgrade.TestOMCancelPrepareRequest
[INFO] Running org.apache.hadoop.ozone.om.request.file.TestOMFileCreateRequest
[INFO] Tests run: 20, Failures: 0, Errors: 0, Skipped: 0, Time elapsed: 6.243 s -- in org.apache.hadoop.ozone.om.request.file.TestOMFileCreateRequest
[INFO] Running org.apache.hadoop.ozone.om.request.file.TestOMDirectoryCreateRequestWithFSO
[INFO] Tests run: 15, Failures: 0, Errors: 0, Skipped: 0, Time elapsed: 4.594 s -- in org.apache.hadoop.ozone.om.request.file.TestOMDirectoryCreateRequestWithFSO
[INFO] Running org.apache.hadoop.ozone.om.request.file.TestOMFileCreateRequestWithFSO
[INFO] Tests run: 21, Failures: 0, Errors: 0, Skipped: 0, Time elapsed: 6.449 s -- in org.apache.hadoop.ozone.om.request.file.TestOMFileCreateRequestWithFSO
[INFO] Running org.apache.hadoop.ozone.om.request.file.TestOMRecoverLeaseRequest
[INFO] Tests run: 11, Failures: 0, Errors: 0, Skipped: 0, Time elapsed: 9.409 s -- in org.apache.hadoop.ozone.om.request.file.TestOMRecoverLeaseRequest
[INFO] Running org.apache.hadoop.ozone.om.request.file.TestOMDirectoryCreateRequest
[INFO] Tests run: 15, Failures: 0, Errors: 0, Skipped: 0, Time elapsed: 4.734 s -- in org.apache.hadoop.ozone.om.request.file.TestOMDirectoryCreateRequest
[INFO] Running org.apache.hadoop.ozone.om.request.TestBucketLayoutAwareOMKeyFactory
[INFO] Tests run: 2, Failures: 0, Errors: 0, Skipped: 0, Time elapsed: 0.496 s -- in org.apache.hadoop.ozone.om.request.TestBucketLayoutAwareOMKeyFactory
[INFO] Running org.apache.hadoop.ozone.om.request.TestNormalizePaths
[INFO] Tests run: 3, Failures: 0, Errors: 0, Skipped: 0, Time elapsed: 0.324 s -- in org.apache.hadoop.ozone.om.request.TestNormalizePaths
[INFO] Running org.apache.hadoop.ozone.om.request.validation.TestValidatorRegistry
[INFO] Tests run: 11, Failures: 0, Errors: 0, Skipped: 0, Time elapsed: 0.971 s -- in org.apache.hadoop.ozone.om.request.validation.TestValidatorRegistry
[INFO] Running org.apache.hadoop.ozone.om.request.validation.TestRequestValidations
[INFO] Tests run: 14, Failures: 0, Errors: 0, Skipped: 0, Time elapsed: 3.207 s -- in org.apache.hadoop.ozone.om.request.validation.TestRequestValidations
[INFO] Running org.apache.hadoop.ozone.om.request.validation.TestOMValidatorProcessor
[INFO] Tests run: 391, Failures: 0, Errors: 0, Skipped: 0, Time elapsed: 48.58 s -- in org.apache.hadoop.ozone.om.request.validation.TestOMValidatorProcessor
[INFO] Running org.apache.hadoop.ozone.om.request.validation.TestVersionExtractor
[INFO] Tests run: 24, Failures: 0, Errors: 0, Skipped: 0, Time elapsed: 2.807 s -- in org.apache.hadoop.ozone.om.request.validation.TestVersionExtractor
[INFO] Running org.apache.hadoop.ozone.om.request.snapshot.TestOMSnapshotCreateRequest
[INFO] Tests run: 18, Failures: 0, Errors: 0, Skipped: 0, Time elapsed: 5.638 s -- in org.apache.hadoop.ozone.om.request.snapshot.TestOMSnapshotCreateRequest
[INFO] Running org.apache.hadoop.ozone.om.request.snapshot.TestOMSnapshotMoveTableKeysRequest
[INFO] Tests run: 9, Failures: 0, Errors: 0, Skipped: 0, Time elapsed: 6.163 s -- in org.apache.hadoop.ozone.om.request.snapshot.TestOMSnapshotMoveTableKeysRequest
[INFO] Running org.apache.hadoop.ozone.om.request.snapshot.TestOMSnapshotPurgeRequestAndResponse
[INFO] Tests run: 26, Failures: 0, Errors: 0, Skipped: 0, Time elapsed: 15.47 s -- in org.apache.hadoop.ozone.om.request.snapshot.TestOMSnapshotPurgeRequestAndResponse
[INFO] Running org.apache.hadoop.ozone.om.request.snapshot.TestOMSnapshotRenameRequest
[INFO] Tests run: 17, Failures: 0, Errors: 0, Skipped: 0, Time elapsed: 5.330 s -- in org.apache.hadoop.ozone.om.request.snapshot.TestOMSnapshotRenameRequest
[INFO] Running org.apache.hadoop.ozone.om.request.snapshot.TestOMSnapshotDeleteRequest
[INFO] Tests run: 15, Failures: 0, Errors: 0, Skipped: 0, Time elapsed: 5.171 s -- in org.apache.hadoop.ozone.om.request.snapshot.TestOMSnapshotDeleteRequest
[INFO] Running org.apache.hadoop.ozone.om.request.snapshot.TestOMSnapshotSetPropertyRequestAndResponse
[INFO] Tests run: 2, Failures: 0, Errors: 0, Skipped: 0, Time elapsed: 4.096 s -- in org.apache.hadoop.ozone.om.request.snapshot.TestOMSnapshotSetPropertyRequestAndResponse
[INFO] Running org.apache.hadoop.ozone.om.request.lifecycle.TestOMLifecycleConfigurationDeleteRequest
[INFO] Tests run: 10, Failures: 0, Errors: 0, Skipped: 0, Time elapsed: 4.407 s -- in org.apache.hadoop.ozone.om.request.lifecycle.TestOMLifecycleConfigurationDeleteRequest
[INFO] Running org.apache.hadoop.ozone.om.request.lifecycle.TestOMLifecycleSaveScanStateRequest
[INFO] Tests run: 2, Failures: 0, Errors: 0, Skipped: 0, Time elapsed: 2.740 s -- in org.apache.hadoop.ozone.om.request.lifecycle.TestOMLifecycleSaveScanStateRequest
[INFO] Running org.apache.hadoop.ozone.om.request.lifecycle.TestOMLifecycleConfigurationSetRequest
[INFO] Tests run: 11, Failures: 0, Errors: 0, Skipped: 0, Time elapsed: 4.283 s -- in org.apache.hadoop.ozone.om.request.lifecycle.TestOMLifecycleConfigurationSetRequest
[INFO] Running org.apache.hadoop.ozone.om.ratis.TestOzoneManagerRatisRequest
[INFO] Tests run: 2, Failures: 0, Errors: 0, Skipped: 0, Time elapsed: 4.222 s -- in org.apache.hadoop.ozone.om.ratis.TestOzoneManagerRatisRequest
[INFO] Running org.apache.hadoop.ozone.om.ratis.TestOzoneManagerDoubleBufferWithOMResponse
[INFO] Tests run: 6, Failures: 0, Errors: 0, Skipped: 0, Time elapsed: 37.34 s -- in org.apache.hadoop.ozone.om.ratis.TestOzoneManagerDoubleBufferWithOMResponse
[INFO] Running org.apache.hadoop.ozone.om.ratis.TestOzoneManagerDoubleBuffer
[INFO] Tests run: 13, Failures: 0, Errors: 0, Skipped: 0, Time elapsed: 9.659 s -- in org.apache.hadoop.ozone.om.ratis.TestOzoneManagerDoubleBuffer
[INFO] Running org.apache.hadoop.ozone.om.ratis.TestOzoneManagerDoubleBufferWithDummyResponse
[INFO] Tests run: 1, Failures: 0, Errors: 0, Skipped: 0, Time elapsed: 1.702 s -- in org.apache.hadoop.ozone.om.ratis.TestOzoneManagerDoubleBufferWithDummyResponse
[INFO] Running org.apache.hadoop.ozone.om.ratis.TestOzoneManagerStateMachine
[INFO] Tests run: 46, Failures: 0, Errors: 0, Skipped: 0, Time elapsed: 4.646 s -- in org.apache.hadoop.ozone.om.ratis.TestOzoneManagerStateMachine
[INFO] Running org.apache.hadoop.ozone.om.ratis.TestOzoneManagerRatisServer
[INFO] Tests run: 6, Failures: 0, Errors: 0, Skipped: 0, Time elapsed: 12.28 s -- in org.apache.hadoop.ozone.om.ratis.TestOzoneManagerRatisServer
[INFO] Running org.apache.hadoop.ozone.om.lock.TestOzoneLockProvider
[INFO] Tests run: 4, Failures: 0, Errors: 0, Skipped: 0, Time elapsed: 1.861 s -- in org.apache.hadoop.ozone.om.lock.TestOzoneLockProvider
[INFO] Running org.apache.hadoop.ozone.om.lock.TestPoolBasedHierarchicalResourceLockManager
[INFO] Tests run: 39, Failures: 0, Errors: 0, Skipped: 0, Time elapsed: 3.089 s -- in org.apache.hadoop.ozone.om.lock.TestPoolBasedHierarchicalResourceLockManager
[INFO] Running org.apache.hadoop.ozone.om.lock.TestKeyPathLock
[INFO] Tests run: 5, Failures: 0, Errors: 0, Skipped: 0, Time elapsed: 1.002 s -- in org.apache.hadoop.ozone.om.lock.TestKeyPathLock
[INFO] Running org.apache.hadoop.ozone.om.lock.TestOzoneManagerLock
[INFO] Tests run: 58, Failures: 0, Errors: 0, Skipped: 0, Time elapsed: 33.38 s -- in org.apache.hadoop.ozone.om.lock.TestOzoneManagerLock
[INFO] Running org.apache.hadoop.ozone.om.TestAuthorizerLockImpl
[INFO] Tests run: 5, Failures: 0, Errors: 0, Skipped: 0, Time elapsed: 1.613 s -- in org.apache.hadoop.ozone.om.TestAuthorizerLockImpl
[INFO] Running org.apache.hadoop.ozone.om.TestScmClient
[INFO] Tests run: 9, Failures: 0, Errors: 0, Skipped: 0, Time elapsed: 1.578 s -- in org.apache.hadoop.ozone.om.TestScmClient
[INFO] Running org.apache.hadoop.ozone.om.TestOzoneConfigUtil
[INFO] Tests run: 4, Failures: 0, Errors: 0, Skipped: 0, Time elapsed: 1.918 s -- in org.apache.hadoop.ozone.om.TestOzoneConfigUtil
[INFO] Running org.apache.hadoop.ozone.om.TestOzoneManagerListMultipartUploadsAcls
[INFO] Tests run: 4, Failures: 0, Errors: 0, Skipped: 0, Time elapsed: 16.39 s -- in org.apache.hadoop.ozone.om.TestOzoneManagerListMultipartUploadsAcls
[INFO] Running org.apache.hadoop.ozone.om.TestOMDBArchiver
[INFO] Tests run: 3, Failures: 0, Errors: 0, Skipped: 0, Time elapsed: 0.469 s -- in org.apache.hadoop.ozone.om.TestOMDBArchiver
[INFO] Running org.apache.hadoop.ozone.om.TestOmSnapshotManager
[INFO] Tests run: 17, Failures: 0, Errors: 0, Skipped: 0, Time elapsed: 16.43 s -- in org.apache.hadoop.ozone.om.TestOmSnapshotManager
[INFO] 
[INFO] Results:
[INFO] 
[ERROR] Errors: 
[ERROR]   TestKeyLifecycleService$Normal.testKeyUpdatedShouldNotGetDeleted:2034 » Timeout Timed out waiting for condition. Thread diagnostics:
Timestamp: 2026-08-14 06:09:46,289

"IPC Server handler 81 on default port 9862" daemon prio=5 tid=2650 timed_waiting
java.lang.Thread.State: TIMED_WAITING
        at java.base@25.0.3/jdk.internal.misc.Unsafe.park(Native Method)
        at java.base@25.0.3/java.util.concurrent.locks.LockSupport.parkNanos(LockSupport.java:271)
        at java.base@25.0.3/java.util.concurrent.locks.AbstractQueuedSynchronizer$ConditionObject.awaitNanos(AbstractQueuedSynchronizer.java:1803)
        at java.base@25.0.3/java.util.concurrent.LinkedBlockingQueue.poll(LinkedBlockingQueue.java:460)
        at app//org.apache.hadoop.ipc_.CallQueueManager.take(CallQueueManager.java:294)
        at app//org.apache.hadoop.ipc_.Server$Handler.run(Server.java:2634)
"IPC Parameter Sending Thread for 0.0.0.0/0.0.0.0:9862" daemon prio=5 tid=2676 timed_waiting
java.lang.Thread.State: TIMED_WAITING
        at java.base@25.0.3/jdk.internal.misc.Unsafe.park(Native Method)
        at java.base@25.0.3/java.util.concurrent.locks.LockSupport.parkNanos(LockSupport.java:408)
        at java.base@25.0.3/java.util.concurrent.LinkedTransferQueue$DualNode.await(LinkedTransferQueue.java:452)
        at java.base@25.0.3/java.util.concurrent.LinkedTransferQueue.xfer(LinkedTransferQueue.java:613)
        at java.base@25.0.3/java.util.concurrent.SynchronousQueue.xfer(SynchronousQueue.java:235)
        at java.base@25.0.3/java.util.concurrent.SynchronousQueue.poll(SynchronousQueue.java:338)
        at app//org.apache.hadoop.ipc_.Client$Connection$RpcRequestSender.run(Client.java:1052)
        at java.base@25.0.3/java.lang.Thread.runWith(Thread.java:1487)
        at java.base@25.0.3/java.lang.Thread.run(Thread.java:1474)
"om1-OpenKeyCleanupService#0" daemon prio=5 tid=2551 timed_waiting
java.lang.Thread.State: TIMED_WAITING
        at java.base@25.0.3/jdk.internal.misc.Unsafe.park(Native Method)
        at java.base@25.0.3/java.util.concurrent.locks.LockSupport.parkNanos(LockSupport.java:271)
        at java.base@25.0.3/java.util.concurrent.locks.AbstractQueuedSynchronizer$ConditionObject.awaitNanos(AbstractQueuedSynchronizer.java:1803)
        at java.base@25.0.3/java.util.concurrent.ScheduledThreadPoolExecutor$DelayedWorkQueue.take(ScheduledThreadPoolExecutor.java:1166)
        at java.base@25.0.3/java.util.concurrent.ScheduledThreadPoolExecutor$DelayedWorkQueue.take(ScheduledThreadPoolExecutor.java:883)
        at java.base@25.0.3/java.util.concurrent.ThreadPoolExecutor.getTask(ThreadPoolExecutor.java:1016)
        at java.base@25.0.3/java.util.concurrent.ThreadPoolExecutor.runWorker(ThreadPoolExecutor.java:1076)
        at java.base@25.0.3/java.util.concurrent.ThreadPoolExecutor$Worker.run(ThreadPoolExecutor.java:614)
        at java.base@25.0.3/java.lang.Thread.runWith(Thread.java:1487)
        at java.base@25.0.3/java.lang.Thread.run(Thread.java:1474)
"IPC Server handler 15 on default port 9862" daemon prio=5 tid=2584 timed_waiting
java.lang.Thread.State: TIMED_WAITING
        at java.base@25.0.3/jdk.internal.misc.Unsafe.park(Native Method)
        at java.base@25.0.3/java.util.concurrent.locks.LockSupport.parkNanos(LockSupport.java:271)
        at java.base@25.0.3/java.util.concurrent.locks.AbstractQueuedSynchronizer$ConditionObject.awaitNanos(AbstractQueuedSynchronizer.java:1803)
        at java.base@25.0.3/java.util.concurrent.LinkedBlockingQueue.poll(LinkedBlockingQueue.java:460)
        at app//org.apache.hadoop.ipc_.CallQueueManager.take(CallQueueManager.java:294)
        at app//org.apache.hadoop.ipc_.Server$Handler.run(Server.java:2634)
"qtp88341167-2560" daemon prio=5 tid=2560 runnable
java.lang.Thread.State: RUNNABLE
        at java.base@25.0.3/sun.nio.ch.EPoll.wait(Native Method)
        at java.base@25.0.3/sun.nio.ch.EPollSelectorImpl.doSelect(EPollSelectorImpl.java:117)
        at java.base@25.0.3/sun.nio.ch.SelectorImpl.lockAndDoSelect(SelectorImpl.java:130)
        at java.base@25.0.3/sun.nio.ch.SelectorImpl.select(SelectorImpl.java:147)
        at app//org.eclipse.jetty.io.ManagedSelector.nioSelect(ManagedSelector.java:183)
        at app//org.eclipse.jetty.io.ManagedSelector.select(ManagedSelector.java:190)
        at app//org.eclipse.jetty.io.ManagedSelector$SelectorProducer.select(ManagedSelector.java:606)
        at app//org.eclipse.jetty.io.ManagedSelector$SelectorProducer.produce(ManagedSelector.java:543)
        at app//org.eclipse.jetty.util.thread.strategy.EatWhatYouKill.produceTask(EatWhatYouKill.java:362)
        at app//org.eclipse.jetty.util.thread.strategy.EatWhatYouKill.doProduce(EatWhatYouKill.java:186)
        at app//org.eclipse.jetty.util.thread.strategy.EatWhatYouKill.tryProduce(EatWhatYouKill.java:173)
        at app//org.eclipse.jetty.util.thread.strategy.EatWhatYouKill.produce(EatWhatYouKill.java:137)
        at app//org.eclipse.jetty.io.ManagedSelector$$Lambda/0x00000000079d1568.run(Unknown Source)
        at app//org.eclipse.jetty.util.thread.QueuedThreadPool.runJob(QueuedThreadPool.java:883)
        at app//org.eclipse.jetty.util.thread.QueuedThreadPool$Runner.run(QueuedThreadPool.java:1034)
        at java.base@25.0.3/java.lang.Thread.runWith(Thread.java:1487)
        at java.base@25.0.3/java.lang.Thread.run(Thread.java:1474)
"om1-KeyLifecycleService#1" daemon prio=5 tid=2558 in Object.wait()
java.lang.Thread.State: WAITING (on object monitor)
        at java.base@25.0.3/jdk.internal.misc.Unsafe.park(Native Method)
        at java.base@25.0.3/java.util.concurrent.locks.LockSupport.park(LockSupport.java:369)
        at java.base@25.0.3/java.util.concurrent.locks.AbstractQueuedSynchronizer$ConditionNode.block(AbstractQueuedSynchronizer.java:520)
        at java.base@25.0.3/java.util.concurrent.ForkJoinPool.unmanagedBlock(ForkJoinPool.java:4364)
        at java.base@25.0.3/java.util.concurrent.ForkJoinPool.managedBlock(ForkJoinPool.java:4310)
        at java.base@25.0.3/java.util.concurrent.locks.AbstractQueuedSynchronizer$ConditionObject.await(AbstractQueuedSynchronizer.java:1752)
        at java.base@25.0.3/java.util.concurrent.ScheduledThreadPoolExecutor$DelayedWorkQueue.take(ScheduledThreadPoolExecutor.java:1161)
        at java.base@25.0.3/java.util.concurrent.ScheduledThreadPoolExecutor$DelayedWorkQueue.take(ScheduledThreadPoolExecutor.java:883)
        at java.base@25.0.3/java.util.concurrent.ThreadPoolExecutor.getTask(ThreadPoolExecutor.java:1016)
        at java.base@25.0.3/java.util.concurrent.ThreadPoolExecutor.runWorker(ThreadPoolExecutor.java:1076)
        at java.base@25.0.3/java.util.concurrent.ThreadPoolExecutor$Worker.run(ThreadPoolExecutor.java:614)
        at java.base@25.0.3/java.lang.Thread.runWith(Thread.java:1487)
        at java.base@25.0.3/java.lang.Thread.run(Thread.java:1474)
"om1-SstFilteringService#0" daemon prio=5 tid=2554 timed_waiting
java.lang.Thread.State: TIMED_WAITING
        at java.base@25.0.3/jdk.internal.misc.Unsafe.park(Native Method)
        at java.base@25.0.3/java.util.concurrent.locks.LockSupport.parkNanos(LockSupport.java:271)
        at java.base@25.0.3/java.util.concurrent.locks.AbstractQueuedSynchronizer$ConditionObject.awaitNanos(AbstractQueuedSynchronizer.java:1803)
        at java.base@25.0.3/java.util.concurrent.ScheduledThreadPoolExecutor$DelayedWorkQueue.take(ScheduledThreadPoolExecutor.java:1166)
        at java.base@25.0.3/java.util.concurrent.ScheduledThreadPoolExecutor$DelayedWorkQueue.take(ScheduledThreadPoolExecutor.java:883)
        at java.base@25.0.3/java.util.concurrent.ThreadPoolExecutor.getTask(ThreadPoolExecutor.java:1016)
        at java.base@25.0.3/java.util.concurrent.ThreadPoolExecutor.runWorker(ThreadPoolExecutor.java:1076)
        at java.base@25.0.3/java.util.concurrent.ThreadPoolExecutor$Worker.run(ThreadPoolExecutor.java:614)
        at java.base@25.0.3/java.lang.Thread.runWith(Thread.java:1487)
        at java.base@25.0.3/java.lang.Thread.run(Thread.java:1474)
"fileTable_PartialTableCache-Cleanup-0" daemon prio=5 tid=1088 in Object.wait()
java.lang.Thread.State: WAITING (on object monitor)
        at java.base@25.0.3/jdk.internal.misc.Unsafe.park(Native Method)
        at java.base@25.0.3/java.util.concurrent.locks.LockSupport.park(LockSupport.java:369)
        at java.base@25.0.3/java.util.concurrent.locks.AbstractQueuedSynchronizer$ConditionNode.block(AbstractQueuedSynchronizer.java:520)
        at java.base@25.0.3/java.util.concurrent.ForkJoinPool.unmanagedBlock(ForkJoinPool.java:4364)
        at java.base@25.0.3/java.util.concurrent.ForkJoinPool.managedBlock(ForkJoinPool.java:4310)
        at java.base@25.0.3/java.util.concurrent.locks.AbstractQueuedSynchronizer$ConditionObject.await(AbstractQueuedSynchronizer.java:1752)
        at java.base@25.0.3/java.util.concurrent.LinkedBlockingQueue.take(LinkedBlockingQueue.java:435)
        at java.base@25.0.3/java.util.concurrent.ThreadPoolExecutor.getTask(ThreadPoolExecutor.java:1016)
        at java.base@25.0.3/java.util.concurrent.ThreadPoolExecutor.runWorker(ThreadPoolExecutor.java:1076)
        at java.base@25.0.3/java.util.concurrent.ThreadPoolExecutor$Worker.run(ThreadPoolExecutor.java:614)
        at java.base@25.0.3/java.lang.Thread.runWith(Thread.java:1487)
        at java.base@25.0.3/java.lang.Thread.run(Thread.java:1474)
"snapshotRenamedTable_PartialTableCache-Cleanup-0" daemon prio=5 tid=2683 in Object.wait()
java.lang.Thread.State: WAITING (on object monitor)
        at java.base@25.0.3/jdk.internal.misc.Unsafe.park(Native Method)
        at java.base@25.0.3/java.util.concurrent.locks.LockSupport.park(LockSupport.java:369)
        at java.base@25.0.3/java.util.concurrent.locks.AbstractQueuedSynchronizer$ConditionNode.block(AbstractQueuedSynchronizer.java:520)
        at java.base@25.0.3/java.util.concurrent.ForkJoinPool.unmanagedBlock(ForkJoinPool.java:4364)
        at java.base@25.0.3/java.util.concurrent.ForkJoinPool.managedBlock(ForkJoinPool.java:4310)
        at java.base@25.0.3/java.util.concurrent.locks.AbstractQueuedSynchronizer$ConditionObject.await(AbstractQueuedSynchronizer.java:1752)
        at java.base@25.0.3/java.util.concurrent.LinkedBlockingQueue.take(LinkedBlockingQueue.java:435)
        at java.base@25.0.3/java.util.concurrent.ThreadPoolExecutor.getTask(ThreadPoolExecutor.java:1016)
        at java.base@25.0.3/java.util.concurrent.ThreadPoolExecutor.runWorker(ThreadPoolExecutor.java:1076)
        at java.base@25.0.3/java.util.concurrent.ThreadPoolExecutor$Worker.run(ThreadPoolExecutor.java:614)
        at java.base@25.0.3/java.lang.Thread.runWith(Thread.java:1487)
        at java.base@25.0.3/java.lang.Thread.run(Thread.java:1474)
"lifecycleConfigurationTable_FullTableCache-Cleanup-0" daemon prio=5 tid=591 timed_waiting
java.lang.Thread.State: TIMED_WAITING
        at java.base@25.0.3/jdk.internal.misc.Unsafe.park(Native Method)
        at java.base@25.0.3/java.util.concurrent.locks.LockSupport.parkNanos(LockSupport.java:271)
        at java.base@25.0.3/java.util.concurrent.locks.AbstractQueuedSynchronizer$ConditionObject.awaitNanos(AbstractQueuedSynchronizer.java:1803)
        at java.base@25.0.3/java.util.concurrent.ScheduledThreadPoolExecutor$DelayedWorkQueue.take(ScheduledThreadPoolExecutor.java:1166)
        at java.base@25.0.3/java.util.concurrent.ScheduledThreadPoolExecutor$DelayedWorkQueue.take(ScheduledThreadPoolExecutor.java:883)
        at java.base@25.0.3/java.util.concurrent.ThreadPoolExecutor.getTask(ThreadPoolExecutor.java:1016)
        at java.base@25.0.3/java.util.concurrent.ThreadPoolExecutor.runWorker(ThreadPoolExecutor.java:1076)
        at java.base@25.0.3/java.util.concurrent.ThreadPoolExecutor$Worker.run(ThreadPoolExecutor.java:614)
        at java.base@25.0.3/java.lang.Thread.runWith(Thread.java:1487)
        at java.base@25.0.3/java.lang.Thread.run(Thread.java:1474)
"IPC Server handler 57 on default port 9862" daemon prio=5 tid=2626 timed_waiting
java.lang.Thread.State: TIMED_WAITING
        at java.base@25.0.3/jdk.internal.misc.Unsafe.park(Native Method)
        at java.base@25.0.3/java.util.concurrent.locks.LockSupport.parkNanos(LockSupport.java:271)
        at java.base@25.0.3/java.util.concurrent.locks.AbstractQueuedSynchronizer$ConditionObject.awaitNanos(AbstractQueuedSynchronizer.java:1803)
        at java.base@25.0.3/java.util.concurrent.LinkedBlockingQueue.poll(LinkedBlockingQueue.java:460)
        at app//org.apache.hadoop.ipc_.CallQueueManager.take(CallQueueManager.java:294)
        at app//org.apache.hadoop.ipc_.Server$Handler.run(Server.java:2634)
"IPC Server handler 82 on default port 9862" daemon prio=5 tid=2651 timed_waiting
java.lang.Thread.State: TIMED_WAITING
        at java.base@25.0.3/jdk.internal.misc.Unsafe.park(Native Method)
        at java.base@25.0.3/java.util.concurrent.locks.LockSupport.parkNanos(LockSupport.java:271)
        at java.base@25.0.3/java.util.concurrent.locks.AbstractQueuedSynchronizer$ConditionObject.awaitNanos(AbstractQueuedSynchronizer.java:1803)
        at java.base@25.0.3/java.util.concurrent.LinkedBlockingQueue.poll(LinkedBlockingQueue.java:460)
        at app//org.apache.hadoop.ipc_.CallQueueManager.take(CallQueueManager.java:294)
        at app//org.apache.hadoop.ipc_.Server$Handler.run(Server.java:2634)
"om1-OMDoubleBufferFlushThread" daemon prio=5 tid=2522 timed_waiting
java.lang.Thread.State: TIMED_WAITING
        at java.base@25.0.3/java.lang.Object.wait0(Native Method)
        at java.base@25.0.3/java.lang.Object.wait(Object.java:389)
        at app//org.apache.hadoop.ozone.om.ratis.OzoneManagerDoubleBuffer.canFlush(OzoneManagerDoubleBuffer.java:576)
        at app//org.apache.hadoop.ozone.om.ratis.OzoneManagerDoubleBuffer.flushTransactions(OzoneManagerDoubleBuffer.java:296)
        at app//org.apache.hadoop.ozone.om.ratis.OzoneManagerDoubleBuffer$$Lambda/0x000000000773b670.run(Unknown Source)
        at java.base@25.0.3/java.lang.Thread.runWith(Thread.java:1487)
        at java.base@25.0.3/java.lang.Thread.run(Thread.java:1474)
"lifecycleConfigurationTable_FullTableCache-Cleanup-0" daemon prio=5 tid=2517 timed_waiting
java.lang.Thread.State: TIMED_WAITING
        at java.base@25.0.3/jdk.internal.misc.Unsafe.park(Native Method)
        at java.base@25.0.3/java.util.concurrent.locks.LockSupport.parkNanos(LockSupport.java:271)
        at java.base@25.0.3/java.util.concurrent.locks.AbstractQueuedSynchronizer$ConditionObject.awaitNanos(AbstractQueuedSynchronizer.java:1803)
        at java.base@25.0.3/java.util.concurrent.ScheduledThreadPoolExecutor$DelayedWorkQueue.take(ScheduledThreadPoolExecutor.java:1166)
        at java.base@25.0.3/java.util.concurrent.ScheduledThreadPoolExecutor$DelayedWorkQueue.take(ScheduledThreadPoolExecutor.java:883)
        at java.base@25.0.3/java.util.concurrent.ThreadPoolExecutor.getTask(ThreadPoolExecutor.java:1016)
        at java.base@25.0.3/java.util.concurrent.ThreadPoolExecutor.runWorker(ThreadPoolExecutor.java:1076)
        at java.base@25.0.3/java.util.concurrent.ThreadPoolExecutor$Worker.run(ThreadPoolExecutor.java:614)
        at java.base@25.0.3/java.lang.Thread.runWith(Thread.java:1487)
        at java.base@25.0.3/java.lang.Thread.run(Thread.java:1474)
"om1-MultipartUploadCleanupService#0" daemon prio=5 tid=2556 timed_waiting
java.lang.Thread.State: TIMED_WAITING
        at java.base@25.0.3/jdk.internal.misc.Unsafe.park(Native Method)
        at java.base@25.0.3/java.util.concurrent.locks.LockSupport.parkNanos(LockSupport.java:271)
        at java.base@25.0.3/java.util.concurrent.locks.AbstractQueuedSynchronizer$ConditionObject.awaitNanos(AbstractQueuedSynchronizer.java:1803)
        at java.base@25.0.3/java.util.concurrent.ScheduledThreadPoolExecutor$DelayedWorkQueue.take(ScheduledThreadPoolExecutor.java:1166)
        at java.base@25.0.3/java.util.concurrent.ScheduledThreadPoolExecutor$DelayedWorkQueue.take(ScheduledThreadPoolExecutor.java:883)
        at java.base@25.0.3/java.util.concurrent.ThreadPoolExecutor.getTask(ThreadPoolExecutor.java:1016)
        at java.base@25.0.3/java.util.concurrent.ThreadPoolExecutor.runWorker(ThreadPoolExecutor.java:1076)
        at java.base@25.0.3/java.util.concurrent.ThreadPoolExecutor$Worker.run(ThreadPoolExecutor.java:614)
        at java.base@25.0.3/java.lang.Thread.runWith(Thread.java:1487)
        at java.base@25.0.3/java.lang.Thread.run(Thread.java:1474)
"IPC Server handler 97 on default port 9862" daemon prio=5 tid=2666 timed_waiting
java.lang.Thread.State: TIMED_WAITING
        at java.base@25.0.3/jdk.internal.misc.Unsafe.park(Native Method)
        at java.base@25.0.3/java.util.concurrent.locks.LockSupport.parkNanos(LockSupport.java:271)
        at java.base@25.0.3/java.util.concurrent.locks.AbstractQueuedSynchronizer$ConditionObject.awaitNanos(AbstractQueuedSynchronizer.java:1803)
        at java.base@25.0.3/java.util.concurrent.LinkedBlockingQueue.poll(LinkedBlockingQueue.java:460)
        at app//org.apache.hadoop.ipc_.CallQueueManager.take(CallQueueManager.java:294)
        at app//org.apache.hadoop.ipc_.Server$Handler.run(Server.java:2634)
"IPC Server handler 26 on default port 9862" daemon prio=5 tid=2595 timed_waiting
java.lang.Thread.State: TIMED_WAITING
        at java.base@25.0.3/jdk.internal.misc.Unsafe.park(Native Method)
        at java.base@25.0.3/java.util.concurrent.locks.LockSupport.parkNanos(LockSupport.java:271)
        at java.base@25.0.3/java.util.concurrent.locks.AbstractQueuedSynchronizer$ConditionObject.awaitNanos(AbstractQueuedSynchronizer.java:1803)
        at java.base@25.0.3/java.util.concurrent.LinkedBlockingQueue.poll(LinkedBlockingQueue.java:460)
        at app//org.apache.hadoop.ipc_.CallQueueManager.take(CallQueueManager.java:294)
        at app//org.apache.hadoop.ipc_.Server$Handler.run(Server.java:2634)
"Finalizer" daemon prio=8 tid=14 in Object.wait()
java.lang.Thread.State: WAITING (on object monitor)
        at java.base@25.0.3/java.lang.Object.wait0(Native Method)
        at java.base@25.0.3/java.lang.Object.wait(Object.java:389)
        at java.base@25.0.3/java.lang.Object.wait(Object.java:351)
        at java.base@25.0.3/java.lang.ref.ReferenceQueue.remove0(ReferenceQueue.java:137)
        at java.base@25.0.3/java.lang.ref.ReferenceQueue.remove(ReferenceQueue.java:215)
        at java.base@25.0.3/java.lang.ref.Finalizer$FinalizerThread.run(Finalizer.java:165)
"om1@group-C5BA1605619E-SegmentedRaftLogWorker" daemon prio=5 tid=2539 timed_waiting
java.lang.Thread.State: TIMED_WAITING
        at java.base@25.0.3/jdk.internal.misc.Unsafe.park(Native Method)
        at java.base@25.0.3/java.util.concurrent.locks.LockSupport.parkNanos(LockSupport.java:271)
        at java.base@25.0.3/java.util.concurrent.locks.AbstractQueuedSynchronizer$ConditionObject.awaitNanos(AbstractQueuedSynchronizer.java:1803)
        at app//org.apache.ratis.util.DataBlockingQueue.poll(DataBlockingQueue.java:148)
        at app//org.apache.ratis.server.raftlog.segmented.SegmentedRaftLogWorker.run(SegmentedRaftLogWorker.java:309)
        at app//org.apache.ratis.server.raftlog.segmented.SegmentedRaftLogWorker$$Lambda/0x0000000007908460.run(Unknown Source)
        at java.base@25.0.3/java.util.concurrent.Executors$RunnableAdapter.call(Executors.java:545)
        at java.base@25.0.3/java.util.concurrent.FutureTask.run(FutureTask.java:328)
        at java.base@25.0.3/java.util.concurrent.ThreadPoolExecutor.runWorker(ThreadPoolExecutor.java:1090)
        at java.base@25.0.3/java.util.concurrent.ThreadPoolExecutor$Worker.run(ThreadPoolExecutor.java:614)
        at java.base@25.0.3/java.lang.Thread.runWith(Thread.java:1487)
        at java.base@25.0.3/java.lang.Thread.run(Thread.java:1474)
"IPC Server handler 88 on default port 9862" daemon prio=5 tid=2657 timed_waiting
java.lang.Thread.State: TIMED_WAITING
        at java.base@25.0.3/jdk.internal.misc.Unsafe.park(Native Method)
        at java.base@25.0.3/java.util.concurrent.locks.LockSupport.parkNanos(LockSupport.java:271)
        at java.base@25.0.3/java.util.concurrent.locks.AbstractQueuedSynchronizer$ConditionObject.awaitNanos(AbstractQueuedSynchronizer.java:1803)
        at java.base@25.0.3/java.util.concurrent.LinkedBlockingQueue.poll(LinkedBlockingQueue.java:460)
        at app//org.apache.hadoop.ipc_.CallQueueManager.take(CallQueueManager.java:294)
        at app//org.apache.hadoop.ipc_.Server$Handler.run(Server.java:2634)
"keyTable_PartialTableCache-Cleanup-0" daemon prio=5 tid=248 in Object.wait()
java.lang.Thread.State: WAITING (on object monitor)
        at java.base@25.0.3/jdk.internal.misc.Unsafe.park(Native Method)
        at java.base@25.0.3/java.util.concurrent.locks.LockSupport.park(LockSupport.java:369)
        at java.base@25.0.3/java.util.concurrent.locks.AbstractQueuedSynchronizer$ConditionNode.block(AbstractQueuedSynchronizer.java:520)
        at java.base@25.0.3/java.util.concurrent.ForkJoinPool.unmanagedBlock(ForkJoinPool.java:4364)
        at java.base@25.0.3/java.util.concurrent.ForkJoinPool.managedBlock(ForkJoinPool.java:4310)
        at java.base@25.0.3/java.util.concurrent.locks.AbstractQueuedSynchronizer$ConditionObject.await(AbstractQueuedSynchronizer.java:1752)
        at java.base@25.0.3/java.util.concurrent.LinkedBlockingQueue.take(LinkedBlockingQueue.java:435)
        at java.base@25.0.3/java.util.concurrent.ThreadPoolExecutor.getTask(ThreadPoolExecutor.java:1016)
        at java.base@25.0.3/java.util.concurrent.ThreadPoolExecutor.runWorker(ThreadPoolExecutor.java:1076)
        at java.base@25.0.3/java.util.concurrent.ThreadPoolExecutor$Worker.run(ThreadPoolExecutor.java:614)
        at java.base@25.0.3/java.lang.Thread.runWith(Thread.java:1487)
        at java.base@25.0.3/java.lang.Thread.run(Thread.java:1474)
"IPC Server listener on 9862" daemon prio=5 tid=2525 runnable
java.lang.Thread.State: RUNNABLE
        at java.base@25.0.3/sun.nio.ch.EPoll.wait(Native Method)
        at java.base@25.0.3/sun.nio.ch.EPollSelectorImpl.doSelect(EPollSelectorImpl.java:117)
        at java.base@25.0.3/sun.nio.ch.SelectorImpl.lockAndDoSelect(SelectorImpl.java:130)
        at java.base@25.0.3/sun.nio.ch.SelectorImpl.select(SelectorImpl.java:147)
        at app//org.apache.hadoop.ipc_.Server$Listener.run(Server.java:1066)
"process reaper" daemon prio=10 tid=33 timed_waiting
java.lang.Thread.State: TIMED_WAITING
        at java.base@25.0.3/jdk.internal.misc.Unsafe.park(Native Method)
        at java.base@25.0.3/java.util.concurrent.locks.LockSupport.parkNanos(LockSupport.java:408)
        at java.base@25.0.3/java.util.concurrent.LinkedTransferQueue$DualNode.await(LinkedTransferQueue.java:452)
        at java.base@25.0.3/java.util.concurrent.SynchronousQueue$Transferer.xferLifo(SynchronousQueue.java:194)
        at java.base@25.0.3/java.util.concurrent.SynchronousQueue.xfer(SynchronousQueue.java:235)
        at java.base@25.0.3/java.util.concurrent.SynchronousQueue.poll(SynchronousQueue.java:338)
        at java.base@25.0.3/java.util.concurrent.ThreadPoolExecutor.getTask(ThreadPoolExecutor.java:1015)
        at java.base@25.0.3/java.util.concurrent.ThreadPoolExecutor.runWorker(ThreadPoolExecutor.java:1076)
        at java.base@25.0.3/java.util.concurrent.ThreadPoolExecutor$Worker.run(ThreadPoolExecutor.java:614)
        at java.base@25.0.3/java.lang.Thread.runWith(Thread.java:1487)
        at java.base@25.0.3/java.lang.Thread.run(Thread.java:1474)
        at java.base@25.0.3/jdk.internal.misc.InnocuousThread.run(InnocuousThread.java:148)
"IPC Server handler 78 on default port 9862" daemon prio=5 tid=2647 timed_waiting
java.lang.Thread.State: TIMED_WAITING
        at java.base@25.0.3/jdk.internal.misc.Unsafe.park(Native Method)
        at java.base@25.0.3/java.util.concurrent.locks.LockSupport.parkNanos(LockSupport.java:271)
        at java.base@25.0.3/java.util.concurrent.locks.AbstractQueuedSynchronizer$ConditionObject.awaitNanos(AbstractQueuedSynchronizer.java:1803)
        at java.base@25.0.3/java.util.concurrent.LinkedBlockingQueue.poll(LinkedBlockingQueue.java:460)
        at app//org.apache.hadoop.ipc_.CallQueueManager.take(CallQueueManager.java:294)
        at app//org.apache.hadoop.ipc_.Server$Handler.run(Server.java:2634)
"NetworkTopologyPoller" daemon prio=5 tid=2546 timed_waiting
java.lang.Thread.State: TIMED_WAITING
        at java.base@25.0.3/jdk.internal.misc.Unsafe.park(Native Method)
        at java.base@25.0.3/java.util.concurrent.locks.LockSupport.parkNanos(LockSupport.java:271)
        at java.base@25.0.3/java.util.concurrent.locks.AbstractQueuedSynchronizer$ConditionObject.awaitNanos(AbstractQueuedSynchronizer.java:1803)
        at java.base@25.0.3/java.util.concurrent.ScheduledThreadPoolExecutor$DelayedWorkQueue.take(ScheduledThreadPoolExecutor.java:1166)
        at java.base@25.0.3/java.util.concurrent.ScheduledThreadPoolExecutor$DelayedWorkQueue.take(ScheduledThreadPoolExecutor.java:883)
        at java.base@25.0.3/java.util.concurrent.ThreadPoolExecutor.getTask(ThreadPoolExecutor.java:1016)
        at java.base@25.0.3/java.util.concurrent.ThreadPoolExecutor.runWorker(ThreadPoolExecutor.java:1076)
        at java.base@25.0.3/java.util.concurrent.ThreadPoolExecutor$Worker.run(ThreadPoolExecutor.java:614)
        at java.base@25.0.3/java.lang.Thread.runWith(Thread.java:1487)
        at java.base@25.0.3/java.lang.Thread.run(Thread.java:1474)
"bucketTable_FullTableCache-Cleanup-0" daemon prio=5 tid=924 timed_waiting
java.lang.Thread.State: TIMED_WAITING
        at java.base@25.0.3/jdk.internal.misc.Unsafe.park(Native Method)
        at java.base@25.0.3/java.util.concurrent.locks.LockSupport.parkNanos(LockSupport.java:271)
        at java.base@25.0.3/java.util.concurrent.locks.AbstractQueuedSynchronizer$ConditionObject.awaitNanos(AbstractQueuedSynchronizer.java:1803)
        at java.base@25.0.3/java.util.concurrent.ScheduledThreadPoolExecutor$DelayedWorkQueue.take(ScheduledThreadPoolExecutor.java:1166)
        at java.base@25.0.3/java.util.concurrent.ScheduledThreadPoolExecutor$DelayedWorkQueue.take(ScheduledThreadPoolExecutor.java:883)
        at java.base@25.0.3/java.util.concurrent.ThreadPoolExecutor.getTask(ThreadPoolExecutor.java:1016)
        at java.base@25.0.3/java.util.concurrent.ThreadPoolExecutor.runWorker(ThreadPoolExecutor.java:1076)
        at java.base@25.0.3/java.util.concurrent.ThreadPoolExecutor$Worker.run(ThreadPoolExecutor.java:614)
        at java.base@25.0.3/java.lang.Thread.runWith(Thread.java:1487)
        at java.base@25.0.3/java.lang.Thread.run(Thread.java:1474)
"IPC Server handler 53 on default port 9862" daemon prio=5 tid=2622 timed_waiting
java.lang.Thread.State: TIMED_WAITING
        at java.base@25.0.3/jdk.internal.misc.Unsafe.park(Native Method)
        at java.base@25.0.3/java.util.concurrent.locks.LockSupport.parkNanos(LockSupport.java:271)
        at java.base@25.0.3/java.util.concurrent.locks.AbstractQueuedSynchronizer$ConditionObject.awaitNanos(AbstractQueuedSynchronizer.java:1803)
        at java.base@25.0.3/java.util.concurrent.LinkedBlockingQueue.poll(LinkedBlockingQueue.java:460)
        at app//org.apache.hadoop.ipc_.CallQueueManager.take(CallQueueManager.java:294)
        at app//org.apache.hadoop.ipc_.Server$Handler.run(Server.java:2634)
"IPC Server handler 20 on default port 9862" daemon prio=5 tid=2589 timed_waiting
java.lang.Thread.State: TIMED_WAITING
        at java.base@25.0.3/jdk.internal.misc.Unsafe.park(Native Method)
        at java.base@25.0.3/java.util.concurrent.locks.LockSupport.parkNanos(LockSupport.java:271)
        at java.base@25.0.3/java.util.concurrent.locks.AbstractQueuedSynchronizer$ConditionObject.awaitNanos(AbstractQueuedSynchronizer.java:1803)
        at java.base@25.0.3/java.util.concurrent.LinkedBlockingQueue.poll(LinkedBlockingQueue.java:460)
        at app//org.apache.hadoop.ipc_.CallQueueManager.take(CallQueueManager.java:294)
        at app//org.apache.hadoop.ipc_.Server$Handler.run(Server.java:2634)
"om1-SnapshotDeletingService#0" daemon prio=5 tid=2555 timed_waiting
java.lang.Thread.State: TIMED_WAITING
        at java.base@25.0.3/jdk.internal.misc.Unsafe.park(Native Method)
        at java.base@25.0.3/java.util.concurrent.locks.LockSupport.parkNanos(LockSupport.java:271)
        at java.base@25.0.3/java.util.concurrent.locks.AbstractQueuedSynchronizer$ConditionObject.awaitNanos(AbstractQueuedSynchronizer.java:1803)
        at java.base@25.0.3/java.util.concurrent.ScheduledThreadPoolExecutor$DelayedWorkQueue.take(ScheduledThreadPoolExecutor.java:1166)
        at java.base@25.0.3/java.util.concurrent.ScheduledThreadPoolExecutor$DelayedWorkQueue.take(ScheduledThreadPoolExecutor.java:883)
        at java.base@25.0.3/java.util.concurrent.ThreadPoolExecutor.getTask(ThreadPoolExecutor.java:1016)
        at java.base@25.0.3/java.util.concurrent.ThreadPoolExecutor.runWorker(ThreadPoolExecutor.java:1076)
        at java.base@25.0.3/java.util.concurrent.ThreadPoolExecutor$Worker.run(ThreadPoolExecutor.java:614)
        at java.base@25.0.3/java.lang.Thread.runWith(Thread.java:1487)
        at java.base@25.0.3/java.lang.Thread.run(Thread.java:1474)
"volumeTable_FullTableCache-Cleanup-0" daemon prio=5 tid=589 timed_waiting
java.lang.Thread.State: TIMED_WAITING
        at java.base@25.0.3/jdk.internal.misc.Unsafe.park(Native Method)
        at java.base@25.0.3/java.util.concurrent.locks.LockSupport.parkNanos(LockSupport.java:271)
        at java.base@25.0.3/java.util.concurrent.locks.AbstractQueuedSynchronizer$ConditionObject.awaitNanos(AbstractQueuedSynchronizer.java:1803)
        at java.base@25.0.3/java.util.concurrent.ScheduledThreadPoolExecutor$DelayedWorkQueue.take(ScheduledThreadPoolExecutor.java:1166)
        at java.base@25.0.3/java.util.concurrent.ScheduledThreadPoolExecutor$DelayedWorkQueue.take(ScheduledThreadPoolExecutor.java:883)
        at java.base@25.0.3/java.util.concurrent.ThreadPoolExecutor.getTask(ThreadPoolExecutor.java:1016)
        at java.base@25.0.3/java.util.concurrent.ThreadPoolExecutor.runWorker(ThreadPoolExecutor.java:1076)
        at java.base@25.0.3/java.util.concurrent.ThreadPoolExecutor$Worker.run(ThreadPoolExecutor.java:614)
        at java.base@25.0.3/java.lang.Thread.runWith(Thread.java:1487)
        at java.base@25.0.3/java.lang.Thread.run(Thread.java:1474)
"IPC Server handler 65 on default port 9862" daemon prio=5 tid=2634 timed_waiting
java.lang.Thread.State: TIMED_WAITING
        at java.base@25.0.3/jdk.internal.misc.Unsafe.park(Native Method)
        at java.base@25.0.3/java.util.concurrent.locks.LockSupport.parkNanos(LockSupport.java:271)
        at java.base@25.0.3/java.util.concurrent.locks.AbstractQueuedSynchronizer$ConditionObject.awaitNanos(AbstractQueuedSynchronizer.java:1803)
        at java.base@25.0.3/java.util.concurrent.LinkedBlockingQueue.poll(LinkedBlockingQueue.java:460)
        at app//org.apache.hadoop.ipc_.CallQueueManager.take(CallQueueManager.java:294)
        at app//org.apache.hadoop.ipc_.Server$Handler.run(Server.java:2634)
"IPC Server handler 90 on default port 9862" daemon prio=5 tid=2659 timed_waiting
java.lang.Thread.State: TIMED_WAITING
        at java.base@25.0.3/jdk.internal.misc.Unsafe.park(Native Method)
        at java.base@25.0.3/java.util.concurrent.locks.LockSupport.parkNanos(LockSupport.java:271)
        at java.base@25.0.3/java.util.concurrent.locks.AbstractQueuedSynchronizer$ConditionObject.awaitNanos(AbstractQueuedSynchronizer.java:1803)
        at java.base@25.0.3/java.util.concurrent.LinkedBlockingQueue.poll(LinkedBlockingQueue.java:460)
        at app//org.apache.hadoop.ipc_.CallQueueManager.take(CallQueueManager.java:294)
        at app//org.apache.hadoop.ipc_.Server$Handler.run(Server.java:2634)
"volumeTable_FullTableCache-Cleanup-0" daemon prio=5 tid=923 timed_waiting
java.lang.Thread.State: TIMED_WAITING
        at java.base@25.0.3/jdk.internal.misc.Unsafe.park(Native Method)
        at java.base@25.0.3/java.util.concurrent.locks.LockSupport.parkNanos(LockSupport.java:271)
        at java.base@25.0.3/java.util.concurrent.locks.AbstractQueuedSynchronizer$ConditionObject.awaitNanos(AbstractQueuedSynchronizer.java:1803)
        at java.base@25.0.3/java.util.concurrent.ScheduledThreadPoolExecutor$DelayedWorkQueue.take(ScheduledThreadPoolExecutor.java:1166)
        at java.base@25.0.3/java.util.concurrent.ScheduledThreadPoolExecutor$DelayedWorkQueue.take(ScheduledThreadPoolExecutor.java:883)
        at java.base@25.0.3/java.util.concurrent.ThreadPoolExecutor.getTask(ThreadPoolExecutor.java:1016)
        at java.base@25.0.3/java.util.concurrent.ThreadPoolExecutor.runWorker(ThreadPoolExecutor.java:1076)
        at java.base@25.0.3/java.util.concurrent.ThreadPoolExecutor$Worker.run(ThreadPoolExecutor.java:614)
        at java.base@25.0.3/java.lang.Thread.runWith(Thread.java:1487)
        at java.base@25.0.3/java.lang.Thread.run(Thread.java:1474)
"qtp88341167-2567" daemon prio=5 tid=2567 timed_waiting
java.lang.Thread.State: TIMED_WAITING
        at java.base@25.0.3/jdk.internal.misc.Unsafe.park(Native Method)
        at java.base@25.0.3/java.util.concurrent.locks.LockSupport.parkNanos(LockSupport.java:271)
        at java.base@25.0.3/java.util.concurrent.locks.AbstractQueuedSynchronizer$ConditionObject.awaitNanos(AbstractQueuedSynchronizer.java:1803)
        at app//org.eclipse.jetty.util.BlockingArrayQueue.poll(BlockingArrayQueue.java:382)
        at app//org.eclipse.jetty.util.thread.QueuedThreadPool$Runner.idleJobPoll(QueuedThreadPool.java:974)
        at app//org.eclipse.jetty.util.thread.QueuedThreadPool$Runner.run(QueuedThreadPool.java:1018)
        at java.base@25.0.3/java.lang.Thread.runWith(Thread.java:1487)
        at java.base@25.0.3/java.lang.Thread.run(Thread.java:1474)
"deletedTable_PartialTableCache-Cleanup-0" daemon prio=5 tid=2195 in Object.wait()
java.lang.Thread.State: WAITING (on object monitor)
        at java.base@25.0.3/jdk.internal.misc.Unsafe.park(Native Method)
        at java.base@25.0.3/java.util.concurrent.locks.LockSupport.park(LockSupport.java:369)
        at java.base@25.0.3/java.util.concurrent.locks.AbstractQueuedSynchronizer$ConditionNode.block(AbstractQueuedSynchronizer.java:520)
        at java.base@25.0.3/java.util.concurrent.ForkJoinPool.unmanagedBlock(ForkJoinPool.java:4364)
        at java.base@25.0.3/java.util.concurrent.ForkJoinPool.managedBlock(ForkJoinPool.java:4310)
        at java.base@25.0.3/java.util.concurrent.locks.AbstractQueuedSynchronizer$ConditionObject.await(AbstractQueuedSynchronizer.java:1752)
        at java.base@25.0.3/java.util.concurrent.LinkedBlockingQueue.take(LinkedBlockingQueue.java:435)
        at java.base@25.0.3/java.util.concurrent.ThreadPoolExecutor.getTask(ThreadPoolExecutor.java:1016)
        at java.base@25.0.3/java.util.concurrent.ThreadPoolExecutor.runWorker(ThreadPoolExecutor.java:1076)
        at java.base@25.0.3/java.util.concurrent.ThreadPoolExecutor$Worker.run(ThreadPoolExecutor.java:614)
        at java.base@25.0.3/java.lang.Thread.runWith(Thread.java:1487)
        at java.base@25.0.3/java.lang.Thread.run(Thread.java:1474)
"OmSnapshotLocalDataManagerService" daemon prio=5 tid=2519 timed_waiting
java.lang.Thread.State: TIMED_WAITING
        at java.base@25.0.3/jdk.internal.misc.Unsafe.park(Native Method)
        at java.base@25.0.3/java.util.concurrent.locks.LockSupport.parkNanos(LockSupport.java:271)
        at java.base@25.0.3/java.util.concurrent.locks.AbstractQueuedSynchronizer$ConditionObject.awaitNanos(AbstractQueuedSynchronizer.java:1803)
        at java.base@25.0.3/java.util.concurrent.ScheduledThreadPoolExecutor$DelayedWorkQueue.take(ScheduledThreadPoolExecutor.java:1166)
        at java.base@25.0.3/java.util.concurrent.ScheduledThreadPoolExecutor$DelayedWorkQueue.take(ScheduledThreadPoolExecutor.java:883)
        at java.base@25.0.3/java.util.concurrent.ThreadPoolExecutor.getTask(ThreadPoolExecutor.java:1016)
        at java.base@25.0.3/java.util.concurrent.ThreadPoolExecutor.runWorker(ThreadPoolExecutor.java:1076)
        at java.base@25.0.3/java.util.concurrent.ThreadPoolExecutor$Worker.run(ThreadPoolExecutor.java:614)
        at java.base@25.0.3/java.lang.Thread.runWith(Thread.java:1487)
        at java.base@25.0.3/java.lang.Thread.run(Thread.java:1474)
"IPC Server handler 72 on default port 9862" daemon prio=5 tid=2641 timed_waiting
java.lang.Thread.State: TIMED_WAITING
        at java.base@25.0.3/jdk.internal.misc.Unsafe.park(Native Method)
        at java.base@25.0.3/java.util.concurrent.locks.LockSupport.parkNanos(LockSupport.java:271)
        at java.base@25.0.3/java.util.concurrent.locks.AbstractQueuedSynchronizer$ConditionObject.awaitNanos(AbstractQueuedSynchronizer.java:1803)
        at java.base@25.0.3/java.util.concurrent.LinkedBlockingQueue.poll(LinkedBlockingQueue.java:460)
        at app//org.apache.hadoop.ipc_.CallQueueManager.take(CallQueueManager.java:294)
        at app//org.apache.hadoop.ipc_.Server$Handler.run(Server.java:2634)
"surefire-forkedjvm-command-thread" daemon prio=5 tid=26 runnable
java.lang.Thread.State: RUNNABLE
        at java.base@25.0.3/java.io.FileInputStream.readBytes(Native Method)
        at java.base@25.0.3/java.io.FileInputStream.read(FileInputStream.java:281)
        at java.base@25.0.3/java.lang.System$In.read(System.java:1872)
        at java.base@25.0.3/java.io.BufferedInputStream.read1(BufferedInputStream.java:328)
        at java.base@25.0.3/java.io.BufferedInputStream.read(BufferedInputStream.java:388)
        at java.base@25.0.3/java.io.BufferedInputStream.fill(BufferedInputStream.java:289)
        at java.base@25.0.3/java.io.BufferedInputStream.read1(BufferedInputStream.java:330)
        at java.base@25.0.3/java.io.BufferedInputStream.read(BufferedInputStream.java:388)
        at app//org.apache.maven.surefire.api.util.internal.Channels$3.readImpl(Channels.java:169)
        at app//org.apache.maven.surefire.api.util.internal.AbstractNoninterruptibleReadableChannel.read(AbstractNoninterruptibleReadableChannel.java:50)
        at app//org.apache.maven.surefire.api.stream.AbstractStreamDecoder.read(AbstractStreamDecoder.java:430)
        at app//org.apache.maven.surefire.api.stream.AbstractStreamDecoder.read(AbstractStreamDecoder.java:419)
        at app//org.apache.maven.surefire.api.stream.AbstractStreamDecoder.readMessageType(AbstractStreamDecoder.java:116)
        at app//org.apache.maven.surefire.booter.stream.CommandDecoder.decode(CommandDecoder.java:77)
        at app//org.apache.maven.surefire.booter.spi.CommandChannelDecoder.decode(CommandChannelDecoder.java:60)
        at app//org.apache.maven.surefire.booter.CommandReader$CommandRunnable.run(CommandReader.java:290)
        at java.base@25.0.3/java.lang.Thread.runWith(Thread.java:1487)
        at java.base@25.0.3/java.lang.Thread.run(Thread.java:1474)
"bucketTable_FullTableCache-Cleanup-0" daemon prio=5 tid=1491 timed_waiting
java.lang.Thread.State: TIMED_WAITING
        at java.base@25.0.3/jdk.internal.misc.Unsafe.park(Native Method)
        at java.base@25.0.3/java.util.concurrent.locks.LockSupport.parkNanos(LockSupport.java:271)
        at java.base@25.0.3/java.util.concurrent.locks.AbstractQueuedSynchronizer$ConditionObject.awaitNanos(AbstractQueuedSynchronizer.java:1803)
        at java.base@25.0.3/java.util.concurrent.ScheduledThreadPoolExecutor$DelayedWorkQueue.take(ScheduledThreadPoolExecutor.java:1166)
        at java.base@25.0.3/java.util.concurrent.ScheduledThreadPoolExecutor$DelayedWorkQueue.take(ScheduledThreadPoolExecutor.java:883)
        at java.base@25.0.3/java.util.concurrent.ThreadPoolExecutor.getTask(ThreadPoolExecutor.java:1016)
        at java.base@25.0.3/java.util.concurrent.ThreadPoolExecutor.runWorker(ThreadPoolExecutor.java:1076)
        at java.base@25.0.3/java.util.concurrent.ThreadPoolExecutor$Worker.run(ThreadPoolExecutor.java:614)
        at java.base@25.0.3/java.lang.Thread.runWith(Thread.java:1487)
        at java.base@25.0.3/java.lang.Thread.run(Thread.java:1474)
"lifecycleScanStateTable_FullTableCache-Cleanup-0" daemon prio=5 tid=79 timed_waiting
java.lang.Thread.State: TIMED_WAITING
        at java.base@25.0.3/jdk.internal.misc.Unsafe.park(Native Method)
        at java.base@25.0.3/java.util.concurrent.locks.LockSupport.parkNanos(LockSupport.java:271)
        at java.base@25.0.3/java.util.concurrent.locks.AbstractQueuedSynchronizer$ConditionObject.awaitNanos(AbstractQueuedSynchronizer.java:1803)
        at java.base@25.0.3/java.util.concurrent.ScheduledThreadPoolExecutor$DelayedWorkQueue.take(ScheduledThreadPoolExecutor.java:1166)
        at java.base@25.0.3/java.util.concurrent.ScheduledThreadPoolExecutor$DelayedWorkQueue.take(ScheduledThreadPoolExecutor.java:883)
        at java.base@25.0.3/java.util.concurrent.ThreadPoolExecutor.getTask(ThreadPoolExecutor.java:1016)
        at java.base@25.0.3/java.util.concurrent.ThreadPoolExecutor.runWorker(ThreadPoolExecutor.java:1076)
        at java.base@25.0.3/java.util.concurrent.ThreadPoolExecutor$Worker.run(ThreadPoolExecutor.java:614)
        at java.base@25.0.3/java.lang.Thread.runWith(Thread.java:1487)
        at java.base@25.0.3/java.lang.Thread.run(Thread.java:1474)
"IPC Server handler 11 on default port 9862" daemon prio=5 tid=2580 timed_waiting
java.lang.Thread.State: TIMED_WAITING
        at java.base@25.0.3/jdk.internal.misc.Unsafe.park(Native Method)
        at java.base@25.0.3/java.util.concurrent.locks.LockSupport.parkNanos(LockSupport.java:271)
        at java.base@25.0.3/java.util.concurrent.locks.AbstractQueuedSynchronizer$ConditionObject.awaitNanos(AbstractQueuedSynchronizer.java:1803)
        at java.base@25.0.3/java.util.concurrent.LinkedBlockingQueue.poll(LinkedBlockingQueue.java:460)
        at app//org.apache.hadoop.ipc_.CallQueueManager.take(CallQueueManager.java:294)
        at app//org.apache.hadoop.ipc_.Server$Handler.run(Server.java:2634)
"om1-KeyLifecycleService#4" daemon prio=5 tid=2672 in Object.wait()
java.lang.Thread.State: WAITING (on object monitor)
        at java.base@25.0.3/jdk.internal.misc.Unsafe.park(Native Method)
        at java.base@25.0.3/java.util.concurrent.locks.LockSupport.park(LockSupport.java:369)
        at java.base@25.0.3/java.util.concurrent.locks.AbstractQueuedSynchronizer$ConditionNode.block(AbstractQueuedSynchronizer.java:520)
        at java.base@25.0.3/java.util.concurrent.ForkJoinPool.unmanagedBlock(ForkJoinPool.java:4364)
        at java.base@25.0.3/java.util.concurrent.ForkJoinPool.managedBlock(ForkJoinPool.java:4310)
        at java.base@25.0.3/java.util.concurrent.locks.AbstractQueuedSynchronizer$ConditionObject.await(AbstractQueuedSynchronizer.java:1752)
        at java.base@25.0.3/java.util.concurrent.ScheduledThreadPoolExecutor$DelayedWorkQueue.take(ScheduledThreadPoolExecutor.java:1161)
        at java.base@25.0.3/java.util.concurrent.ScheduledThreadPoolExecutor$DelayedWorkQueue.take(ScheduledThreadPoolExecutor.java:883)
        at java.base@25.0.3/java.util.concurrent.ThreadPoolExecutor.getTask(ThreadPoolExecutor.java:1016)
        at java.base@25.0.3/java.util.concurrent.ThreadPoolExecutor.runWorker(ThreadPoolExecutor.java:1076)
        at java.base@25.0.3/java.util.concurrent.ThreadPoolExecutor$Worker.run(ThreadPoolExecutor.java:614)
        at java.base@25.0.3/java.lang.Thread.runWith(Thread.java:1487)
        at java.base@25.0.3/java.lang.Thread.run(Thread.java:1474)
"Socket Reader #4 for port 9862" daemon prio=5 tid=2529 runnable
java.lang.Thread.State: RUNNABLE
        at java.base@25.0.3/sun.nio.ch.EPoll.wait(Native Method)
        at java.base@25.0.3/sun.nio.ch.EPollSelectorImpl.doSelect(EPollSelectorImpl.java:117)
        at java.base@25.0.3/sun.nio.ch.SelectorImpl.lockAndDoSelect(SelectorImpl.java:130)
        at java.base@25.0.3/sun.nio.ch.SelectorImpl.select(SelectorImpl.java:147)
        at app//org.apache.hadoop.ipc_.Server$Listener$Reader.doRunLoop(Server.java:1004)
        at app//org.apache.hadoop.ipc_.Server$Listener$Reader.run(Server.java:983)
"BatchSpanProcessor_WorkerThread-1" daemon prio=5 tid=74 timed_waiting
java.lang.Thread.State: TIMED_WAITING
        at java.base@25.0.3/jdk.internal.misc.Unsafe.park(Native Method)
        at java.base@25.0.3/java.util.concurrent.locks.LockSupport.parkNanos(LockSupport.java:271)
        at java.base@25.0.3/java.util.concurrent.locks.AbstractQueuedSynchronizer$ConditionObject.awaitNanos(AbstractQueuedSynchronizer.java:1803)
        at java.base@25.0.3/java.util.concurrent.ArrayBlockingQueue.poll(ArrayBlockingQueue.java:436)
        at app//io.opentelemetry.sdk.trace.export.BatchSpanProcessor$Worker.run(BatchSpanProcessor.java:262)
        at java.base@25.0.3/java.lang.Thread.runWith(Thread.java:1487)
        at java.base@25.0.3/java.lang.Thread.run(Thread.java:1474)
"IPC Server handler 69 on default port 9862" daemon prio=5 tid=2638 timed_waiting
java.lang.Thread.State: TIMED_WAITING
        at java.base@25.0.3/jdk.internal.misc.Unsafe.park(Native Method)
        at java.base@25.0.3/java.util.concurrent.locks.LockSupport.parkNanos(LockSupport.java:271)
        at java.base@25.0.3/java.util.concurrent.locks.AbstractQueuedSynchronizer$ConditionObject.awaitNanos(AbstractQueuedSynchronizer.java:1803)
        at java.base@25.0.3/java.util.concurrent.LinkedBlockingQueue.poll(LinkedBlockingQueue.java:460)
        at app//org.apache.hadoop.ipc_.CallQueueManager.take(CallQueueManager.java:294)
        at app//org.apache.hadoop.ipc_.Server$Handler.run(Server.java:2634)
"IPC Server handler 74 on default port 9862" daemon prio=5 tid=2643 timed_waiting
java.lang.Thread.State: TIMED_WAITING
        at java.base@25.0.3/jdk.internal.misc.Unsafe.park(Native Method)
        at java.base@25.0.3/java.util.concurrent.locks.LockSupport.parkNanos(LockSupport.java:271)
        at java.base@25.0.3/java.util.concurrent.locks.AbstractQueuedSynchronizer$ConditionObject.awaitNanos(AbstractQueuedSynchronizer.java:1803)
        at java.base@25.0.3/java.util.concurrent.LinkedBlockingQueue.poll(LinkedBlockingQueue.java:460)
        at app//org.apache.hadoop.ipc_.CallQueueManager.take(CallQueueManager.java:294)
        at app//org.apache.hadoop.ipc_.Server$Handler.run(Server.java:2634)
"openKeyTable_PartialTableCache-Cleanup-0" daemon prio=5 tid=2684 in Object.wait()
java.lang.Thread.State: WAITING (on object monitor)
        at java.base@25.0.3/jdk.internal.misc.Unsafe.park(Native Method)
        at java.base@25.0.3/java.util.concurrent.locks.LockSupport.park(LockSupport.java:369)
        at java.base@25.0.3/java.util.concurrent.locks.AbstractQueuedSynchronizer$ConditionNode.block(AbstractQueuedSynchronizer.java:520)
        at java.base@25.0.3/java.util.concurrent.ForkJoinPool.unmanagedBlock(ForkJoinPool.java:4364)
        at java.base@25.0.3/java.util.concurrent.ForkJoinPool.managedBlock(ForkJoinPool.java:4310)
        at java.base@25.0.3/java.util.concurrent.locks.AbstractQueuedSynchronizer$ConditionObject.await(AbstractQueuedSynchronizer.java:1752)
        at java.base@25.0.3/java.util.concurrent.LinkedBlockingQueue.take(LinkedBlockingQueue.java:435)
        at java.base@25.0.3/java.util.concurrent.ThreadPoolExecutor.getTask(ThreadPoolExecutor.java:1016)
        at java.base@25.0.3/java.util.concurrent.ThreadPoolExecutor.runWorker(ThreadPoolExecutor.java:1076)
        at java.base@25.0.3/java.util.concurrent.ThreadPoolExecutor$Worker.run(ThreadPoolExecutor.java:614)
        at java.base@25.0.3/java.lang.Thread.runWith(Thread.java:1487)
        at java.base@25.0.3/java.lang.Thread.run(Thread.java:1474)
"Attach Listener" daemon prio=9 tid=49 runnable
java.lang.Thread.State: RUNNABLE
"multipartPartsTable_PartialTableCache-Cleanup-0" daemon prio=5 tid=2689 in Object.wait()
java.lang.Thread.State: WAITING (on object monitor)
        at java.base@25.0.3/jdk.internal.misc.Unsafe.park(Native Method)
        at java.base@25.0.3/java.util.concurrent.locks.LockSupport.park(LockSupport.java:369)
        at java.base@25.0.3/java.util.concurrent.locks.AbstractQueuedSynchronizer$ConditionNode.block(AbstractQueuedSynchronizer.java:520)
        at java.base@25.0.3/java.util.concurrent.ForkJoinPool.unmanagedBlock(ForkJoinPool.java:4364)
        at java.base@25.0.3/java.util.concurrent.ForkJoinPool.managedBlock(ForkJoinPool.java:4310)
        at java.base@25.0.3/java.util.concurrent.locks.AbstractQueuedSynchronizer$ConditionObject.await(AbstractQueuedSynchronizer.java:1752)
        at java.base@25.0.3/java.util.concurrent.LinkedBlockingQueue.take(LinkedBlockingQueue.java:435)
        at java.base@25.0.3/java.util.concurrent.ThreadPoolExecutor.getTask(ThreadPoolExecutor.java:1016)
        at java.base@25.0.3/java.util.concurrent.ThreadPoolExecutor.runWorker(ThreadPoolExecutor.java:1076)
        at java.base@25.0.3/java.util.concurrent.ThreadPoolExecutor$Worker.run(ThreadPoolExecutor.java:614)
        at java.base@25.0.3/java.lang.Thread.runWith(Thread.java:1487)
        at java.base@25.0.3/java.lang.Thread.run(Thread.java:1474)
"lifecycleScanStateTable_FullTableCache-Cleanup-0" daemon prio=5 tid=2031 timed_waiting
java.lang.Thread.State: TIMED_WAITING
        at java.base@25.0.3/jdk.internal.misc.Unsafe.park(Native Method)
        at java.base@25.0.3/java.util.concurrent.locks.LockSupport.parkNanos(LockSupport.java:271)
        at java.base@25.0.3/java.util.concurrent.locks.AbstractQueuedSynchronizer$ConditionObject.awaitNanos(AbstractQueuedSynchronizer.java:1803)
        at java.base@25.0.3/java.util.concurrent.ScheduledThreadPoolExecutor$DelayedWorkQueue.take(ScheduledThreadPoolExecutor.java:1166)
        at java.base@25.0.3/java.util.concurrent.ScheduledThreadPoolExecutor$DelayedWorkQueue.take(ScheduledThreadPoolExecutor.java:883)
        at java.base@25.0.3/java.util.concurrent.ThreadPoolExecutor.getTask(ThreadPoolExecutor.java:1016)
        at java.base@25.0.3/java.util.concurrent.ThreadPoolExecutor.runWorker(ThreadPoolExecutor.java:1076)
        at java.base@25.0.3/java.util.concurrent.ThreadPoolExecutor$Worker.run(ThreadPoolExecutor.java:614)
        at java.base@25.0.3/java.lang.Thread.runWith(Thread.java:1487)
        at java.base@25.0.3/java.lang.Thread.run(Thread.java:1474)
"om1-KeyDeletingService#2" daemon prio=5 tid=2549 in Object.wait()
java.lang.Thread.State: WAITING (on object monitor)
        at java.base@25.0.3/jdk.internal.misc.Unsafe.park(Native Method)
        at java.base@25.0.3/java.util.concurrent.locks.LockSupport.park(LockSupport.java:369)
        at java.base@25.0.3/java.util.concurrent.locks.AbstractQueuedSynchronizer$ConditionNode.block(AbstractQueuedSynchronizer.java:520)
        at java.base@25.0.3/java.util.concurrent.ForkJoinPool.unmanagedBlock(ForkJoinPool.java:4364)
        at java.base@25.0.3/java.util.concurrent.ForkJoinPool.managedBlock(ForkJoinPool.java:4310)
        at java.base@25.0.3/java.util.concurrent.locks.AbstractQueuedSynchronizer$ConditionObject.await(AbstractQueuedSynchronizer.java:1752)
        at java.base@25.0.3/java.util.concurrent.ScheduledThreadPoolExecutor$DelayedWorkQueue.take(ScheduledThreadPoolExecutor.java:1154)
        at java.base@25.0.3/java.util.concurrent.ScheduledThreadPoolExecutor$DelayedWorkQueue.take(ScheduledThreadPoolExecutor.java:883)
        at java.base@25.0.3/java.util.concurrent.ThreadPoolExecutor.getTask(ThreadPoolExecutor.java:1016)
        at java.base@25.0.3/java.util.concurrent.ThreadPoolExecutor.runWorker(ThreadPoolExecutor.java:1076)
        at java.base@25.0.3/java.util.concurrent.ThreadPoolExecutor$Worker.run(ThreadPoolExecutor.java:614)
        at java.base@25.0.3/java.lang.Thread.runWith(Thread.java:1487)
        at java.base@25.0.3/java.lang.Thread.run(Thread.java:1474)
"IPC Server handler 1 on default port 9862" daemon prio=5 tid=2570 timed_waiting
java.lang.Thread.State: TIMED_WAITING
        at java.base@25.0.3/jdk.internal.misc.Unsafe.park(Native Method)
        at java.base@25.0.3/java.util.concurrent.locks.LockSupport.parkNanos(LockSupport.java:271)
        at java.base@25.0.3/java.util.concurrent.locks.AbstractQueuedSynchronizer$ConditionObject.awaitNanos(AbstractQueuedSynchronizer.java:1803)
        at java.base@25.0.3/java.util.concurrent.LinkedBlockingQueue.poll(LinkedBlockingQueue.java:460)
        at app//org.apache.hadoop.ipc_.CallQueueManager.take(CallQueueManager.java:294)
        at app//org.apache.hadoop.ipc_.Server$Handler.run(Server.java:2634)
"IPC Server handler 46 on default port 9862" daemon prio=5 tid=2615 timed_waiting
java.lang.Thread.State: TIMED_WAITING
        at java.base@25.0.3/jdk.internal.misc.Unsafe.park(Native Method)
        at java.base@25.0.3/java.util.concurrent.locks.LockSupport.parkNanos(LockSupport.java:271)
        at java.base@25.0.3/java.util.concurrent.locks.AbstractQueuedSynchronizer$ConditionObject.awaitNanos(AbstractQueuedSynchronizer.java:1803)
        at java.base@25.0.3/java.util.concurrent.LinkedBlockingQueue.poll(LinkedBlockingQueue.java:460)
        at app//org.apache.hadoop.ipc_.CallQueueManager.take(CallQueueManager.java:294)
        at app//org.apache.hadoop.ipc_.Server$Handler.run(Server.java:2634)
"snapshotRenamedTable_PartialTableCache-Cleanup-0" daemon prio=5 tid=1692 in Object.wait()
java.lang.Thread.State: WAITING (on object monitor)
        at java.base@25.0.3/jdk.internal.misc.Unsafe.park(Native Method)
        at java.base@25.0.3/java.util.concurrent.locks.LockSupport.park(LockSupport.java:369)
        at java.base@25.0.3/java.util.concurrent.locks.AbstractQueuedSynchronizer$ConditionNode.block(AbstractQueuedSynchronizer.java:520)
        at java.base@25.0.3/java.util.concurrent.ForkJoinPool.unmanagedBlock(ForkJoinPool.java:4364)
        at java.base@25.0.3/java.util.concurrent.ForkJoinPool.managedBlock(ForkJoinPool.java:4310)
        at java.base@25.0.3/java.util.concurrent.locks.AbstractQueuedSynchronizer$ConditionObject.await(AbstractQueuedSynchronizer.java:1752)
        at java.base@25.0.3/java.util.concurrent.LinkedBlockingQueue.take(LinkedBlockingQueue.java:435)
        at java.base@25.0.3/java.util.concurrent.ThreadPoolExecutor.getTask(ThreadPoolExecutor.java:1016)
        at java.base@25.0.3/java.util.concurrent.ThreadPoolExecutor.runWorker(ThreadPoolExecutor.java:1076)
        at java.base@25.0.3/java.util.concurrent.ThreadPoolExecutor$Worker.run(ThreadPoolExecutor.java:614)
        at java.base@25.0.3/java.lang.Thread.runWith(Thread.java:1487)
        at java.base@25.0.3/java.lang.Thread.run(Thread.java:1474)
"JvmPauseMonitor5" daemon prio=5 tid=2543 timed_waiting
java.lang.Thread.State: TIMED_WAITING
        at java.base@25.0.3/java.lang.Thread.sleepNanos0(Native Method)
        at java.base@25.0.3/java.lang.Thread.sleepNanos(Thread.java:509)
        at java.base@25.0.3/java.lang.Thread.sleep(Thread.java:577)
        at java.base@25.0.3/java.util.concurrent.TimeUnit.sleep(TimeUnit.java:446)
        at app//org.apache.ratis.util.TimeDuration.sleep(TimeDuration.java:353)
        at app//org.apache.ratis.util.TimeDuration.sleep(TimeDuration.java:338)
        at app//org.apache.ratis.util.JvmPauseMonitor.detectPause(JvmPauseMonitor.java:160)
        at app//org.apache.ratis.util.JvmPauseMonitor.run(JvmPauseMonitor.java:149)
        at app//org.apache.ratis.util.JvmPauseMonitor$$Lambda/0x0000000007920498.run(Unknown Source)
        at java.base@25.0.3/java.lang.Thread.runWith(Thread.java:1487)
        at java.base@25.0.3/java.lang.Thread.run(Thread.java:1474)
"om1-DirectoryDeletingService#4" daemon prio=5 tid=2693 in Object.wait()
java.lang.Thread.State: WAITING (on object monitor)
        at java.base@25.0.3/jdk.internal.misc.Unsafe.park(Native Method)
        at java.base@25.0.3/java.util.concurrent.locks.LockSupport.park(LockSupport.java:369)
        at java.base@25.0.3/java.util.concurrent.locks.AbstractQueuedSynchronizer$ConditionNode.block(AbstractQueuedSynchronizer.java:520)
        at java.base@25.0.3/java.util.concurrent.ForkJoinPool.unmanagedBlock(ForkJoinPool.java:4364)
        at java.base@25.0.3/java.util.concurrent.ForkJoinPool.managedBlock(ForkJoinPool.java:4310)
        at java.base@25.0.3/java.util.concurrent.locks.AbstractQueuedSynchronizer$ConditionObject.await(AbstractQueuedSynchronizer.java:1752)
        at java.base@25.0.3/java.util.concurrent.ScheduledThreadPoolExecutor$DelayedWorkQueue.take(ScheduledThreadPoolExecutor.java:1161)
        at java.base@25.0.3/java.util.concurrent.ScheduledThreadPoolExecutor$DelayedWorkQueue.take(ScheduledThreadPoolExecutor.java:883)
        at java.base@25.0.3/java.util.concurrent.ThreadPoolExecutor.getTask(ThreadPoolExecutor.java:1016)
        at java.base@25.0.3/java.util.concurrent.ThreadPoolExecutor.runWorker(ThreadPoolExecutor.java:1076)
        at java.base@25.0.3/java.util.concurrent.ThreadPoolExecutor$Worker.run(ThreadPoolExecutor.java:614)
        at java.base@25.0.3/java.lang.Thread.runWith(Thread.java:1487)
        at java.base@25.0.3/java.lang.Thread.run(Thread.java:1474)
"IPC Server handler 23 on default port 9862" daemon prio=5 tid=2592 timed_waiting
java.lang.Thread.State: TIMED_WAITING
        at java.base@25.0.3/jdk.internal.misc.Unsafe.park(Native Method)
        at java.base@25.0.3/java.util.concurrent.locks.LockSupport.parkNanos(LockSupport.java:271)
        at java.base@25.0.3/java.util.concurrent.locks.AbstractQueuedSynchronizer$ConditionObject.awaitNanos(AbstractQueuedSynchronizer.java:1803)
        at java.base@25.0.3/java.util.concurrent.LinkedBlockingQueue.poll(LinkedBlockingQueue.java:460)
        at app//org.apache.hadoop.ipc_.CallQueueManager.take(CallQueueManager.java:294)
        at app//org.apache.hadoop.ipc_.Server$Handler.run(Server.java:2634)
"IPC Server handler 63 on default port 9862" daemon prio=5 tid=2632 timed_waiting
java.lang.Thread.State: TIMED_WAITING
        at java.base@25.0.3/jdk.internal.misc.Unsafe.park(Native Method)
        at java.base@25.0.3/java.util.concurrent.locks.LockSupport.parkNanos(LockSupport.java:271)
        at java.base@25.0.3/java.util.concurrent.locks.AbstractQueuedSynchronizer$ConditionObject.awaitNanos(AbstractQueuedSynchronizer.java:1803)
        at java.base@25.0.3/java.util.concurrent.LinkedBlockingQueue.poll(LinkedBlockingQueue.java:460)
        at app//org.apache.hadoop.ipc_.CallQueueManager.take(CallQueueManager.java:294)
        at app//org.apache.hadoop.ipc_.Server$Handler.run(Server.java:2634)
"IPC Server handler 14 on default port 9862" daemon prio=5 tid=2583 timed_waiting
java.lang.Thread.State: TIMED_WAITING
        at java.base@25.0.3/jdk.internal.misc.Unsafe.park(Native Method)
        at java.base@25.0.3/java.util.concurrent.locks.LockSupport.parkNanos(LockSupport.java:271)
        at java.base@25.0.3/java.util.concurrent.locks.AbstractQueuedSynchronizer$ConditionObject.awaitNanos(AbstractQueuedSynchronizer.java:1803)
        at java.base@25.0.3/java.util.concurrent.LinkedBlockingQueue.poll(LinkedBlockingQueue.java:460)
        at app//org.apache.hadoop.ipc_.CallQueueManager.take(CallQueueManager.java:294)
        at app//org.apache.hadoop.ipc_.Server$Handler.run(Server.java:2634)
"IPC Server handler 22 on default port 9862" daemon prio=5 tid=2591 timed_waiting
java.lang.Thread.State: TIMED_WAITING
        at java.base@25.0.3/jdk.internal.misc.Unsafe.park(Native Method)
        at java.base@25.0.3/java.util.concurrent.locks.LockSupport.parkNanos(LockSupport.java:271)
        at java.base@25.0.3/java.util.concurrent.locks.AbstractQueuedSynchronizer$ConditionObject.awaitNanos(AbstractQueuedSynchronizer.java:1803)
        at java.base@25.0.3/java.util.concurrent.LinkedBlockingQueue.poll(LinkedBlockingQueue.java:460)
        at app//org.apache.hadoop.ipc_.CallQueueManager.take(CallQueueManager.java:294)
        at app//org.apache.hadoop.ipc_.Server$Handler.run(Server.java:2634)
"lifecycleScanStateTable_FullTableCache-Cleanup-0" daemon prio=5 tid=1493 timed_waiting
java.lang.Thread.State: TIMED_WAITING
        at java.base@25.0.3/jdk.internal.misc.Unsafe.park(Native Method)
        at java.base@25.0.3/java.util.concurrent.locks.LockSupport.parkNanos(LockSupport.java:271)
        at java.base@25.0.3/java.util.concurrent.locks.AbstractQueuedSynchronizer$ConditionObject.awaitNanos(AbstractQueuedSynchronizer.java:1803)
        at java.base@25.0.3/java.util.concurrent.ScheduledThreadPoolExecutor$DelayedWorkQueue.take(ScheduledThreadPoolExecutor.java:1166)
        at java.base@25.0.3/java.util.concurrent.ScheduledThreadPoolExecutor$DelayedWorkQueue.take(ScheduledThreadPoolExecutor.java:883)
        at java.base@25.0.3/java.util.concurrent.ThreadPoolExecutor.getTask(ThreadPoolExecutor.java:1016)
        at java.base@25.0.3/java.util.concurrent.ThreadPoolExecutor.runWorker(ThreadPoolExecutor.java:1076)
        at java.base@25.0.3/java.util.concurrent.ThreadPoolExecutor$Worker.run(ThreadPoolExecutor.java:614)
        at java.base@25.0.3/java.lang.Thread.runWith(Thread.java:1487)
        at java.base@25.0.3/java.lang.Thread.run(Thread.java:1474)
"om1@group-C5BA1605619E-StateMachineUpdater" daemon prio=5 tid=2541 timed_waiting
java.lang.Thread.State: TIMED_WAITING
        at java.base@25.0.3/jdk.internal.misc.Unsafe.park(Native Method)
        at java.base@25.0.3/java.util.concurrent.locks.LockSupport.parkNanos(LockSupport.java:271)
        at java.base@25.0.3/java.util.concurrent.locks.AbstractQueuedSynchronizer$ConditionObject.await(AbstractQueuedSynchronizer.java:1892)
        at app//org.apache.ratis.util.AwaitForSignal.await(AwaitForSignal.java:65)
        at app//org.apache.ratis.server.impl.StateMachineUpdater.waitForCommit(StateMachineUpdater.java:222)
        at app//org.apache.ratis.server.impl.StateMachineUpdater.run(StateMachineUpdater.java:187)
        at java.base@25.0.3/java.lang.Thread.runWith(Thread.java:1487)
        at java.base@25.0.3/java.lang.Thread.run(Thread.java:1474)
"IPC Server handler 34 on default port 9862" daemon prio=5 tid=2603 timed_waiting
java.lang.Thread.State: TIMED_WAITING
        at java.base@25.0.3/jdk.internal.misc.Unsafe.park(Native Method)
        at java.base@25.0.3/java.util.concurrent.locks.LockSupport.parkNanos(LockSupport.java:271)
        at java.base@25.0.3/java.util.concurrent.locks.AbstractQueuedSynchronizer$ConditionObject.awaitNanos(AbstractQueuedSynchronizer.java:1803)
        at java.base@25.0.3/java.util.concurrent.LinkedBlockingQueue.poll(LinkedBlockingQueue.java:460)
        at app//org.apache.hadoop.ipc_.CallQueueManager.take(CallQueueManager.java:294)
        at app//org.apache.hadoop.ipc_.Server$Handler.run(Server.java:2634)
"junit-jupiter-timeout-watcher" daemon prio=10 tid=38 timed_waiting
java.lang.Thread.State: TIMED_WAITING
        at java.base@25.0.3/jdk.internal.misc.Unsafe.park(Native Method)
        at java.base@25.0.3/java.util.concurrent.locks.LockSupport.parkNanos(LockSupport.java:271)
        at java.base@25.0.3/java.util.concurrent.locks.AbstractQueuedSynchronizer$ConditionObject.awaitNanos(AbstractQueuedSynchronizer.java:1803)
        at java.base@25.0.3/java.util.concurrent.ScheduledThreadPoolExecutor$DelayedWorkQueue.take(ScheduledThreadPoolExecutor.java:1166)
        at java.base@25.0.3/java.util.concurrent.ScheduledThreadPoolExecutor$DelayedWorkQueue.take(ScheduledThreadPoolExecutor.java:883)
        at java.base@25.0.3/java.util.concurrent.ThreadPoolExecutor.getTask(ThreadPoolExecutor.java:1016)
        at java.base@25.0.3/java.util.concurrent.ThreadPoolExecutor.runWorker(ThreadPoolExecutor.java:1076)
        at java.base@25.0.3/java.util.concurrent.ThreadPoolExecutor$Worker.run(ThreadPoolExecutor.java:614)
        at java.base@25.0.3/java.lang.Thread.runWith(Thread.java:1487)
        at java.base@25.0.3/java.lang.Thread.run(Thread.java:1474)
"lifecycleConfigurationTable_FullTableCache-Cleanup-0" daemon prio=5 tid=78 timed_waiting
java.lang.Thread.State: TIMED_WAITING
        at java.base@25.0.3/jdk.internal.misc.Unsafe.park(Native Method)
        at java.base@25.0.3/java.util.concurrent.locks.LockSupport.parkNanos(LockSupport.java:271)
        at java.base@25.0.3/java.util.concurrent.locks.AbstractQueuedSynchronizer$ConditionObject.awaitNanos(AbstractQueuedSynchronizer.java:1803)
        at java.base@25.0.3/java.util.concurrent.ScheduledThreadPoolExecutor$DelayedWorkQueue.take(ScheduledThreadPoolExecutor.java:1166)
        at java.base@25.0.3/java.util.concurrent.ScheduledThreadPoolExecutor$DelayedWorkQueue.take(ScheduledThreadPoolExecutor.java:883)
        at java.base@25.0.3/java.util.concurrent.ThreadPoolExecutor.getTask(ThreadPoolExecutor.java:1016)
        at java.base@25.0.3/java.util.concurrent.ThreadPoolExecutor.runWorker(ThreadPoolExecutor.java:1076)
        at java.base@25.0.3/java.util.concurrent.ThreadPoolExecutor$Worker.run(ThreadPoolExecutor.java:614)
        at java.base@25.0.3/java.lang.Thread.runWith(Thread.java:1487)
        at java.base@25.0.3/java.lang.Thread.run(Thread.java:1474)
"IPC Server handler 42 on default port 9862" daemon prio=5 tid=2611 timed_waiting
java.lang.Thread.State: TIMED_WAITING
        at java.base@25.0.3/jdk.internal.misc.Unsafe.park(Native Method)
        at java.base@25.0.3/java.util.concurrent.locks.LockSupport.parkNanos(LockSupport.java:271)
        at java.base@25.0.3/java.util.concurrent.locks.AbstractQueuedSynchronizer$ConditionObject.awaitNanos(AbstractQueuedSynchronizer.java:1803)
        at java.base@25.0.3/java.util.concurrent.LinkedBlockingQueue.poll(LinkedBlockingQueue.java:460)
        at app//org.apache.hadoop.ipc_.CallQueueManager.take(CallQueueManager.java:294)
        at app//org.apache.hadoop.ipc_.Server$Handler.run(Server.java:2634)
"directoryTable_PartialTableCache-Cleanup-0" daemon prio=5 tid=250 in Object.wait()
java.lang.Thread.State: WAITING (on object monitor)
        at java.base@25.0.3/jdk.internal.misc.Unsafe.park(Native Method)
        at java.base@25.0.3/java.util.concurrent.locks.LockSupport.park(LockSupport.java:369)
        at java.base@25.0.3/java.util.concurrent.locks.AbstractQueuedSynchronizer$ConditionNode.block(AbstractQueuedSynchronizer.java:520)
        at java.base@25.0.3/java.util.concurrent.ForkJoinPool.unmanagedBlock(ForkJoinPool.java:4364)
        at java.base@25.0.3/java.util.concurrent.ForkJoinPool.managedBlock(ForkJoinPool.java:4310)
        at java.base@25.0.3/java.util.concurrent.locks.AbstractQueuedSynchronizer$ConditionObject.await(AbstractQueuedSynchronizer.java:1752)
        at java.base@25.0.3/java.util.concurrent.LinkedBlockingQueue.take(LinkedBlockingQueue.java:435)
        at java.base@25.0.3/java.util.concurrent.ThreadPoolExecutor.getTask(ThreadPoolExecutor.java:1016)
        at java.base@25.0.3/java.util.concurrent.ThreadPoolExecutor.runWorker(ThreadPoolExecutor.java:1076)
        at java.base@25.0.3/java.util.concurrent.ThreadPoolExecutor$Worker.run(ThreadPoolExecutor.java:614)
        at java.base@25.0.3/java.lang.Thread.runWith(Thread.java:1487)
        at java.base@25.0.3/java.lang.Thread.run(Thread.java:1474)
"OMSnapshotDirectoryMetrics" daemon prio=5 tid=2545 timed_waiting
java.lang.Thread.State: TIMED_WAITING
        at java.base@25.0.3/jdk.internal.misc.Unsafe.park(Native Method)
        at java.base@25.0.3/java.util.concurrent.locks.LockSupport.parkNanos(LockSupport.java:271)
        at java.base@25.0.3/java.util.concurrent.locks.AbstractQueuedSynchronizer$ConditionObject.awaitNanos(AbstractQueuedSynchronizer.java:1803)
        at java.base@25.0.3/java.util.concurrent.ScheduledThreadPoolExecutor$DelayedWorkQueue.take(ScheduledThreadPoolExecutor.java:1166)
        at java.base@25.0.3/java.util.concurrent.ScheduledThreadPoolExecutor$DelayedWorkQueue.take(ScheduledThreadPoolExecutor.java:883)
        at java.base@25.0.3/java.util.concurrent.ThreadPoolExecutor.getTask(ThreadPoolExecutor.java:1016)
        at java.base@25.0.3/java.util.concurrent.ThreadPoolExecutor.runWorker(ThreadPoolExecutor.java:1076)
        at java.base@25.0.3/java.util.concurrent.ThreadPoolExecutor$Worker.run(ThreadPoolExecutor.java:614)
        at java.base@25.0.3/java.lang.Thread.runWith(Thread.java:1487)
        at java.base@25.0.3/java.lang.Thread.run(Thread.java:1474)
"lifecycleConfigurationTable_FullTableCache-Cleanup-0" daemon prio=5 tid=2030 timed_waiting
java.lang.Thread.State: TIMED_WAITING
        at java.base@25.0.3/jdk.internal.misc.Unsafe.park(Native Method)
        at java.base@25.0.3/java.util.concurrent.locks.LockSupport.parkNanos(LockSupport.java:271)
        at java.base@25.0.3/java.util.concurrent.locks.AbstractQueuedSynchronizer$ConditionObject.awaitNanos(AbstractQueuedSynchronizer.java:1803)
        at java.base@25.0.3/java.util.concurrent.ScheduledThreadPoolExecutor$DelayedWorkQueue.take(ScheduledThreadPoolExecutor.java:1166)
        at java.base@25.0.3/java.util.concurrent.ScheduledThreadPoolExecutor$DelayedWorkQueue.take(ScheduledThreadPoolExecutor.java:883)
        at java.base@25.0.3/java.util.concurrent.ThreadPoolExecutor.getTask(ThreadPoolExecutor.java:1016)
        at java.base@25.0.3/java.util.concurrent.ThreadPoolExecutor.runWorker(ThreadPoolExecutor.java:1076)
        at java.base@25.0.3/java.util.concurrent.ThreadPoolExecutor$Worker.run(ThreadPoolExecutor.java:614)
        at java.base@25.0.3/java.lang.Thread.runWith(Thread.java:1487)
        at java.base@25.0.3/java.lang.Thread.run(Thread.java:1474)
"IPC Server handler 21 on default port 9862" daemon prio=5 tid=2590 timed_waiting
java.lang.Thread.State: TIMED_WAITING
        at java.base@25.0.3/jdk.internal.misc.Unsafe.park(Native Method)
        at java.base@25.0.3/java.util.concurrent.locks.LockSupport.parkNanos(LockSupport.java:271)
        at java.base@25.0.3/java.util.concurrent.locks.AbstractQueuedSynchronizer$ConditionObject.awaitNanos(AbstractQueuedSynchronizer.java:1803)
        at java.base@25.0.3/java.util.concurrent.LinkedBlockingQueue.poll(LinkedBlockingQueue.java:460)
        at app//org.apache.hadoop.ipc_.CallQueueManager.take(CallQueueManager.java:294)
        at app//org.apache.hadoop.ipc_.Server$Handler.run(Server.java:2634)
"IPC Server handler 19 on default port 9862" daemon prio=5 tid=2588 timed_waiting
java.lang.Thread.State: TIMED_WAITING
        at java.base@25.0.3/jdk.internal.misc.Unsafe.park(Native Method)
        at java.base@25.0.3/java.util.concurrent.locks.LockSupport.parkNanos(LockSupport.java:271)
        at java.base@25.0.3/java.util.concurrent.locks.AbstractQueuedSynchronizer$ConditionObject.awaitNanos(AbstractQueuedSynchronizer.java:1803)
        at java.base@25.0.3/java.util.concurrent.LinkedBlockingQueue.poll(LinkedBlockingQueue.java:460)
        at app//org.apache.hadoop.ipc_.CallQueueManager.take(CallQueueManager.java:294)
        at app//org.apache.hadoop.ipc_.Server$Handler.run(Server.java:2634)
"Socket Reader #7 for port 9862" daemon prio=5 tid=2532 runnable
java.lang.Thread.State: RUNNABLE
        at java.base@25.0.3/sun.nio.ch.EPoll.wait(Native Method)
        at java.base@25.0.3/sun.nio.ch.EPollSelectorImpl.doSelect(EPollSelectorImpl.java:117)
        at java.base@25.0.3/sun.nio.ch.SelectorImpl.lockAndDoSelect(SelectorImpl.java:130)
        at java.base@25.0.3/sun.nio.ch.SelectorImpl.select(SelectorImpl.java:147)
        at app//org.apache.hadoop.ipc_.Server$Listener$Reader.doRunLoop(Server.java:1004)
        at app//org.apache.hadoop.ipc_.Server$Listener$Reader.run(Server.java:983)
"SnapshotCacheCleanupService" daemon prio=5 tid=2520 timed_waiting
java.lang.Thread.State: TIMED_WAITING
        at java.base@25.0.3/jdk.internal.misc.Unsafe.park(Native Method)
        at java.base@25.0.3/java.util.concurrent.locks.LockSupport.parkNanos(LockSupport.java:271)
        at java.base@25.0.3/java.util.concurrent.locks.AbstractQueuedSynchronizer$ConditionObject.awaitNanos(AbstractQueuedSynchronizer.java:1803)
        at java.base@25.0.3/java.util.concurrent.ScheduledThreadPoolExecutor$DelayedWorkQueue.take(ScheduledThreadPoolExecutor.java:1166)
        at java.base@25.0.3/java.util.concurrent.ScheduledThreadPoolExecutor$DelayedWorkQueue.take(ScheduledThreadPoolExecutor.java:883)
        at java.base@25.0.3/java.util.concurrent.ThreadPoolExecutor.getTask(ThreadPoolExecutor.java:1016)
        at java.base@25.0.3/java.util.concurrent.ThreadPoolExecutor.runWorker(ThreadPoolExecutor.java:1076)
        at java.base@25.0.3/java.util.concurrent.ThreadPoolExecutor$Worker.run(ThreadPoolExecutor.java:614)
        at java.base@25.0.3/java.lang.Thread.runWith(Thread.java:1487)
        at java.base@25.0.3/java.lang.Thread.run(Thread.java:1474)
"IPC Server handler 28 on default port 9862" daemon prio=5 tid=2597 timed_waiting
java.lang.Thread.State: TIMED_WAITING
        at java.base@25.0.3/jdk.internal.misc.Unsafe.park(Native Method)
        at java.base@25.0.3/java.util.concurrent.locks.LockSupport.parkNanos(LockSupport.java:271)
        at java.base@25.0.3/java.util.concurrent.locks.AbstractQueuedSynchronizer$ConditionObject.awaitNanos(AbstractQueuedSynchronizer.java:1803)
        at java.base@25.0.3/java.util.concurrent.LinkedBlockingQueue.poll(LinkedBlockingQueue.java:460)
        at app//org.apache.hadoop.ipc_.CallQueueManager.take(CallQueueManager.java:294)
        at app//org.apache.hadoop.ipc_.Server$Handler.run(Server.java:2634)
"IPC Server handler 41 on default port 9862" daemon prio=5 tid=2610 timed_waiting
java.lang.Thread.State: TIMED_WAITING
        at java.base@25.0.3/jdk.internal.misc.Unsafe.park(Native Method)
        at java.base@25.0.3/java.util.concurrent.locks.LockSupport.parkNanos(LockSupport.java:271)
        at java.base@25.0.3/java.util.concurrent.locks.AbstractQueuedSynchronizer$ConditionObject.awaitNanos(AbstractQueuedSynchronizer.java:1803)
        at java.base@25.0.3/java.util.concurrent.LinkedBlockingQueue.poll(LinkedBlockingQueue.java:460)
        at app//org.apache.hadoop.ipc_.CallQueueManager.take(CallQueueManager.java:294)
        at app//org.apache.hadoop.ipc_.Server$Handler.run(Server.java:2634)
"om1-KeyDeletingService#0" daemon prio=5 tid=2547 in Object.wait()
java.lang.Thread.State: WAITING (on object monitor)
        at java.base@25.0.3/jdk.internal.misc.Unsafe.park(Native Method)
        at java.base@25.0.3/java.util.concurrent.locks.LockSupport.park(LockSupport.java:369)
        at java.base@25.0.3/java.util.concurrent.locks.AbstractQueuedSynchronizer$ConditionNode.block(AbstractQueuedSynchronizer.java:520)
        at java.base@25.0.3/java.util.concurrent.ForkJoinPool.unmanagedBlock(ForkJoinPool.java:4364)
        at java.base@25.0.3/java.util.concurrent.ForkJoinPool.managedBlock(ForkJoinPool.java:4310)
        at java.base@25.0.3/java.util.concurrent.locks.AbstractQueuedSynchronizer$ConditionObject.await(AbstractQueuedSynchronizer.java:1752)
        at java.base@25.0.3/java.util.concurrent.ScheduledThreadPoolExecutor$DelayedWorkQueue.take(ScheduledThreadPoolExecutor.java:1161)
        at java.base@25.0.3/java.util.concurrent.ScheduledThreadPoolExecutor$DelayedWorkQueue.take(ScheduledThreadPoolExecutor.java:883)
        at java.base@25.0.3/java.util.concurrent.ThreadPoolExecutor.getTask(ThreadPoolExecutor.java:1016)
        at java.base@25.0.3/java.util.concurrent.ThreadPoolExecutor.runWorker(ThreadPoolExecutor.java:1076)
        at java.base@25.0.3/java.util.concurrent.ThreadPoolExecutor$Worker.run(ThreadPoolExecutor.java:614)
        at java.base@25.0.3/java.lang.Thread.runWith(Thread.java:1487)
        at java.base@25.0.3/java.lang.Thread.run(Thread.java:1474)
"om1-KeyLifecycleService#0" daemon prio=5 tid=2557 in Object.wait()
java.lang.Thread.State: WAITING (on object monitor)
        at java.base@25.0.3/jdk.internal.misc.Unsafe.park(Native Method)
        at java.base@25.0.3/java.util.concurrent.locks.LockSupport.park(LockSupport.java:369)
        at java.base@25.0.3/java.util.concurrent.locks.AbstractQueuedSynchronizer$ConditionNode.block(AbstractQueuedSynchronizer.java:520)
        at java.base@25.0.3/java.util.concurrent.ForkJoinPool.unmanagedBlock(ForkJoinPool.java:4364)
        at java.base@25.0.3/java.util.concurrent.ForkJoinPool.managedBlock(ForkJoinPool.java:4310)
        at java.base@25.0.3/java.util.concurrent.locks.AbstractQueuedSynchronizer$ConditionObject.await(AbstractQueuedSynchronizer.java:1752)
        at java.base@25.0.3/java.util.concurrent.ScheduledThreadPoolExecutor$DelayedWorkQueue.take(ScheduledThreadPoolExecutor.java:1161)
        at java.base@25.0.3/java.util.concurrent.ScheduledThreadPoolExecutor$DelayedWorkQueue.take(ScheduledThreadPoolExecutor.java:883)
        at java.base@25.0.3/java.util.concurrent.ThreadPoolExecutor.getTask(ThreadPoolExecutor.java:1016)
        at java.base@25.0.3/java.util.concurrent.ThreadPoolExecutor.runWorker(ThreadPoolExecutor.java:1076)
        at java.base@25.0.3/java.util.concurrent.ThreadPoolExecutor$Worker.run(ThreadPoolExecutor.java:614)
        at java.base@25.0.3/java.lang.Thread.runWith(Thread.java:1487)
        at java.base@25.0.3/java.lang.Thread.run(Thread.java:1474)
"openKeyTable_PartialTableCache-Cleanup-0" daemon prio=5 tid=1091 in Object.wait()
java.lang.Thread.State: WAITING (on object monitor)
        at java.base@25.0.3/jdk.internal.misc.Unsafe.park(Native Method)
        at java.base@25.0.3/java.util.concurrent.locks.LockSupport.park(LockSupport.java:369)
        at java.base@25.0.3/java.util.concurrent.locks.AbstractQueuedSynchronizer$ConditionNode.block(AbstractQueuedSynchronizer.java:520)
        at java.base@25.0.3/java.util.concurrent.ForkJoinPool.unmanagedBlock(ForkJoinPool.java:4364)
        at java.base@25.0.3/java.util.concurrent.ForkJoinPool.managedBlock(ForkJoinPool.java:4310)
        at java.base@25.0.3/java.util.concurrent.locks.AbstractQueuedSynchronizer$ConditionObject.await(AbstractQueuedSynchronizer.java:1752)
        at java.base@25.0.3/java.util.concurrent.LinkedBlockingQueue.take(LinkedBlockingQueue.java:435)
        at java.base@25.0.3/java.util.concurrent.ThreadPoolExecutor.getTask(ThreadPoolExecutor.java:1016)
        at java.base@25.0.3/java.util.concurrent.ThreadPoolExecutor.runWorker(ThreadPoolExecutor.java:1076)
        at java.base@25.0.3/java.util.concurrent.ThreadPoolExecutor$Worker.run(ThreadPoolExecutor.java:614)
        at java.base@25.0.3/java.lang.Thread.runWith(Thread.java:1487)
        at java.base@25.0.3/java.lang.Thread.run(Thread.java:1474)
"keyTable_PartialTableCache-Cleanup-0" daemon prio=5 tid=2685 in Object.wait()
java.lang.Thread.State: WAITING (on object monitor)
        at java.base@25.0.3/jdk.internal.misc.Unsafe.park(Native Method)
        at java.base@25.0.3/java.util.concurrent.locks.LockSupport.park(LockSupport.java:369)
        at java.base@25.0.3/java.util.concurrent.locks.AbstractQueuedSynchronizer$ConditionNode.block(AbstractQueuedSynchronizer.java:520)
        at java.base@25.0.3/java.util.concurrent.ForkJoinPool.unmanagedBlock(ForkJoinPool.java:4364)
        at java.base@25.0.3/java.util.concurrent.ForkJoinPool.managedBlock(ForkJoinPool.java:4310)
        at java.base@25.0.3/java.util.concurrent.locks.AbstractQueuedSynchronizer$ConditionObject.await(AbstractQueuedSynchronizer.java:1752)
        at java.base@25.0.3/java.util.concurrent.LinkedBlockingQueue.take(LinkedBlockingQueue.java:435)
        at java.base@25.0.3/java.util.concurrent.ThreadPoolExecutor.getTask(ThreadPoolExecutor.java:1016)
        at java.base@25.0.3/java.util.concurrent.ThreadPoolExecutor.runWorker(ThreadPoolExecutor.java:1076)
        at java.base@25.0.3/java.util.concurrent.ThreadPoolExecutor$Worker.run(ThreadPoolExecutor.java:614)
        at java.base@25.0.3/java.lang.Thread.runWith(Thread.java:1487)
        at java.base@25.0.3/java.lang.Thread.run(Thread.java:1474)
"lifecycleConfigurationTable_FullTableCache-Cleanup-0" daemon prio=5 tid=1492 timed_waiting
java.lang.Thread.State: TIMED_WAITING
        at java.base@25.0.3/jdk.internal.misc.Unsafe.park(Native Method)
        at java.base@25.0.3/java.util.concurrent.locks.LockSupport.parkNanos(LockSupport.java:271)
        at java.base@25.0.3/java.util.concurrent.locks.AbstractQueuedSynchronizer$ConditionObject.awaitNanos(AbstractQueuedSynchronizer.java:1803)
        at java.base@25.0.3/java.util.concurrent.ScheduledThreadPoolExecutor$DelayedWorkQueue.take(ScheduledThreadPoolExecutor.java:1166)
        at java.base@25.0.3/java.util.concurrent.ScheduledThreadPoolExecutor$DelayedWorkQueue.take(ScheduledThreadPoolExecutor.java:883)
        at java.base@25.0.3/java.util.concurrent.ThreadPoolExecutor.getTask(ThreadPoolExecutor.java:1016)
        at java.base@25.0.3/java.util.concurrent.ThreadPoolExecutor.runWorker(ThreadPoolExecutor.java:1076)
        at java.base@25.0.3/java.util.concurrent.ThreadPoolExecutor$Worker.run(ThreadPoolExecutor.java:614)
        at java.base@25.0.3/java.lang.Thread.runWith(Thread.java:1487)
        at java.base@25.0.3/java.lang.Thread.run(Thread.java:1474)
"ForkJoinPool-1-worker-7" daemon prio=5 tid=2038 in Object.wait()
java.lang.Thread.State: WAITING (on object monitor)
        at java.base@25.0.3/jdk.internal.misc.Unsafe.park(Native Method)
        at java.base@25.0.3/java.util.concurrent.ForkJoinPool.awaitWork(ForkJoinPool.java:2109)
        at java.base@25.0.3/java.util.concurrent.ForkJoinPool.deactivate(ForkJoinPool.java:2063)
        at java.base@25.0.3/java.util.concurrent.ForkJoinPool.runWorker(ForkJoinPool.java:2027)
        at java.base@25.0.3/java.util.concurrent.ForkJoinWorkerThread.run(ForkJoinWorkerThread.java:187)
"IPC Server handler 73 on default port 9862" daemon prio=5 tid=2642 timed_waiting
java.lang.Thread.State: TIMED_WAITING
        at java.base@25.0.3/jdk.internal.misc.Unsafe.park(Native Method)
        at java.base@25.0.3/java.util.concurrent.locks.LockSupport.parkNanos(LockSupport.java:271)
        at java.base@25.0.3/java.util.concurrent.locks.AbstractQueuedSynchronizer$ConditionObject.awaitNanos(AbstractQueuedSynchronizer.java:1803)
        at java.base@25.0.3/java.util.concurrent.LinkedBlockingQueue.poll(LinkedBlockingQueue.java:460)
        at app//org.apache.hadoop.ipc_.CallQueueManager.take(CallQueueManager.java:294)
        at app//org.apache.hadoop.ipc_.Server$Handler.run(Server.java:2634)
"IPC Server handler 45 on default port 9862" daemon prio=5 tid=2614 timed_waiting
java.lang.Thread.State: TIMED_WAITING
        at java.base@25.0.3/jdk.internal.misc.Unsafe.park(Native Method)
        at java.base@25.0.3/java.util.concurrent.locks.LockSupport.parkNanos(LockSupport.java:271)
        at java.base@25.0.3/java.util.concurrent.locks.AbstractQueuedSynchronizer$ConditionObject.awaitNanos(AbstractQueuedSynchronizer.java:1803)
        at java.base@25.0.3/java.util.concurrent.LinkedBlockingQueue.poll(LinkedBlockingQueue.java:460)
        at app//org.apache.hadoop.ipc_.CallQueueManager.take(CallQueueManager.java:294)
        at app//org.apache.hadoop.ipc_.Server$Handler.run(Server.java:2634)
"IPC Server handler 66 on default port 9862" daemon prio=5 tid=2635 timed_waiting
java.lang.Thread.State: TIMED_WAITING
        at java.base@25.0.3/jdk.internal.misc.Unsafe.park(Native Method)
        at java.base@25.0.3/java.util.concurrent.locks.LockSupport.parkNanos(LockSupport.java:271)
        at java.base@25.0.3/java.util.concurrent.locks.AbstractQueuedSynchronizer$ConditionObject.awaitNanos(AbstractQueuedSynchronizer.java:1803)
        at java.base@25.0.3/java.util.concurrent.LinkedBlockingQueue.poll(LinkedBlockingQueue.java:460)
        at app//org.apache.hadoop.ipc_.CallQueueManager.take(CallQueueManager.java:294)
        at app//org.apache.hadoop.ipc_.Server$Handler.run(Server.java:2634)
"om1-KeyDeletingService#3" daemon prio=5 tid=2690 in Object.wait()
java.lang.Thread.State: WAITING (on object monitor)
        at java.base@25.0.3/jdk.internal.misc.Unsafe.park(Native Method)
        at java.base@25.0.3/java.util.concurrent.locks.LockSupport.park(LockSupport.java:369)
        at java.base@25.0.3/java.util.concurrent.locks.AbstractQueuedSynchronizer$ConditionNode.block(AbstractQueuedSynchronizer.java:520)
        at java.base@25.0.3/java.util.concurrent.ForkJoinPool.unmanagedBlock(ForkJoinPool.java:4364)
        at java.base@25.0.3/java.util.concurrent.ForkJoinPool.managedBlock(ForkJoinPool.java:4310)
        at java.base@25.0.3/java.util.concurrent.locks.AbstractQueuedSynchronizer$ConditionObject.await(AbstractQueuedSynchronizer.java:1752)
        at java.base@25.0.3/java.util.concurrent.ScheduledThreadPoolExecutor$DelayedWorkQueue.take(ScheduledThreadPoolExecutor.java:1161)
        at java.base@25.0.3/java.util.concurrent.ScheduledThreadPoolExecutor$DelayedWorkQueue.take(ScheduledThreadPoolExecutor.java:883)
        at java.base@25.0.3/java.util.concurrent.ThreadPoolExecutor.getTask(ThreadPoolExecutor.java:1016)
        at java.base@25.0.3/java.util.concurrent.ThreadPoolExecutor.runWorker(ThreadPoolExecutor.java:1076)
        at java.base@25.0.3/java.util.concurrent.ThreadPoolExecutor$Worker.run(ThreadPoolExecutor.java:614)
        at java.base@25.0.3/java.lang.Thread.runWith(Thread.java:1487)
        at java.base@25.0.3/java.lang.Thread.run(Thread.java:1474)
"surefire-forkedjvm-ping-30s" daemon prio=5 tid=28 timed_waiting
java.lang.Thread.State: TIMED_WAITING
        at java.base@25.0.3/jdk.internal.misc.Unsafe.park(Native Method)
        at java.base@25.0.3/java.util.concurrent.locks.LockSupport.parkNanos(LockSupport.java:271)
        at java.base@25.0.3/java.util.concurrent.locks.AbstractQueuedSynchronizer$ConditionObject.awaitNanos(AbstractQueuedSynchronizer.java:1803)
        at java.base@25.0.3/java.util.concurrent.ScheduledThreadPoolExecutor$DelayedWorkQueue.take(ScheduledThreadPoolExecutor.java:1166)
        at java.base@25.0.3/java.util.concurrent.ScheduledThreadPoolExecutor$DelayedWorkQueue.take(ScheduledThreadPoolExecutor.java:883)
        at java.base@25.0.3/java.util.concurrent.ThreadPoolExecutor.getTask(ThreadPoolExecutor.java:1016)
        at java.base@25.0.3/java.util.concurrent.ThreadPoolExecutor.runWorker(ThreadPoolExecutor.java:1076)
        at java.base@25.0.3/java.util.concurrent.ThreadPoolExecutor$Worker.run(ThreadPoolExecutor.java:614)
        at java.base@25.0.3/java.lang.Thread.runWith(Thread.java:1487)
        at java.base@25.0.3/java.lang.Thread.run(Thread.java:1474)
"Socket Reader #6 for port 9862" daemon prio=5 tid=2531 runnable
java.lang.Thread.State: RUNNABLE
        at java.base@25.0.3/sun.nio.ch.EPoll.wait(Native Method)
        at java.base@25.0.3/sun.nio.ch.EPollSelectorImpl.doSelect(EPollSelectorImpl.java:117)
        at java.base@25.0.3/sun.nio.ch.SelectorImpl.lockAndDoSelect(SelectorImpl.java:130)
        at java.base@25.0.3/sun.nio.ch.SelectorImpl.select(SelectorImpl.java:147)
        at app//org.apache.hadoop.ipc_.Server$Listener$Reader.doRunLoop(Server.java:1004)
        at app//org.apache.hadoop.ipc_.Server$Listener$Reader.run(Server.java:983)
"IPC Server handler 24 on default port 9862" daemon prio=5 tid=2593 timed_waiting
java.lang.Thread.State: TIMED_WAITING
        at java.base@25.0.3/jdk.internal.misc.Unsafe.park(Native Method)
        at java.base@25.0.3/java.util.concurrent.locks.LockSupport.parkNanos(LockSupport.java:271)
        at java.base@25.0.3/java.util.concurrent.locks.AbstractQueuedSynchronizer$ConditionObject.awaitNanos(AbstractQueuedSynchronizer.java:1803)
        at java.base@25.0.3/java.util.concurrent.LinkedBlockingQueue.poll(LinkedBlockingQueue.java:460)
        at app//org.apache.hadoop.ipc_.CallQueueManager.take(CallQueueManager.java:294)
        at app//org.apache.hadoop.ipc_.Server$Handler.run(Server.java:2634)
"IPC Server handler 29 on default port 9862" daemon prio=5 tid=2598 timed_waiting
java.lang.Thread.State: TIMED_WAITING
        at java.base@25.0.3/jdk.internal.misc.Unsafe.park(Native Method)
        at java.base@25.0.3/java.util.concurrent.locks.LockSupport.parkNanos(LockSupport.java:271)
        at java.base@25.0.3/java.util.concurrent.locks.AbstractQueuedSynchronizer$ConditionObject.awaitNanos(AbstractQueuedSynchronizer.java:1803)
        at java.base@25.0.3/java.util.concurrent.LinkedBlockingQueue.poll(LinkedBlockingQueue.java:460)
        at app//org.apache.hadoop.ipc_.CallQueueManager.take(CallQueueManager.java:294)
        at app//org.apache.hadoop.ipc_.Server$Handler.run(Server.java:2634)
"IPC Server handler 18 on default port 9862" daemon prio=5 tid=2587 timed_waiting
java.lang.Thread.State: TIMED_WAITING
        at java.base@25.0.3/jdk.internal.misc.Unsafe.park(Native Method)
        at java.base@25.0.3/java.util.concurrent.locks.LockSupport.parkNanos(LockSupport.java:271)
        at java.base@25.0.3/java.util.concurrent.locks.AbstractQueuedSynchronizer$ConditionObject.awaitNanos(AbstractQueuedSynchronizer.java:1803)
        at java.base@25.0.3/java.util.concurrent.LinkedBlockingQueue.poll(LinkedBlockingQueue.java:460)
        at app//org.apache.hadoop.ipc_.CallQueueManager.take(CallQueueManager.java:294)
        at app//org.apache.hadoop.ipc_.Server$Handler.run(Server.java:2634)
"om1-KeyDeletingService#1" daemon prio=5 tid=2548 timed_waiting
java.lang.Thread.State: TIMED_WAITING
        at java.base@25.0.3/jdk.internal.misc.Unsafe.park(Native Method)
        at java.base@25.0.3/java.util.concurrent.locks.LockSupport.parkNanos(LockSupport.java:271)
        at java.base@25.0.3/java.util.concurrent.locks.AbstractQueuedSynchronizer$ConditionObject.awaitNanos(AbstractQueuedSynchronizer.java:1803)
        at java.base@25.0.3/java.util.concurrent.ScheduledThreadPoolExecutor$DelayedWorkQueue.take(ScheduledThreadPoolExecutor.java:1166)
        at java.base@25.0.3/java.util.concurrent.ScheduledThreadPoolExecutor$DelayedWorkQueue.take(ScheduledThreadPoolExecutor.java:883)
        at java.base@25.0.3/java.util.concurrent.ThreadPoolExecutor.getTask(ThreadPoolExecutor.java:1016)
        at java.base@25.0.3/java.util.concurrent.ThreadPoolExecutor.runWorker(ThreadPoolExecutor.java:1076)
        at java.base@25.0.3/java.util.concurrent.ThreadPoolExecutor$Worker.run(ThreadPoolExecutor.java:614)
        at java.base@25.0.3/java.lang.Thread.runWith(Thread.java:1487)
        at java.base@25.0.3/java.lang.Thread.run(Thread.java:1474)
"om1-OMStateMachineApplyTransactionThread - 0" daemon prio=5 tid=2678 in Object.wait()
java.lang.Thread.State: WAITING (on object monitor)
        at java.base@25.0.3/jdk.internal.misc.Unsafe.park(Native Method)
        at java.base@25.0.3/java.util.concurrent.locks.LockSupport.park(LockSupport.java:369)
        at java.base@25.0.3/java.util.concurrent.locks.AbstractQueuedSynchronizer$ConditionNode.block(AbstractQueuedSynchronizer.java:520)
        at java.base@25.0.3/java.util.concurrent.ForkJoinPool.unmanagedBlock(ForkJoinPool.java:4364)
        at java.base@25.0.3/java.util.concurrent.ForkJoinPool.managedBlock(ForkJoinPool.java:4310)
        at java.base@25.0.3/java.util.concurrent.locks.AbstractQueuedSynchronizer$ConditionObject.await(AbstractQueuedSynchronizer.java:1752)
        at java.base@25.0.3/java.util.concurrent.LinkedBlockingQueue.take(LinkedBlockingQueue.java:435)
        at java.base@25.0.3/java.util.concurrent.ThreadPoolExecutor.getTask(ThreadPoolExecutor.java:1016)
        at java.base@25.0.3/java.util.concurrent.ThreadPoolExecutor.runWorker(ThreadPoolExecutor.java:1076)
        at java.base@25.0.3/java.util.concurrent.ThreadPoolExecutor$Worker.run(ThreadPoolExecutor.java:614)
        at java.base@25.0.3/java.lang.Thread.runWith(Thread.java:1487)
        at java.base@25.0.3/java.lang.Thread.run(Thread.java:1474)
"om1-OmRpcBoss-ELG-0" daemon prio=5 tid=2669 runnable
java.lang.Thread.State: RUNNABLE
        at java.base@25.0.3/sun.nio.ch.EPoll.wait(Native Method)
        at java.base@25.0.3/sun.nio.ch.EPollSelectorImpl.doSelect(EPollSelectorImpl.java:117)
        at java.base@25.0.3/sun.nio.ch.SelectorImpl.lockAndDoSelect(SelectorImpl.java:130)
        at java.base@25.0.3/sun.nio.ch.SelectorImpl.select(SelectorImpl.java:147)
        at app//io.netty.channel.nio.SelectedSelectionKeySetSelector.select(SelectedSelectionKeySetSelector.java:68)
        at app//io.netty.channel.nio.NioEventLoop.select(NioEventLoop.java:887)
        at app//io.netty.channel.nio.NioEventLoop.run(NioEventLoop.java:526)
        at app//io.netty.util.concurrent.SingleThreadEventExecutor$4.run(SingleThreadEventExecutor.java:1007)
        at app//io.netty.util.internal.ThreadExecutorMap$2.run(ThreadExecutorMap.java:74)
        at java.base@25.0.3/java.lang.Thread.runWith(Thread.java:1487)
        at java.base@25.0.3/java.lang.Thread.run(Thread.java:1474)
"openFileTable_PartialTableCache-Cleanup-0" daemon prio=5 tid=2680 in Object.wait()
java.lang.Thread.State: WAITING (on object monitor)
        at java.base@25.0.3/jdk.internal.misc.Unsafe.park(Native Method)
        at java.base@25.0.3/java.util.concurrent.locks.LockSupport.park(LockSupport.java:369)
        at java.base@25.0.3/java.util.concurrent.locks.AbstractQueuedSynchronizer$ConditionNode.block(AbstractQueuedSynchronizer.java:520)
        at java.base@25.0.3/java.util.concurrent.ForkJoinPool.unmanagedBlock(ForkJoinPool.java:4364)
        at java.base@25.0.3/java.util.concurrent.ForkJoinPool.managedBlock(ForkJoinPool.java:4310)
        at java.base@25.0.3/java.util.concurrent.locks.AbstractQueuedSynchronizer$ConditionObject.await(AbstractQueuedSynchronizer.java:1752)
        at java.base@25.0.3/java.util.concurrent.LinkedBlockingQueue.take(LinkedBlockingQueue.java:435)
        at java.base@25.0.3/java.util.concurrent.ThreadPoolExecutor.getTask(ThreadPoolExecutor.java:1016)
        at java.base@25.0.3/java.util.concurrent.ThreadPoolExecutor.runWorker(ThreadPoolExecutor.java:1076)
        at java.base@25.0.3/java.util.concurrent.ThreadPoolExecutor$Worker.run(ThreadPoolExecutor.java:614)
        at java.base@25.0.3/java.lang.Thread.runWith(Thread.java:1487)
        at java.base@25.0.3/java.lang.Thread.run(Thread.java:1474)
"IPC Server handler 49 on default port 9862" daemon prio=5 tid=2618 timed_waiting
java.lang.Thread.State: TIMED_WAITING
        at java.base@25.0.3/jdk.internal.misc.Unsafe.park(Native Method)
        at java.base@25.0.3/java.util.concurrent.locks.LockSupport.parkNanos(LockSupport.java:271)
        at java.base@25.0.3/java.util.concurrent.locks.AbstractQueuedSynchronizer$ConditionObject.awaitNanos(AbstractQueuedSynchronizer.java:1803)
        at java.base@25.0.3/java.util.concurrent.LinkedBlockingQueue.poll(LinkedBlockingQueue.java:460)
        at app//org.apache.hadoop.ipc_.CallQueueManager.take(CallQueueManager.java:294)
        at app//org.apache.hadoop.ipc_.Server$Handler.run(Server.java:2634)
"om1@group-C5BA1605619E-cacheEviction-AwaitToRun" daemon prio=5 tid=2538 in Object.wait()
java.lang.Thread.State: WAITING (on object monitor)
        at java.base@25.0.3/jdk.internal.misc.Unsafe.park(Native Method)
        at java.base@25.0.3/java.util.concurrent.locks.LockSupport.park(LockSupport.java:369)
        at java.base@25.0.3/java.util.concurrent.locks.AbstractQueuedSynchronizer$ConditionNode.block(AbstractQueuedSynchronizer.java:520)
        at java.base@25.0.3/java.util.concurrent.ForkJoinPool.unmanagedBlock(ForkJoinPool.java:4364)
        at java.base@25.0.3/java.util.concurrent.ForkJoinPool.managedBlock(ForkJoinPool.java:4310)
        at java.base@25.0.3/java.util.concurrent.locks.AbstractQueuedSynchronizer$ConditionObject.await(AbstractQueuedSynchronizer.java:1752)
        at app//org.apache.ratis.util.AwaitForSignal.await(AwaitForSignal.java:48)
        at app//org.apache.ratis.util.AwaitToRun$RunnableImpl.run(AwaitToRun.java:47)
        at java.base@25.0.3/java.lang.Thread.runWith(Thread.java:1487)
        at java.base@25.0.3/java.lang.Thread.run(Thread.java:1474)
"openFileTable_PartialTableCache-Cleanup-0" daemon prio=5 tid=2193 in Object.wait()
java.lang.Thread.State: WAITING (on object monitor)
        at java.base@25.0.3/jdk.internal.misc.Unsafe.park(Native Method)
        at java.base@25.0.3/java.util.concurrent.locks.LockSupport.park(LockSupport.java:369)
        at java.base@25.0.3/java.util.concurrent.locks.AbstractQueuedSynchronizer$ConditionNode.block(AbstractQueuedSynchronizer.java:520)
        at java.base@25.0.3/java.util.concurrent.ForkJoinPool.unmanagedBlock(ForkJoinPool.java:4364)
        at java.base@25.0.3/java.util.concurrent.ForkJoinPool.managedBlock(ForkJoinPool.java:4310)
        at java.base@25.0.3/java.util.concurrent.locks.AbstractQueuedSynchronizer$ConditionObject.await(AbstractQueuedSynchronizer.java:1752)
        at java.base@25.0.3/java.util.concurrent.LinkedBlockingQueue.take(LinkedBlockingQueue.java:435)
        at java.base@25.0.3/java.util.concurrent.ThreadPoolExecutor.getTask(ThreadPoolExecutor.java:1016)
        at java.base@25.0.3/java.util.concurrent.ThreadPoolExecutor.runWorker(ThreadPoolExecutor.java:1076)
        at java.base@25.0.3/java.util.concurrent.ThreadPoolExecutor$Worker.run(ThreadPoolExecutor.java:614)
        at java.base@25.0.3/java.lang.Thread.runWith(Thread.java:1487)
        at java.base@25.0.3/java.lang.Thread.run(Thread.java:1474)
"volumeTable_FullTableCache-Cleanup-0" daemon prio=5 tid=1520 timed_waiting
java.lang.Thread.State: TIMED_WAITING
        at java.base@25.0.3/jdk.internal.misc.Unsafe.park(Native Method)
        at java.base@25.0.3/java.util.concurrent.locks.LockSupport.parkNanos(LockSupport.java:271)
        at java.base@25.0.3/java.util.concurrent.locks.AbstractQueuedSynchronizer$ConditionObject.awaitNanos(AbstractQueuedSynchronizer.java:1803)
        at java.base@25.0.3/java.util.concurrent.ScheduledThreadPoolExecutor$DelayedWorkQueue.take(ScheduledThreadPoolExecutor.java:1166)
        at java.base@25.0.3/java.util.concurrent.ScheduledThreadPoolExecutor$DelayedWorkQueue.take(ScheduledThreadPoolExecutor.java:883)
        at java.base@25.0.3/java.util.concurrent.ThreadPoolExecutor.getTask(ThreadPoolExecutor.java:1016)
        at java.base@25.0.3/java.util.concurrent.ThreadPoolExecutor.runWorker(ThreadPoolExecutor.java:1076)
        at java.base@25.0.3/java.util.concurrent.ThreadPoolExecutor$Worker.run(ThreadPoolExecutor.java:614)
        at java.base@25.0.3/java.lang.Thread.runWith(Thread.java:1487)
        at java.base@25.0.3/java.lang.Thread.run(Thread.java:1474)
"lifecycleConfigurationTable_FullTableCache-Cleanup-0" daemon prio=5 tid=1522 timed_waiting
java.lang.Thread.State: TIMED_WAITING
        at java.base@25.0.3/jdk.internal.misc.Unsafe.park(Native Method)
        at java.base@25.0.3/java.util.concurrent.locks.LockSupport.parkNanos(LockSupport.java:271)
        at java.base@25.0.3/java.util.concurrent.locks.AbstractQueuedSynchronizer$ConditionObject.awaitNanos(AbstractQueuedSynchronizer.java:1803)
        at java.base@25.0.3/java.util.concurrent.ScheduledThreadPoolExecutor$DelayedWorkQueue.take(ScheduledThreadPoolExecutor.java:1166)
        at java.base@25.0.3/java.util.concurrent.ScheduledThreadPoolExecutor$DelayedWorkQueue.take(ScheduledThreadPoolExecutor.java:883)
        at java.base@25.0.3/java.util.concurrent.ThreadPoolExecutor.getTask(ThreadPoolExecutor.java:1016)
        at java.base@25.0.3/java.util.concurrent.ThreadPoolExecutor.runWorker(ThreadPoolExecutor.java:1076)
        at java.base@25.0.3/java.util.concurrent.ThreadPoolExecutor$Worker.run(ThreadPoolExecutor.java:614)
        at java.base@25.0.3/java.lang.Thread.runWith(Thread.java:1487)
        at java.base@25.0.3/java.lang.Thread.run(Thread.java:1474)
"om1-KeyDeletingService#4" daemon prio=5 tid=2691 in Object.wait()
java.lang.Thread.State: WAITING (on object monitor)
        at java.base@25.0.3/jdk.internal.misc.Unsafe.park(Native Method)
        at java.base@25.0.3/java.util.concurrent.locks.LockSupport.park(LockSupport.java:369)
        at java.base@25.0.3/java.util.concurrent.locks.AbstractQueuedSynchronizer$ConditionNode.block(AbstractQueuedSynchronizer.java:520)
        at java.base@25.0.3/java.util.concurrent.ForkJoinPool.unmanagedBlock(ForkJoinPool.java:4364)
        at java.base@25.0.3/java.util.concurrent.ForkJoinPool.managedBlock(ForkJoinPool.java:4310)
        at java.base@25.0.3/java.util.concurrent.locks.AbstractQueuedSynchronizer$ConditionObject.await(AbstractQueuedSynchronizer.java:1752)
        at java.base@25.0.3/java.util.concurrent.ScheduledThreadPoolExecutor$DelayedWorkQueue.take(ScheduledThreadPoolExecutor.java:1161)
        at java.base@25.0.3/java.util.concurrent.ScheduledThreadPoolExecutor$DelayedWorkQueue.take(ScheduledThreadPoolExecutor.java:883)
        at java.base@25.0.3/java.util.concurrent.ThreadPoolExecutor.getTask(ThreadPoolExecutor.java:1016)
        at java.base@25.0.3/java.util.concurrent.ThreadPoolExecutor.runWorker(ThreadPoolExecutor.java:1076)
        at java.base@25.0.3/java.util.concurrent.ThreadPoolExecutor$Worker.run(ThreadPoolExecutor.java:614)
        at java.base@25.0.3/java.lang.Thread.runWith(Thread.java:1487)
        at java.base@25.0.3/java.lang.Thread.run(Thread.java:1474)
"bucketTable_FullTableCache-Cleanup-0" daemon prio=5 tid=1521 timed_waiting
java.lang.Thread.State: TIMED_WAITING
        at java.base@25.0.3/jdk.internal.misc.Unsafe.park(Native Method)
        at java.base@25.0.3/java.util.concurrent.locks.LockSupport.parkNanos(LockSupport.java:271)
        at java.base@25.0.3/java.util.concurrent.locks.AbstractQueuedSynchronizer$ConditionObject.awaitNanos(AbstractQueuedSynchronizer.java:1803)
        at java.base@25.0.3/java.util.concurrent.ScheduledThreadPoolExecutor$DelayedWorkQueue.take(ScheduledThreadPoolExecutor.java:1166)
        at java.base@25.0.3/java.util.concurrent.ScheduledThreadPoolExecutor$DelayedWorkQueue.take(ScheduledThreadPoolExecutor.java:883)
        at java.base@25.0.3/java.util.concurrent.ThreadPoolExecutor.getTask(ThreadPoolExecutor.java:1016)
        at java.base@25.0.3/java.util.concurrent.ThreadPoolExecutor.runWorker(ThreadPoolExecutor.java:1076)
        at java.base@25.0.3/java.util.concurrent.ThreadPoolExecutor$Worker.run(ThreadPoolExecutor.java:614)
        at java.base@25.0.3/java.lang.Thread.runWith(Thread.java:1487)
        at java.base@25.0.3/java.lang.Thread.run(Thread.java:1474)
"grpc-default-boss-ELG-8-1" daemon prio=5 tid=2542 runnable
java.lang.Thread.State: RUNNABLE
        at app//org.apache.ratis.thirdparty.io.netty.channel.epoll.Native.epollWait(Native Method)
        at app//org.apache.ratis.thirdparty.io.netty.channel.epoll.Native.epollWait(Native.java:220)
        at app//org.apache.ratis.thirdparty.io.netty.channel.epoll.Native.epollWait(Native.java:213)
        at app//org.apache.ratis.thirdparty.io.netty.channel.epoll.EpollEventLoop.epollWaitNoTimerChange(EpollEventLoop.java:308)
        at app//org.apache.ratis.thirdparty.io.netty.channel.epoll.EpollEventLoop.run(EpollEventLoop.java:365)
        at app//org.apache.ratis.thirdparty.io.netty.util.concurrent.SingleThreadEventExecutor$4.run(SingleThreadEventExecutor.java:998)
        at app//org.apache.ratis.thirdparty.io.netty.util.internal.ThreadExecutorMap$2.run(ThreadExecutorMap.java:74)
        at app//org.apache.ratis.thirdparty.io.netty.util.concurrent.FastThreadLocalRunnable.run(FastThreadLocalRunnable.java:30)
        at java.base@25.0.3/java.lang.Thread.runWith(Thread.java:1487)
        at java.base@25.0.3/java.lang.Thread.run(Thread.java:1474)
"MutableQuantiles-0" daemon prio=5 tid=244 timed_waiting
java.lang.Thread.State: TIMED_WAITING
        at java.base@25.0.3/jdk.internal.misc.Unsafe.park(Native Method)
        at java.base@25.0.3/java.util.concurrent.locks.LockSupport.parkNanos(LockSupport.java:271)
        at java.base@25.0.3/java.util.concurrent.locks.AbstractQueuedSynchronizer$ConditionObject.awaitNanos(AbstractQueuedSynchronizer.java:1803)
        at java.base@25.0.3/java.util.concurrent.ScheduledThreadPoolExecutor$DelayedWorkQueue.take(ScheduledThreadPoolExecutor.java:1166)
        at java.base@25.0.3/java.util.concurrent.ScheduledThreadPoolExecutor$DelayedWorkQueue.take(ScheduledThreadPoolExecutor.java:883)
        at java.base@25.0.3/java.util.concurrent.ThreadPoolExecutor.getTask(ThreadPoolExecutor.java:1016)
        at java.base@25.0.3/java.util.concurrent.ThreadPoolExecutor.runWorker(ThreadPoolExecutor.java:1076)
        at java.base@25.0.3/java.util.concurrent.ThreadPoolExecutor$Worker.run(ThreadPoolExecutor.java:614)
        at java.base@25.0.3/java.lang.Thread.runWith(Thread.java:1487)
        at java.base@25.0.3/java.lang.Thread.run(Thread.java:1474)
"surefire-forkedjvm-stream-flusher" daemon prio=5 tid=24 timed_waiting
java.lang.Thread.State: TIMED_WAITING
        at java.base@25.0.3/jdk.internal.misc.Unsafe.park(Native Method)
        at java.base@25.0.3/java.util.concurrent.locks.LockSupport.parkNanos(LockSupport.java:271)
        at java.base@25.0.3/java.util.concurrent.locks.AbstractQueuedSynchronizer$ConditionObject.awaitNanos(AbstractQueuedSynchronizer.java:1803)
        at java.base@25.0.3/java.util.concurrent.ScheduledThreadPoolExecutor$DelayedWorkQueue.take(ScheduledThreadPoolExecutor.java:1166)
        at java.base@25.0.3/java.util.concurrent.ScheduledThreadPoolExecutor$DelayedWorkQueue.take(ScheduledThreadPoolExecutor.java:883)
        at java.base@25.0.3/java.util.concurrent.ThreadPoolExecutor.getTask(ThreadPoolExecutor.java:1016)
        at java.base@25.0.3/java.util.concurrent.ThreadPoolExecutor.runWorker(ThreadPoolExecutor.java:1076)
        at java.base@25.0.3/java.util.concurrent.ThreadPoolExecutor$Worker.run(ThreadPoolExecutor.java:614)
        at java.base@25.0.3/java.lang.Thread.runWith(Thread.java:1487)
        at java.base@25.0.3/java.lang.Thread.run(Thread.java:1474)
"IPC Server handler 13 on default port 9862" daemon prio=5 tid=2582 timed_waiting
java.lang.Thread.State: TIMED_WAITING
        at java.base@25.0.3/jdk.internal.misc.Unsafe.park(Native Method)
        at java.base@25.0.3/java.util.concurrent.locks.LockSupport.parkNanos(LockSupport.java:271)
        at java.base@25.0.3/java.util.concurrent.locks.AbstractQueuedSynchronizer$ConditionObject.awaitNanos(AbstractQueuedSynchronizer.java:1803)
        at java.base@25.0.3/java.util.concurrent.LinkedBlockingQueue.poll(LinkedBlockingQueue.java:460)
        at app//org.apache.hadoop.ipc_.CallQueueManager.take(CallQueueManager.java:294)
        at app//org.apache.hadoop.ipc_.Server$Handler.run(Server.java:2634)
"prometheus" daemon prio=5 tid=134 in Object.wait()
java.lang.Thread.State: WAITING (on object monitor)
        at java.base@25.0.3/java.lang.Object.wait0(Native Method)
        at java.base@25.0.3/java.lang.Object.wait(Object.java:389)
        at java.base@25.0.3/java.lang.Object.wait(Object.java:351)
        at app//org.apache.hadoop.metrics2.impl.SinkQueue.waitForData(SinkQueue.java:114)
        at app//org.apache.hadoop.metrics2.impl.SinkQueue.consumeAll(SinkQueue.java:83)
        at app//org.apache.hadoop.metrics2.impl.MetricsSinkAdapter.publishMetricsFromQueue(MetricsSinkAdapter.java:135)
        at app//org.apache.hadoop.metrics2.impl.MetricsSinkAdapter$1.run(MetricsSinkAdapter.java:89)
"Socket Reader #2 for port 9862" daemon prio=5 tid=2527 runnable
java.lang.Thread.State: RUNNABLE
        at java.base@25.0.3/sun.nio.ch.EPoll.wait(Native Method)
        at java.base@25.0.3/sun.nio.ch.EPollSelectorImpl.doSelect(EPollSelectorImpl.java:117)
        at java.base@25.0.3/sun.nio.ch.SelectorImpl.lockAndDoSelect(SelectorImpl.java:130)
        at java.base@25.0.3/sun.nio.ch.SelectorImpl.select(SelectorImpl.java:147)
        at app//org.apache.hadoop.ipc_.Server$Listener$Reader.doRunLoop(Server.java:1004)
        at app//org.apache.hadoop.ipc_.Server$Listener$Reader.run(Server.java:983)
"volumeTable_FullTableCache-Cleanup-0" daemon prio=5 tid=76 timed_waiting
java.lang.Thread.State: TIMED_WAITING
        at java.base@25.0.3/jdk.internal.misc.Unsafe.park(Native Method)
        at java.base@25.0.3/java.util.concurrent.locks.LockSupport.parkNanos(LockSupport.java:271)
        at java.base@25.0.3/java.util.concurrent.locks.AbstractQueuedSynchronizer$ConditionObject.awaitNanos(AbstractQueuedSynchronizer.java:1803)
        at java.base@25.0.3/java.util.concurrent.ScheduledThreadPoolExecutor$DelayedWorkQueue.take(ScheduledThreadPoolExecutor.java:1166)
        at java.base@25.0.3/java.util.concurrent.ScheduledThreadPoolExecutor$DelayedWorkQueue.take(ScheduledThreadPoolExecutor.java:883)
        at java.base@25.0.3/java.util.concurrent.ThreadPoolExecutor.getTask(ThreadPoolExecutor.java:1016)
        at java.base@25.0.3/java.util.concurrent.ThreadPoolExecutor.runWorker(ThreadPoolExecutor.java:1076)
        at java.base@25.0.3/java.util.concurrent.ThreadPoolExecutor$Worker.run(ThreadPoolExecutor.java:614)
        at java.base@25.0.3/java.lang.Thread.runWith(Thread.java:1487)
        at java.base@25.0.3/java.lang.Thread.run(Thread.java:1474)
"deletedTable_PartialTableCache-Cleanup-0" daemon prio=5 tid=249 in Object.wait()
java.lang.Thread.State: WAITING (on object monitor)
        at java.base@25.0.3/jdk.internal.misc.Unsafe.park(Native Method)
        at java.base@25.0.3/java.util.concurrent.locks.LockSupport.park(LockSupport.java:369)
        at java.base@25.0.3/java.util.concurrent.locks.AbstractQueuedSynchronizer$ConditionNode.block(AbstractQueuedSynchronizer.java:520)
        at java.base@25.0.3/java.util.concurrent.ForkJoinPool.unmanagedBlock(ForkJoinPool.java:4364)
        at java.base@25.0.3/java.util.concurrent.ForkJoinPool.managedBlock(ForkJoinPool.java:4310)
        at java.base@25.0.3/java.util.concurrent.locks.AbstractQueuedSynchronizer$ConditionObject.await(AbstractQueuedSynchronizer.java:1752)
        at java.base@25.0.3/java.util.concurrent.LinkedBlockingQueue.take(LinkedBlockingQueue.java:435)
        at java.base@25.0.3/java.util.concurrent.ThreadPoolExecutor.getTask(ThreadPoolExecutor.java:1016)
        at java.base@25.0.3/java.util.concurrent.ThreadPoolExecutor.runWorker(ThreadPoolExecutor.java:1076)
        at java.base@25.0.3/java.util.concurrent.ThreadPoolExecutor$Worker.run(ThreadPoolExecutor.java:614)
        at java.base@25.0.3/java.lang.Thread.runWith(Thread.java:1487)
        at java.base@25.0.3/java.lang.Thread.run(Thread.java:1474)
"IPC Server handler 10 on default port 9862" daemon prio=5 tid=2579 timed_waiting
java.lang.Thread.State: TIMED_WAITING
        at java.base@25.0.3/jdk.internal.misc.Unsafe.park(Native Method)
        at java.base@25.0.3/java.util.concurrent.locks.LockSupport.parkNanos(LockSupport.java:271)
        at java.base@25.0.3/java.util.concurrent.locks.AbstractQueuedSynchronizer$ConditionObject.awaitNanos(AbstractQueuedSynchronizer.java:1803)
        at java.base@25.0.3/java.util.concurrent.LinkedBlockingQueue.poll(LinkedBlockingQueue.java:460)
        at app//org.apache.hadoop.ipc_.CallQueueManager.take(CallQueueManager.java:294)
        at app//org.apache.hadoop.ipc_.Server$Handler.run(Server.java:2634)
"IPC Server handler 3 on default port 9862" daemon prio=5 tid=2572 timed_waiting
java.lang.Thread.State: TIMED_WAITING
        at java.base@25.0.3/jdk.internal.misc.Unsafe.park(Native Method)
        at java.base@25.0.3/java.util.concurrent.locks.LockSupport.parkNanos(LockSupport.java:271)
        at java.base@25.0.3/java.util.concurrent.locks.AbstractQueuedSynchronizer$ConditionObject.awaitNanos(AbstractQueuedSynchronizer.java:1803)
        at java.base@25.0.3/java.util.concurrent.LinkedBlockingQueue.poll(LinkedBlockingQueue.java:460)
        at app//org.apache.hadoop.ipc_.CallQueueManager.take(CallQueueManager.java:294)
        at app//org.apache.hadoop.ipc_.Server$Handler.run(Server.java:2634)
"IPC Server handler 48 on default port 9862" daemon prio=5 tid=2617 timed_waiting
java.lang.Thread.State: TIMED_WAITING
        at java.base@25.0.3/jdk.internal.misc.Unsafe.park(Native Method)
        at java.base@25.0.3/java.util.concurrent.locks.LockSupport.parkNanos(LockSupport.java:271)
        at java.base@25.0.3/java.util.concurrent.locks.AbstractQueuedSynchronizer$ConditionObject.awaitNanos(AbstractQueuedSynchronizer.java:1803)
        at java.base@25.0.3/java.util.concurrent.LinkedBlockingQueue.poll(LinkedBlockingQueue.java:460)
        at app//org.apache.hadoop.ipc_.CallQueueManager.take(CallQueueManager.java:294)
        at app//org.apache.hadoop.ipc_.Server$Handler.run(Server.java:2634)
"Timer-5"  prio=5 tid=2544 timed_waiting
java.lang.Thread.State: TIMED_WAITING
        at java.base@25.0.3/java.lang.Object.wait0(Native Method)
        at java.base@25.0.3/java.lang.Object.wait(Object.java:389)
        at java.base@25.0.3/java.util.TimerThread.mainLoop(Timer.java:569)
        at java.base@25.0.3/java.util.TimerThread.run(Timer.java:522)
"qtp88341167-2562-acceptor-0@161c5c20-ServerConnector@1b47604f{HTTP/1.1, (http/1.1)}{0.0.0.0:9874}" daemon prio=3 tid=2562 runnable
java.lang.Thread.State: RUNNABLE
        at java.base@25.0.3/sun.nio.ch.Net.accept(Native Method)
        at java.base@25.0.3/sun.nio.ch.ServerSocketChannelImpl.implAccept(ServerSocketChannelImpl.java:424)
        at java.base@25.0.3/sun.nio.ch.ServerSocketChannelImpl.accept(ServerSocketChannelImpl.java:391)
        at app//org.eclipse.jetty.server.ServerConnector.accept(ServerConnector.java:388)
        at app//org.eclipse.jetty.server.AbstractConnector$Acceptor.run(AbstractConnector.java:704)
        at app//org.eclipse.jetty.util.thread.QueuedThreadPool.runJob(QueuedThreadPool.java:883)
        at app//org.eclipse.jetty.util.thread.QueuedThreadPool$Runner.run(QueuedThreadPool.java:1034)
        at java.base@25.0.3/java.lang.Thread.runWith(Thread.java:1487)
        at java.base@25.0.3/java.lang.Thread.run(Thread.java:1474)
"qtp88341167-2563" daemon prio=5 tid=2563 timed_waiting
java.lang.Thread.State: TIMED_WAITING
        at java.base@25.0.3/jdk.internal.misc.Unsafe.park(Native Method)
        at java.base@25.0.3/java.util.concurrent.locks.LockSupport.parkNanos(LockSupport.java:271)
        at java.base@25.0.3/java.util.concurrent.locks.AbstractQueuedSynchronizer$ConditionObject.awaitNanos(AbstractQueuedSynchronizer.java:1803)
        at app//org.eclipse.jetty.util.BlockingArrayQueue.poll(BlockingArrayQueue.java:382)
        at app//org.eclipse.jetty.util.thread.QueuedThreadPool$Runner.idleJobPoll(QueuedThreadPool.java:974)
        at app//org.eclipse.jetty.util.thread.QueuedThreadPool$Runner.run(QueuedThreadPool.java:1018)
        at java.base@25.0.3/java.lang.Thread.runWith(Thread.java:1487)
        at java.base@25.0.3/java.lang.Thread.run(Thread.java:1474)
"lifecycleScanStateTable_FullTableCache-Cleanup-0" daemon prio=5 tid=47 timed_waiting
java.lang.Thread.State: TIMED_WAITING
        at java.base@25.0.3/jdk.internal.misc.Unsafe.park(Native Method)
        at java.base@25.0.3/java.util.concurrent.locks.LockSupport.parkNanos(LockSupport.java:271)
        at java.base@25.0.3/java.util.concurrent.locks.AbstractQueuedSynchronizer$ConditionObject.awaitNanos(AbstractQueuedSynchronizer.java:1803)
        at java.base@25.0.3/java.util.concurrent.ScheduledThreadPoolExecutor$DelayedWorkQueue.take(ScheduledThreadPoolExecutor.java:1166)
        at java.base@25.0.3/java.util.concurrent.ScheduledThreadPoolExecutor$DelayedWorkQueue.take(ScheduledThreadPoolExecutor.java:883)
        at java.base@25.0.3/java.util.concurrent.ThreadPoolExecutor.getTask(ThreadPoolExecutor.java:1016)
        at java.base@25.0.3/java.util.concurrent.ThreadPoolExecutor.runWorker(ThreadPoolExecutor.java:1076)
        at java.base@25.0.3/java.util.concurrent.ThreadPoolExecutor$Worker.run(ThreadPoolExecutor.java:614)
        at java.base@25.0.3/java.lang.Thread.runWith(Thread.java:1487)
        at java.base@25.0.3/java.lang.Thread.run(Thread.java:1474)
"snapshotRenamedTable_PartialTableCache-Cleanup-0" daemon prio=5 tid=255 in Object.wait()
java.lang.Thread.State: WAITING (on object monitor)
        at java.base@25.0.3/jdk.internal.misc.Unsafe.park(Native Method)
        at java.base@25.0.3/java.util.concurrent.locks.LockSupport.park(LockSupport.java:369)
        at java.base@25.0.3/java.util.concurrent.locks.AbstractQueuedSynchronizer$ConditionNode.block(AbstractQueuedSynchronizer.java:520)
        at java.base@25.0.3/java.util.concurrent.ForkJoinPool.unmanagedBlock(ForkJoinPool.java:4364)
        at java.base@25.0.3/java.util.concurrent.ForkJoinPool.managedBlock(ForkJoinPool.java:4310)
        at java.base@25.0.3/java.util.concurrent.locks.AbstractQueuedSynchronizer$ConditionObject.await(AbstractQueuedSynchronizer.java:1752)
        at java.base@25.0.3/java.util.concurrent.LinkedBlockingQueue.take(LinkedBlockingQueue.java:435)
        at java.base@25.0.3/java.util.concurrent.ThreadPoolExecutor.getTask(ThreadPoolExecutor.java:1016)
        at java.base@25.0.3/java.util.concurrent.ThreadPoolExecutor.runWorker(ThreadPoolExecutor.java:1076)
        at java.base@25.0.3/java.util.concurrent.ThreadPoolExecutor$Worker.run(ThreadPoolExecutor.java:614)
        at java.base@25.0.3/java.lang.Thread.runWith(Thread.java:1487)
        at java.base@25.0.3/java.lang.Thread.run(Thread.java:1474)
"IPC Server handler 4 on default port 9862" daemon prio=5 tid=2573 timed_waiting
java.lang.Thread.State: TIMED_WAITING
        at java.base@25.0.3/jdk.internal.misc.Unsafe.park(Native Method)
        at java.base@25.0.3/java.util.concurrent.locks.LockSupport.parkNanos(LockSupport.java:271)
        at java.base@25.0.3/java.util.concurrent.locks.AbstractQueuedSynchronizer$ConditionObject.awaitNanos(AbstractQueuedSynchronizer.java:1803)
        at java.base@25.0.3/java.util.concurrent.LinkedBlockingQueue.poll(LinkedBlockingQueue.java:460)
        at app//org.apache.hadoop.ipc_.CallQueueManager.take(CallQueueManager.java:294)
        at app//org.apache.hadoop.ipc_.Server$Handler.run(Server.java:2634)
"openKeyTable_PartialTableCache-Cleanup-0" daemon prio=5 tid=1685 in Object.wait()
java.lang.Thread.State: WAITING (on object monitor)
        at java.base@25.0.3/jdk.internal.misc.Unsafe.park(Native Method)
        at java.base@25.0.3/java.util.concurrent.locks.LockSupport.park(LockSupport.java:369)
        at java.base@25.0.3/java.util.concurrent.locks.AbstractQueuedSynchronizer$ConditionNode.block(AbstractQueuedSynchronizer.java:520)
        at java.base@25.0.3/java.util.concurrent.ForkJoinPool.unmanagedBlock(ForkJoinPool.java:4364)
        at java.base@25.0.3/java.util.concurrent.ForkJoinPool.managedBlock(ForkJoinPool.java:4310)
        at java.base@25.0.3/java.util.concurrent.locks.AbstractQueuedSynchronizer$ConditionObject.await(AbstractQueuedSynchronizer.java:1752)
        at java.base@25.0.3/java.util.concurrent.LinkedBlockingQueue.take(LinkedBlockingQueue.java:435)
        at java.base@25.0.3/java.util.concurrent.ThreadPoolExecutor.getTask(ThreadPoolExecutor.java:1016)
        at java.base@25.0.3/java.util.concurrent.ThreadPoolExecutor.runWorker(ThreadPoolExecutor.java:1076)
        at java.base@25.0.3/java.util.concurrent.ThreadPoolExecutor$Worker.run(ThreadPoolExecutor.java:614)
        at java.base@25.0.3/java.lang.Thread.runWith(Thread.java:1487)
        at java.base@25.0.3/java.lang.Thread.run(Thread.java:1474)
"IPC Server handler 95 on default port 9862" daemon prio=5 tid=2664 timed_waiting
java.lang.Thread.State: TIMED_WAITING
        at java.base@25.0.3/jdk.internal.misc.Unsafe.park(Native Method)
        at java.base@25.0.3/java.util.concurrent.locks.LockSupport.parkNanos(LockSupport.java:271)
        at java.base@25.0.3/java.util.concurrent.locks.AbstractQueuedSynchronizer$ConditionObject.awaitNanos(AbstractQueuedSynchronizer.java:1803)
        at java.base@25.0.3/java.util.concurrent.LinkedBlockingQueue.poll(LinkedBlockingQueue.java:460)
        at app//org.apache.hadoop.ipc_.CallQueueManager.take(CallQueueManager.java:294)
        at app//org.apache.hadoop.ipc_.Server$Handler.run(Server.java:2634)
"lifecycleScanStateTable_FullTableCache-Cleanup-0" daemon prio=5 tid=1523 timed_waiting
java.lang.Thread.State: TIMED_WAITING
        at java.base@25.0.3/jdk.internal.misc.Unsafe.park(Native Method)
        at java.base@25.0.3/java.util.concurrent.locks.LockSupport.parkNanos(LockSupport.java:271)
        at java.base@25.0.3/java.util.concurrent.locks.AbstractQueuedSynchronizer$ConditionObject.awaitNanos(AbstractQueuedSynchronizer.java:1803)
        at java.base@25.0.3/java.util.concurrent.ScheduledThreadPoolExecutor$DelayedWorkQueue.take(ScheduledThreadPoolExecutor.java:1166)
        at java.base@25.0.3/java.util.concurrent.ScheduledThreadPoolExecutor$DelayedWorkQueue.take(ScheduledThreadPoolExecutor.java:883)
        at java.base@25.0.3/java.util.concurrent.ThreadPoolExecutor.getTask(ThreadPoolExecutor.java:1016)
        at java.base@25.0.3/java.util.concurrent.ThreadPoolExecutor.runWorker(ThreadPoolExecutor.java:1076)
        at java.base@25.0.3/java.util.concurrent.ThreadPoolExecutor$Worker.run(ThreadPoolExecutor.java:614)
        at java.base@25.0.3/java.lang.Thread.runWith(Thread.java:1487)
        at java.base@25.0.3/java.lang.Thread.run(Thread.java:1474)
"pool-269-thread-1"  prio=5 tid=2559 timed_waiting
java.lang.Thread.State: TIMED_WAITING
        at java.base@25.0.3/jdk.internal.misc.Unsafe.park(Native Method)
        at java.base@25.0.3/java.util.concurrent.locks.LockSupport.parkNanos(LockSupport.java:271)
        at java.base@25.0.3/java.util.concurrent.locks.AbstractQueuedSynchronizer$ConditionObject.awaitNanos(AbstractQueuedSynchronizer.java:1803)
        at java.base@25.0.3/java.util.concurrent.ScheduledThreadPoolExecutor$DelayedWorkQueue.take(ScheduledThreadPoolExecutor.java:1166)
        at java.base@25.0.3/java.util.concurrent.ScheduledThreadPoolExecutor$DelayedWorkQueue.take(ScheduledThreadPoolExecutor.java:883)
        at java.base@25.0.3/java.util.concurrent.ThreadPoolExecutor.getTask(ThreadPoolExecutor.java:1016)
        at java.base@25.0.3/java.util.concurrent.ThreadPoolExecutor.runWorker(ThreadPoolExecutor.java:1076)
        at java.base@25.0.3/java.util.concurrent.ThreadPoolExecutor$Worker.run(ThreadPoolExecutor.java:614)
        at java.base@25.0.3/java.lang.Thread.runWith(Thread.java:1487)
        at java.base@25.0.3/java.lang.Thread.run(Thread.java:1474)
"multipartInfoTable_PartialTableCache-Cleanup-0" daemon prio=5 tid=2688 in Object.wait()
java.lang.Thread.State: WAITING (on object monitor)
        at java.base@25.0.3/jdk.internal.misc.Unsafe.park(Native Method)
        at java.base@25.0.3/java.util.concurrent.locks.LockSupport.park(LockSupport.java:369)
        at java.base@25.0.3/java.util.concurrent.locks.AbstractQueuedSynchronizer$ConditionNode.block(AbstractQueuedSynchronizer.java:520)
        at java.base@25.0.3/java.util.concurrent.ForkJoinPool.unmanagedBlock(ForkJoinPool.java:4364)
        at java.base@25.0.3/java.util.concurrent.ForkJoinPool.managedBlock(ForkJoinPool.java:4310)
        at java.base@25.0.3/java.util.concurrent.locks.AbstractQueuedSynchronizer$ConditionObject.await(AbstractQueuedSynchronizer.java:1752)
        at java.base@25.0.3/java.util.concurrent.LinkedBlockingQueue.take(LinkedBlockingQueue.java:435)
        at java.base@25.0.3/java.util.concurrent.ThreadPoolExecutor.getTask(ThreadPoolExecutor.java:1016)
        at java.base@25.0.3/java.util.concurrent.ThreadPoolExecutor.runWorker(ThreadPoolExecutor.java:1076)
        at java.base@25.0.3/java.util.concurrent.ThreadPoolExecutor$Worker.run(ThreadPoolExecutor.java:614)
        at java.base@25.0.3/java.lang.Thread.runWith(Thread.java:1487)
        at java.base@25.0.3/java.lang.Thread.run(Thread.java:1474)
"IPC Server handler 93 on default port 9862" daemon prio=5 tid=2662 timed_waiting
java.lang.Thread.State: TIMED_WAITING
        at java.base@25.0.3/jdk.internal.misc.Unsafe.park(Native Method)
        at java.base@25.0.3/java.util.concurrent.locks.LockSupport.parkNanos(LockSupport.java:271)
        at java.base@25.0.3/java.util.concurrent.locks.AbstractQueuedSynchronizer$ConditionObject.awaitNanos(AbstractQueuedSynchronizer.java:1803)
        at java.base@25.0.3/java.util.concurrent.LinkedBlockingQueue.poll(LinkedBlockingQueue.java:460)
        at app//org.apache.hadoop.ipc_.CallQueueManager.take(CallQueueManager.java:294)
        at app//org.apache.hadoop.ipc_.Server$Handler.run(Server.java:2634)
"IPC Server handler 56 on default port 9862" daemon prio=5 tid=2625 timed_waiting
java.lang.Thread.State: TIMED_WAITING
        at java.base@25.0.3/jdk.internal.misc.Unsafe.park(Native Method)
        at java.base@25.0.3/java.util.concurrent.locks.LockSupport.parkNanos(LockSupport.java:271)
        at java.base@25.0.3/java.util.concurrent.locks.AbstractQueuedSynchronizer$ConditionObject.awaitNanos(AbstractQueuedSynchronizer.java:1803)
        at java.base@25.0.3/java.util.concurrent.LinkedBlockingQueue.poll(LinkedBlockingQueue.java:460)
        at app//org.apache.hadoop.ipc_.CallQueueManager.take(CallQueueManager.java:294)
        at app//org.apache.hadoop.ipc_.Server$Handler.run(Server.java:2634)
"IPC Server handler 60 on default port 9862" daemon prio=5 tid=2629 timed_waiting
java.lang.Thread.State: TIMED_WAITING
        at java.base@25.0.3/jdk.internal.misc.Unsafe.park(Native Method)
        at java.base@25.0.3/java.util.concurrent.locks.LockSupport.parkNanos(LockSupport.java:271)
        at java.base@25.0.3/java.util.concurrent.locks.AbstractQueuedSynchronizer$ConditionObject.awaitNanos(AbstractQueuedSynchronizer.java:1803)
        at java.base@25.0.3/java.util.concurrent.LinkedBlockingQueue.poll(LinkedBlockingQueue.java:460)
        at app//org.apache.hadoop.ipc_.CallQueueManager.take(CallQueueManager.java:294)
        at app//org.apache.hadoop.ipc_.Server$Handler.run(Server.java:2634)
"qtp88341167-2565" daemon prio=5 tid=2565 timed_waiting
java.lang.Thread.State: TIMED_WAITING
        at java.base@25.0.3/jdk.internal.misc.Unsafe.park(Native Method)
        at java.base@25.0.3/java.util.concurrent.locks.LockSupport.parkNanos(LockSupport.java:271)
        at java.base@25.0.3/java.util.concurrent.locks.AbstractQueuedSynchronizer$ConditionObject.awaitNanos(AbstractQueuedSynchronizer.java:1803)
        at app//org.eclipse.jetty.util.BlockingArrayQueue.poll(BlockingArrayQueue.java:382)
        at app//org.eclipse.jetty.util.thread.QueuedThreadPool$Runner.idleJobPoll(QueuedThreadPool.java:974)
        at app//org.eclipse.jetty.util.thread.QueuedThreadPool$Runner.run(QueuedThreadPool.java:1018)
        at java.base@25.0.3/java.lang.Thread.runWith(Thread.java:1487)
        at java.base@25.0.3/java.lang.Thread.run(Thread.java:1474)
"gradle-enterprise-test-client-gradle-enterprise-test-listener"  prio=5 tid=35 in Object.wait()
java.lang.Thread.State: WAITING (on object monitor)
        at java.base@25.0.3/jdk.internal.misc.Unsafe.park(Native Method)
        at java.base@25.0.3/java.util.concurrent.locks.LockSupport.park(LockSupport.java:369)
        at java.base@25.0.3/java.util.concurrent.locks.AbstractQueuedSynchronizer$ConditionNode.block(AbstractQueuedSynchronizer.java:520)
        at java.base@25.0.3/java.util.concurrent.ForkJoinPool.unmanagedBlock(ForkJoinPool.java:4364)
        at java.base@25.0.3/java.util.concurrent.ForkJoinPool.managedBlock(ForkJoinPool.java:4310)
        at java.base@25.0.3/java.util.concurrent.locks.AbstractQueuedSynchronizer$ConditionObject.await(AbstractQueuedSynchronizer.java:1752)
        at java.base@25.0.3/java.util.concurrent.ArrayBlockingQueue.take(ArrayBlockingQueue.java:421)
        at app//com.gradle.maven.scan.extension.test.listener.obfuscated.k.a.a(SourceFile:149)
        at app//com.gradle.maven.scan.extension.test.listener.obfuscated.k.a.b(SourceFile:97)
        at app//com.gradle.maven.scan.extension.test.listener.obfuscated.k.a$$Lambda/0x0000000007135260.run(Unknown Source)
        at java.base@25.0.3/java.util.concurrent.Executors$RunnableAdapter.call(Executors.java:545)
        at java.base@25.0.3/java.util.concurrent.FutureTask.run(FutureTask.java:328)
        at java.base@25.0.3/java.util.concurrent.ThreadPoolExecutor.runWorker(ThreadPoolExecutor.java:1090)
        at java.base@25.0.3/java.util.concurrent.ThreadPoolExecutor$Worker.run(ThreadPoolExecutor.java:614)
        at java.base@25.0.3/java.lang.Thread.runWith(Thread.java:1487)
        at java.base@25.0.3/java.lang.Thread.run(Thread.java:1474)
"IPC Server handler 67 on default port 9862" daemon prio=5 tid=2636 timed_waiting
java.lang.Thread.State: TIMED_WAITING
        at java.base@25.0.3/jdk.internal.misc.Unsafe.park(Native Method)
        at java.base@25.0.3/java.util.concurrent.locks.LockSupport.parkNanos(LockSupport.java:271)
        at java.base@25.0.3/java.util.concurrent.locks.AbstractQueuedSynchronizer$ConditionObject.awaitNanos(AbstractQueuedSynchronizer.java:1803)
        at java.base@25.0.3/java.util.concurrent.LinkedBlockingQueue.poll(LinkedBlockingQueue.java:460)
        at app//org.apache.hadoop.ipc_.CallQueueManager.take(CallQueueManager.java:294)
        at app//org.apache.hadoop.ipc_.Server$Handler.run(Server.java:2634)
"IPC Server handler 80 on default port 9862" daemon prio=5 tid=2649 timed_waiting
java.lang.Thread.State: TIMED_WAITING
        at java.base@25.0.3/jdk.internal.misc.Unsafe.park(Native Method)
        at java.base@25.0.3/java.util.concurrent.locks.LockSupport.parkNanos(LockSupport.java:271)
        at java.base@25.0.3/java.util.concurrent.locks.AbstractQueuedSynchronizer$ConditionObject.awaitNanos(AbstractQueuedSynchronizer.java:1803)
        at java.base@25.0.3/java.util.concurrent.LinkedBlockingQueue.poll(LinkedBlockingQueue.java:460)
        at app//org.apache.hadoop.ipc_.CallQueueManager.take(CallQueueManager.java:294)
        at app//org.apache.hadoop.ipc_.Server$Handler.run(Server.java:2634)
"IPC Server handler 54 on default port 9862" daemon prio=5 tid=2623 timed_waiting
java.lang.Thread.State: TIMED_WAITING
        at java.base@25.0.3/jdk.internal.misc.Unsafe.park(Native Method)
        at java.base@25.0.3/java.util.concurrent.locks.LockSupport.parkNanos(LockSupport.java:271)
        at java.base@25.0.3/java.util.concurrent.locks.AbstractQueuedSynchronizer$ConditionObject.awaitNanos(AbstractQueuedSynchronizer.java:1803)
        at java.base@25.0.3/java.util.concurrent.LinkedBlockingQueue.poll(LinkedBlockingQueue.java:460)
        at app//org.apache.hadoop.ipc_.CallQueueManager.take(CallQueueManager.java:294)
        at app//org.apache.hadoop.ipc_.Server$Handler.run(Server.java:2634)
"IPC Server handler 62 on default port 9862" daemon prio=5 tid=2631 timed_waiting
java.lang.Thread.State: TIMED_WAITING
        at java.base@25.0.3/jdk.internal.misc.Unsafe.park(Native Method)
        at java.base@25.0.3/java.util.concurrent.locks.LockSupport.parkNanos(LockSupport.java:271)
        at java.base@25.0.3/java.util.concurrent.locks.AbstractQueuedSynchronizer$ConditionObject.awaitNanos(AbstractQueuedSynchronizer.java:1803)
        at java.base@25.0.3/java.util.concurrent.LinkedBlockingQueue.poll(LinkedBlockingQueue.java:460)
        at app//org.apache.hadoop.ipc_.CallQueueManager.take(CallQueueManager.java:294)
        at app//org.apache.hadoop.ipc_.Server$Handler.run(Server.java:2634)
"Common-Cleaner" daemon prio=8 tid=21 timed_waiting
java.lang.Thread.State: TIMED_WAITING
        at java.base@25.0.3/java.lang.Object.wait0(Native Method)
        at java.base@25.0.3/java.lang.Object.wait(Object.java:389)
        at java.base@25.0.3/java.lang.ref.ReferenceQueue.remove0(ReferenceQueue.java:123)
        at java.base@25.0.3/java.lang.ref.ReferenceQueue.remove(ReferenceQueue.java:201)
        at java.base@25.0.3/jdk.internal.ref.CleanerImpl.run(CleanerImpl.java:146)
        at java.base@25.0.3/java.lang.Thread.runWith(Thread.java:1487)
        at java.base@25.0.3/java.lang.Thread.run(Thread.java:1474)
        at java.base@25.0.3/jdk.internal.misc.InnocuousThread.run(InnocuousThread.java:148)
"openFileTable_PartialTableCache-Cleanup-0" daemon prio=5 tid=1689 in Object.wait()
java.lang.Thread.State: WAITING (on object monitor)
        at java.base@25.0.3/jdk.internal.misc.Unsafe.park(Native Method)
        at java.base@25.0.3/java.util.concurrent.locks.LockSupport.park(LockSupport.java:369)
        at java.base@25.0.3/java.util.concurrent.locks.AbstractQueuedSynchronizer$ConditionNode.block(AbstractQueuedSynchronizer.java:520)
        at java.base@25.0.3/java.util.concurrent.ForkJoinPool.unmanagedBlock(ForkJoinPool.java:4364)
        at java.base@25.0.3/java.util.concurrent.ForkJoinPool.managedBlock(ForkJoinPool.java:4310)
        at java.base@25.0.3/java.util.concurrent.locks.AbstractQueuedSynchronizer$ConditionObject.await(AbstractQueuedSynchronizer.java:1752)
        at java.base@25.0.3/java.util.concurrent.LinkedBlockingQueue.take(LinkedBlockingQueue.java:435)
        at java.base@25.0.3/java.util.concurrent.ThreadPoolExecutor.getTask(ThreadPoolExecutor.java:1016)
        at java.base@25.0.3/java.util.concurrent.ThreadPoolExecutor.runWorker(ThreadPoolExecutor.java:1076)
        at java.base@25.0.3/java.util.concurrent.ThreadPoolExecutor$Worker.run(ThreadPoolExecutor.java:614)
        at java.base@25.0.3/java.lang.Thread.runWith(Thread.java:1487)
        at java.base@25.0.3/java.lang.Thread.run(Thread.java:1474)
"om1-groupManagement" daemon prio=5 tid=2524 in Object.wait()
java.lang.Thread.State: WAITING (on object monitor)
        at java.base@25.0.3/jdk.internal.misc.Unsafe.park(Native Method)
        at java.base@25.0.3/java.util.concurrent.locks.LockSupport.park(LockSupport.java:369)
        at java.base@25.0.3/java.util.concurrent.locks.AbstractQueuedSynchronizer$ConditionNode.block(AbstractQueuedSynchronizer.java:520)
        at java.base@25.0.3/java.util.concurrent.ForkJoinPool.unmanagedBlock(ForkJoinPool.java:4364)
        at java.base@25.0.3/java.util.concurrent.ForkJoinPool.managedBlock(ForkJoinPool.java:4310)
        at java.base@25.0.3/java.util.concurrent.locks.AbstractQueuedSynchronizer$ConditionObject.await(AbstractQueuedSynchronizer.java:1752)
        at java.base@25.0.3/java.util.concurrent.LinkedBlockingQueue.take(LinkedBlockingQueue.java:435)
        at java.base@25.0.3/java.util.concurrent.ThreadPoolExecutor.getTask(ThreadPoolExecutor.java:1016)
        at java.base@25.0.3/java.util.concurrent.ThreadPoolExecutor.runWorker(ThreadPoolExecutor.java:1076)
        at java.base@25.0.3/java.util.concurrent.ThreadPoolExecutor$Worker.run(ThreadPoolExecutor.java:614)
        at java.base@25.0.3/java.lang.Thread.runWith(Thread.java:1487)
        at java.base@25.0.3/java.lang.Thread.run(Thread.java:1474)
"IPC Server handler 12 on default port 9862" daemon prio=5 tid=2581 timed_waiting
java.lang.Thread.State: TIMED_WAITING
        at java.base@25.0.3/jdk.internal.misc.Unsafe.park(Native Method)
        at java.base@25.0.3/java.util.concurrent.locks.LockSupport.parkNanos(LockSupport.java:271)
        at java.base@25.0.3/java.util.concurrent.locks.AbstractQueuedSynchronizer$ConditionObject.awaitNanos(AbstractQueuedSynchronizer.java:1803)
        at java.base@25.0.3/java.util.concurrent.LinkedBlockingQueue.poll(LinkedBlockingQueue.java:460)
        at app//org.apache.hadoop.ipc_.CallQueueManager.take(CallQueueManager.java:294)
        at app//org.apache.hadoop.ipc_.Server$Handler.run(Server.java:2634)
"IPC Server handler 6 on default port 9862" daemon prio=5 tid=2575 timed_waiting
java.lang.Thread.State: TIMED_WAITING
        at java.base@25.0.3/jdk.internal.misc.Unsafe.park(Native Method)
        at java.base@25.0.3/java.util.concurrent.locks.LockSupport.parkNanos(LockSupport.java:271)
        at java.base@25.0.3/java.util.concurrent.locks.AbstractQueuedSynchronizer$ConditionObject.awaitNanos(AbstractQueuedSynchronizer.java:1803)
        at java.base@25.0.3/java.util.concurrent.LinkedBlockingQueue.poll(LinkedBlockingQueue.java:460)
        at app//org.apache.hadoop.ipc_.CallQueueManager.take(CallQueueManager.java:294)
        at app//org.apache.hadoop.ipc_.Server$Handler.run(Server.java:2634)
"multipartInfoTable_PartialTableCache-Cleanup-0" daemon prio=5 tid=1095 in Object.wait()
java.lang.Thread.State: WAITING (on object monitor)
        at java.base@25.0.3/jdk.internal.misc.Unsafe.park(Native Method)
        at java.base@25.0.3/java.util.concurrent.locks.LockSupport.park(LockSupport.java:369)
        at java.base@25.0.3/java.util.concurrent.locks.AbstractQueuedSynchronizer$ConditionNode.block(AbstractQueuedSynchronizer.java:520)
        at java.base@25.0.3/java.util.concurrent.ForkJoinPool.unmanagedBlock(ForkJoinPool.java:4364)
        at java.base@25.0.3/java.util.concurrent.ForkJoinPool.managedBlock(ForkJoinPool.java:4310)
        at java.base@25.0.3/java.util.concurrent.locks.AbstractQueuedSynchronizer$ConditionObject.await(AbstractQueuedSynchronizer.java:1752)
        at java.base@25.0.3/java.util.concurrent.LinkedBlockingQueue.take(LinkedBlockingQueue.java:435)
        at java.base@25.0.3/java.util.concurrent.ThreadPoolExecutor.getTask(ThreadPoolExecutor.java:1016)
        at java.base@25.0.3/java.util.concurrent.ThreadPoolExecutor.runWorker(ThreadPoolExecutor.java:1076)
        at java.base@25.0.3/java.util.concurrent.ThreadPoolExecutor$Worker.run(ThreadPoolExecutor.java:614)
        at java.base@25.0.3/java.lang.Thread.runWith(Thread.java:1487)
        at java.base@25.0.3/java.lang.Thread.run(Thread.java:1474)
"keyTable_PartialTableCache-Cleanup-0" daemon prio=5 tid=1686 in Object.wait()
java.lang.Thread.State: WAITING (on object monitor)
        at java.base@25.0.3/jdk.internal.misc.Unsafe.park(Native Method)
        at java.base@25.0.3/java.util.concurrent.locks.LockSupport.park(LockSupport.java:369)
        at java.base@25.0.3/java.util.concurrent.locks.AbstractQueuedSynchronizer$ConditionNode.block(AbstractQueuedSynchronizer.java:520)
        at java.base@25.0.3/java.util.concurrent.ForkJoinPool.unmanagedBlock(ForkJoinPool.java:4364)
        at java.base@25.0.3/java.util.concurrent.ForkJoinPool.managedBlock(ForkJoinPool.java:4310)
        at java.base@25.0.3/java.util.concurrent.locks.AbstractQueuedSynchronizer$ConditionObject.await(AbstractQueuedSynchronizer.java:1752)
        at java.base@25.0.3/java.util.concurrent.LinkedBlockingQueue.take(LinkedBlockingQueue.java:435)
        at java.base@25.0.3/java.util.concurrent.ThreadPoolExecutor.getTask(ThreadPoolExecutor.java:1016)
        at java.base@25.0.3/java.util.concurrent.ThreadPoolExecutor.runWorker(ThreadPoolExecutor.java:1076)
        at java.base@25.0.3/java.util.concurrent.ThreadPoolExecutor$Worker.run(ThreadPoolExecutor.java:614)
        at java.base@25.0.3/java.lang.Thread.runWith(Thread.java:1487)
        at java.base@25.0.3/java.lang.Thread.run(Thread.java:1474)
"ForkJoinPool-1-worker-6" daemon prio=5 tid=1530 in Object.wait()
java.lang.Thread.State: WAITING (on object monitor)
        at java.base@25.0.3/jdk.internal.misc.Unsafe.park(Native Method)
        at java.base@25.0.3/java.util.concurrent.ForkJoinPool.awaitWork(ForkJoinPool.java:2109)
        at java.base@25.0.3/java.util.concurrent.ForkJoinPool.deactivate(ForkJoinPool.java:2063)
        at java.base@25.0.3/java.util.concurrent.ForkJoinPool.runWorker(ForkJoinPool.java:2027)
        at java.base@25.0.3/java.util.concurrent.ForkJoinWorkerThread.run(ForkJoinWorkerThread.java:187)
"Socket Reader #1 for port 9862" daemon prio=5 tid=2526 runnable
java.lang.Thread.State: RUNNABLE
        at java.base@25.0.3/sun.nio.ch.EPoll.wait(Native Method)
        at java.base@25.0.3/sun.nio.ch.EPollSelectorImpl.doSelect(EPollSelectorImpl.java:117)
        at java.base@25.0.3/sun.nio.ch.SelectorImpl.lockAndDoSelect(SelectorImpl.java:130)
        at java.base@25.0.3/sun.nio.ch.SelectorImpl.select(SelectorImpl.java:147)
        at app//org.apache.hadoop.ipc_.Server$Listener$Reader.doRunLoop(Server.java:1004)
        at app//org.apache.hadoop.ipc_.Server$Listener$Reader.run(Server.java:983)
"qtp88341167-2566" daemon prio=5 tid=2566 timed_waiting
java.lang.Thread.State: TIMED_WAITING
        at java.base@25.0.3/jdk.internal.misc.Unsafe.park(Native Method)
        at java.base@25.0.3/java.util.concurrent.locks.LockSupport.parkNanos(LockSupport.java:271)
        at java.base@25.0.3/java.util.concurrent.locks.AbstractQueuedSynchronizer$ConditionObject.awaitNanos(AbstractQueuedSynchronizer.java:1803)
        at app//org.eclipse.jetty.util.BlockingArrayQueue.poll(BlockingArrayQueue.java:382)
        at app//org.eclipse.jetty.util.thread.QueuedThreadPool$Runner.idleJobPoll(QueuedThreadPool.java:974)
        at app//org.eclipse.jetty.util.thread.QueuedThreadPool$Runner.run(QueuedThreadPool.java:1018)
        at java.base@25.0.3/java.lang.Thread.runWith(Thread.java:1487)
        at java.base@25.0.3/java.lang.Thread.run(Thread.java:1474)
"IPC Server handler 9 on default port 9862" daemon prio=5 tid=2578 timed_waiting
java.lang.Thread.State: TIMED_WAITING
        at java.base@25.0.3/jdk.internal.misc.Unsafe.park(Native Method)
        at java.base@25.0.3/java.util.concurrent.locks.LockSupport.parkNanos(LockSupport.java:271)
        at java.base@25.0.3/java.util.concurrent.locks.AbstractQueuedSynchronizer$ConditionObject.awaitNanos(AbstractQueuedSynchronizer.java:1803)
        at java.base@25.0.3/java.util.concurrent.LinkedBlockingQueue.poll(LinkedBlockingQueue.java:460)
        at app//org.apache.hadoop.ipc_.CallQueueManager.take(CallQueueManager.java:294)
        at app//org.apache.hadoop.ipc_.Server$Handler.run(Server.java:2634)
"IPC Server handler 61 on default port 9862" daemon prio=5 tid=2630 timed_waiting
java.lang.Thread.State: TIMED_WAITING
        at java.base@25.0.3/jdk.internal.misc.Unsafe.park(Native Method)
        at java.base@25.0.3/java.util.concurrent.locks.LockSupport.parkNanos(LockSupport.java:271)
        at java.base@25.0.3/java.util.concurrent.locks.AbstractQueuedSynchronizer$ConditionObject.awaitNanos(AbstractQueuedSynchronizer.java:1803)
        at java.base@25.0.3/java.util.concurrent.LinkedBlockingQueue.poll(LinkedBlockingQueue.java:460)
        at app//org.apache.hadoop.ipc_.CallQueueManager.take(CallQueueManager.java:294)
        at app//org.apache.hadoop.ipc_.Server$Handler.run(Server.java:2634)
"fileTable_PartialTableCache-Cleanup-0" daemon prio=5 tid=252 in Object.wait()
java.lang.Thread.State: WAITING (on object monitor)
        at java.base@25.0.3/jdk.internal.misc.Unsafe.park(Native Method)
        at java.base@25.0.3/java.util.concurrent.locks.LockSupport.park(LockSupport.java:369)
        at java.base@25.0.3/java.util.concurrent.locks.AbstractQueuedSynchronizer$ConditionNode.block(AbstractQueuedSynchronizer.java:520)
        at java.base@25.0.3/java.util.concurrent.ForkJoinPool.unmanagedBlock(ForkJoinPool.java:4364)
        at java.base@25.0.3/java.util.concurrent.ForkJoinPool.managedBlock(ForkJoinPool.java:4310)
        at java.base@25.0.3/java.util.concurrent.locks.AbstractQueuedSynchronizer$ConditionObject.await(AbstractQueuedSynchronizer.java:1752)
        at java.base@25.0.3/java.util.concurrent.LinkedBlockingQueue.take(LinkedBlockingQueue.java:435)
        at java.base@25.0.3/java.util.concurrent.ThreadPoolExecutor.getTask(ThreadPoolExecutor.java:1016)
        at java.base@25.0.3/java.util.concurrent.ThreadPoolExecutor.runWorker(ThreadPoolExecutor.java:1076)
        at java.base@25.0.3/java.util.concurrent.ThreadPoolExecutor$Worker.run(ThreadPoolExecutor.java:614)
        at java.base@25.0.3/java.lang.Thread.runWith(Thread.java:1487)
        at java.base@25.0.3/java.lang.Thread.run(Thread.java:1474)
"multipartPartsTable_PartialTableCache-Cleanup-0" daemon prio=5 tid=1096 in Object.wait()
java.lang.Thread.State: WAITING (on object monitor)
        at java.base@25.0.3/jdk.internal.misc.Unsafe.park(Native Method)
        at java.base@25.0.3/java.util.concurrent.locks.LockSupport.park(LockSupport.java:369)
        at java.base@25.0.3/java.util.concurrent.locks.AbstractQueuedSynchronizer$ConditionNode.block(AbstractQueuedSynchronizer.java:520)
        at java.base@25.0.3/java.util.concurrent.ForkJoinPool.unmanagedBlock(ForkJoinPool.java:4364)
        at java.base@25.0.3/java.util.concurrent.ForkJoinPool.managedBlock(ForkJoinPool.java:4310)
        at java.base@25.0.3/java.util.concurrent.locks.AbstractQueuedSynchronizer$ConditionObject.await(AbstractQueuedSynchronizer.java:1752)
        at java.base@25.0.3/java.util.concurrent.LinkedBlockingQueue.take(LinkedBlockingQueue.java:435)
        at java.base@25.0.3/java.util.concurrent.ThreadPoolExecutor.getTask(ThreadPoolExecutor.java:1016)
        at java.base@25.0.3/java.util.concurrent.ThreadPoolExecutor.runWorker(ThreadPoolExecutor.java:1076)
        at java.base@25.0.3/java.util.concurrent.ThreadPoolExecutor$Worker.run(ThreadPoolExecutor.java:614)
        at java.base@25.0.3/java.lang.Thread.runWith(Thread.java:1487)
        at java.base@25.0.3/java.lang.Thread.run(Thread.java:1474)
"IPC Server idle connection scanner for port 9862" daemon prio=5 tid=2536 timed_waiting
java.lang.Thread.State: TIMED_WAITING
        at java.base@25.0.3/java.lang.Object.wait0(Native Method)
        at java.base@25.0.3/java.lang.Object.wait(Object.java:389)
        at java.base@25.0.3/java.util.TimerThread.mainLoop(Timer.java:569)
        at java.base@25.0.3/java.util.TimerThread.run(Timer.java:522)
"surefire-process-checker" daemon prio=5 tid=27 timed_waiting
java.lang.Thread.State: TIMED_WAITING
        at java.base@25.0.3/jdk.internal.misc.Unsafe.park(Native Method)
        at java.base@25.0.3/java.util.concurrent.locks.LockSupport.parkNanos(LockSupport.java:271)
        at java.base@25.0.3/java.util.concurrent.locks.AbstractQueuedSynchronizer$ConditionObject.awaitNanos(AbstractQueuedSynchronizer.java:1803)
        at java.base@25.0.3/java.util.concurrent.ScheduledThreadPoolExecutor$DelayedWorkQueue.take(ScheduledThreadPoolExecutor.java:1166)
        at java.base@25.0.3/java.util.concurrent.ScheduledThreadPoolExecutor$DelayedWorkQueue.take(ScheduledThreadPoolExecutor.java:883)
        at java.base@25.0.3/java.util.concurrent.ThreadPoolExecutor.getTask(ThreadPoolExecutor.java:1016)
        at java.base@25.0.3/java.util.concurrent.ThreadPoolExecutor.runWorker(ThreadPoolExecutor.java:1076)
        at java.base@25.0.3/java.util.concurrent.ThreadPoolExecutor$Worker.run(ThreadPoolExecutor.java:614)
        at java.base@25.0.3/java.lang.Thread.runWith(Thread.java:1487)
        at java.base@25.0.3/java.lang.Thread.run(Thread.java:1474)
"fileTable_PartialTableCache-Cleanup-0" daemon prio=5 tid=1690 in Object.wait()
java.lang.Thread.State: WAITING (on object monitor)
        at java.base@25.0.3/jdk.internal.misc.Unsafe.park(Native Method)
        at java.base@25.0.3/java.util.concurrent.locks.LockSupport.park(LockSupport.java:369)
        at java.base@25.0.3/java.util.concurrent.locks.AbstractQueuedSynchronizer$ConditionNode.block(AbstractQueuedSynchronizer.java:520)
        at java.base@25.0.3/java.util.concurrent.ForkJoinPool.unmanagedBlock(ForkJoinPool.java:4364)
        at java.base@25.0.3/java.util.concurrent.ForkJoinPool.managedBlock(ForkJoinPool.java:4310)
        at java.base@25.0.3/java.util.concurrent.locks.AbstractQueuedSynchronizer$ConditionObject.await(AbstractQueuedSynchronizer.java:1752)
        at java.base@25.0.3/java.util.concurrent.LinkedBlockingQueue.take(LinkedBlockingQueue.java:435)
        at java.base@25.0.3/java.util.concurrent.ThreadPoolExecutor.getTask(ThreadPoolExecutor.java:1016)
        at java.base@25.0.3/java.util.concurrent.ThreadPoolExecutor.runWorker(ThreadPoolExecutor.java:1076)
        at java.base@25.0.3/java.util.concurrent.ThreadPoolExecutor$Worker.run(ThreadPoolExecutor.java:614)
        at java.base@25.0.3/java.lang.Thread.runWith(Thread.java:1487)
        at java.base@25.0.3/java.lang.Thread.run(Thread.java:1474)
"IPC Server handler 25 on default port 9862" daemon prio=5 tid=2594 timed_waiting
java.lang.Thread.State: TIMED_WAITING
        at java.base@25.0.3/jdk.internal.misc.Unsafe.park(Native Method)
        at java.base@25.0.3/java.util.concurrent.locks.LockSupport.parkNanos(LockSupport.java:271)
        at java.base@25.0.3/java.util.concurrent.locks.AbstractQueuedSynchronizer$ConditionObject.awaitNanos(AbstractQueuedSynchronizer.java:1803)
        at java.base@25.0.3/java.util.concurrent.LinkedBlockingQueue.poll(LinkedBlockingQueue.java:460)
        at app//org.apache.hadoop.ipc_.CallQueueManager.take(CallQueueManager.java:294)
        at app//org.apache.hadoop.ipc_.Server$Handler.run(Server.java:2634)
"IPC Server handler 85 on default port 9862" daemon prio=5 tid=2654 timed_waiting
java.lang.Thread.State: TIMED_WAITING
        at java.base@25.0.3/jdk.internal.misc.Unsafe.park(Native Method)
        at java.base@25.0.3/java.util.concurrent.locks.LockSupport.parkNanos(LockSupport.java:271)
        at java.base@25.0.3/java.util.concurrent.locks.AbstractQueuedSynchronizer$ConditionObject.awaitNanos(AbstractQueuedSynchronizer.java:1803)
        at java.base@25.0.3/java.util.concurrent.LinkedBlockingQueue.poll(LinkedBlockingQueue.java:460)
        at app//org.apache.hadoop.ipc_.CallQueueManager.take(CallQueueManager.java:294)
        at app//org.apache.hadoop.ipc_.Server$Handler.run(Server.java:2634)
"Reference Handler" daemon prio=10 tid=13 runnable
java.lang.Thread.State: RUNNABLE
        at java.base@25.0.3/java.lang.ref.Reference.waitForReferencePendingList(Native Method)
        at java.base@25.0.3/java.lang.ref.Reference.processPendingReferences(Reference.java:246)
        at java.base@25.0.3/java.lang.ref.Reference$ReferenceHandler.run(Reference.java:208)
"LeakDetector-ManagedRocksObject0" daemon prio=5 tid=41 in Object.wait()
java.lang.Thread.State: WAITING (on object monitor)
        at java.base@25.0.3/java.lang.Object.wait0(Native Method)
        at java.base@25.0.3/java.lang.Object.wait(Unknown Source)
        at java.base@25.0.3/java.lang.Object.wait(Unknown Source)
        at java.base@25.0.3/java.lang.ref.ReferenceQueue.remove0(ReferenceQueue.java:137)
        at java.base@25.0.3/java.lang.ref.ReferenceQueue.remove(ReferenceQueue.java:215)
        at app//org.apache.hadoop.hdds.utils.LeakDetector.run(LeakDetector.java:79)
        at app//org.apache.hadoop.hdds.utils.LeakDetector$$Lambda/0x00000000072aa3b0.run(Unknown Source)
        at java.base@25.0.3/java.lang.Thread.runWith(Thread.java:1487)
        at java.base@25.0.3/java.lang.Thread.run(Thread.java:1474)
"directoryTable_PartialTableCache-Cleanup-0" daemon prio=5 tid=1086 in Object.wait()
java.lang.Thread.State: WAITING (on object monitor)
        at java.base@25.0.3/jdk.internal.misc.Unsafe.park(Native Method)
        at java.base@25.0.3/java.util.concurrent.locks.LockSupport.park(LockSupport.java:369)
        at java.base@25.0.3/java.util.concurrent.locks.AbstractQueuedSynchronizer$ConditionNode.block(AbstractQueuedSynchronizer.java:520)
        at java.base@25.0.3/java.util.concurrent.ForkJoinPool.unmanagedBlock(ForkJoinPool.java:4364)
        at java.base@25.0.3/java.util.concurrent.ForkJoinPool.managedBlock(ForkJoinPool.java:4310)
        at java.base@25.0.3/java.util.concurrent.locks.AbstractQueuedSynchronizer$ConditionObject.await(AbstractQueuedSynchronizer.java:1752)
        at java.base@25.0.3/java.util.concurrent.LinkedBlockingQueue.take(LinkedBlockingQueue.java:435)
        at java.base@25.0.3/java.util.concurrent.ThreadPoolExecutor.getTask(ThreadPoolExecutor.java:1016)
        at java.base@25.0.3/java.util.concurrent.ThreadPoolExecutor.runWorker(ThreadPoolExecutor.java:1076)
        at java.base@25.0.3/java.util.concurrent.ThreadPoolExecutor$Worker.run(ThreadPoolExecutor.java:614)
        at java.base@25.0.3/java.lang.Thread.runWith(Thread.java:1487)
        at java.base@25.0.3/java.lang.Thread.run(Thread.java:1474)
"Session-HouseKeeper-495276b-1"  prio=5 tid=2568 timed_waiting
java.lang.Thread.State: TIMED_WAITING
        at java.base@25.0.3/jdk.internal.misc.Unsafe.park(Native Method)
        at java.base@25.0.3/java.util.concurrent.locks.LockSupport.parkNanos(LockSupport.java:271)
        at java.base@25.0.3/java.util.concurrent.locks.AbstractQueuedSynchronizer$ConditionObject.awaitNanos(AbstractQueuedSynchronizer.java:1803)
        at java.base@25.0.3/java.util.concurrent.ScheduledThreadPoolExecutor$DelayedWorkQueue.take(ScheduledThreadPoolExecutor.java:1166)
        at java.base@25.0.3/java.util.concurrent.ScheduledThreadPoolExecutor$DelayedWorkQueue.take(ScheduledThreadPoolExecutor.java:883)
        at java.base@25.0.3/java.util.concurrent.ThreadPoolExecutor.getTask(ThreadPoolExecutor.java:1016)
        at java.base@25.0.3/java.util.concurrent.ThreadPoolExecutor.runWorker(ThreadPoolExecutor.java:1076)
        at java.base@25.0.3/java.util.concurrent.ThreadPoolExecutor$Worker.run(ThreadPoolExecutor.java:614)
        at java.base@25.0.3/java.lang.Thread.runWith(Thread.java:1487)
        at java.base@25.0.3/java.lang.Thread.run(Thread.java:1474)
"Socket Reader #8 for port 9862" daemon prio=5 tid=2533 runnable
java.lang.Thread.State: RUNNABLE
        at java.base@25.0.3/sun.nio.ch.EPoll.wait(Native Method)
        at java.base@25.0.3/sun.nio.ch.EPollSelectorImpl.doSelect(EPollSelectorImpl.java:117)
        at java.base@25.0.3/sun.nio.ch.SelectorImpl.lockAndDoSelect(SelectorImpl.java:130)
        at java.base@25.0.3/sun.nio.ch.SelectorImpl.select(SelectorImpl.java:147)
        at app//org.apache.hadoop.ipc_.Server$Listener$Reader.doRunLoop(Server.java:1004)
        at app//org.apache.hadoop.ipc_.Server$Listener$Reader.run(Server.java:983)
"deletedTable_PartialTableCache-Cleanup-0" daemon prio=5 tid=1089 in Object.wait()
java.lang.Thread.State: WAITING (on object monitor)
        at java.base@25.0.3/jdk.internal.misc.Unsafe.park(Native Method)
        at java.base@25.0.3/java.util.concurrent.locks.LockSupport.park(LockSupport.java:369)
        at java.base@25.0.3/java.util.concurrent.locks.AbstractQueuedSynchronizer$ConditionNode.block(AbstractQueuedSynchronizer.java:520)
        at java.base@25.0.3/java.util.concurrent.ForkJoinPool.unmanagedBlock(ForkJoinPool.java:4364)
        at java.base@25.0.3/java.util.concurrent.ForkJoinPool.managedBlock(ForkJoinPool.java:4310)
        at java.base@25.0.3/java.util.concurrent.locks.AbstractQueuedSynchronizer$ConditionObject.await(AbstractQueuedSynchronizer.java:1752)
        at java.base@25.0.3/java.util.concurrent.LinkedBlockingQueue.take(LinkedBlockingQueue.java:435)
        at java.base@25.0.3/java.util.concurrent.ThreadPoolExecutor.getTask(ThreadPoolExecutor.java:1016)
        at java.base@25.0.3/java.util.concurrent.ThreadPoolExecutor.runWorker(ThreadPoolExecutor.java:1076)
        at java.base@25.0.3/java.util.concurrent.ThreadPoolExecutor$Worker.run(ThreadPoolExecutor.java:614)
        at java.base@25.0.3/java.lang.Thread.runWith(Thread.java:1487)
        at java.base@25.0.3/java.lang.Thread.run(Thread.java:1474)
"LeakDetector-OzoneClientObject1" daemon prio=5 tid=241 in Object.wait()
java.lang.Thread.State: WAITING (on object monitor)
        at java.base@25.0.3/java.lang.Object.wait0(Native Method)
        at java.base@25.0.3/java.lang.Object.wait(Object.java:389)
        at java.base@25.0.3/java.lang.Object.wait(Object.java:351)
        at java.base@25.0.3/java.lang.ref.ReferenceQueue.remove0(ReferenceQueue.java:137)
        at java.base@25.0.3/java.lang.ref.ReferenceQueue.remove(ReferenceQueue.java:215)
        at app//org.apache.hadoop.hdds.utils.LeakDetector.run(LeakDetector.java:79)
        at app//org.apache.hadoop.hdds.utils.LeakDetector$$Lambda/0x00000000072aa3b0.run(Unknown Source)
        at java.base@25.0.3/java.lang.Thread.runWith(Thread.java:1487)
        at java.base@25.0.3/java.lang.Thread.run(Thread.java:1474)
"IPC Server handler 36 on default port 9862" daemon prio=5 tid=2605 timed_waiting
java.lang.Thread.State: TIMED_WAITING
        at java.base@25.0.3/jdk.internal.misc.Unsafe.park(Native Method)
        at java.base@25.0.3/java.util.concurrent.locks.LockSupport.parkNanos(LockSupport.java:271)
        at java.base@25.0.3/java.util.concurrent.locks.AbstractQueuedSynchronizer$ConditionObject.awaitNanos(AbstractQueuedSynchronizer.java:1803)
        at java.base@25.0.3/java.util.concurrent.LinkedBlockingQueue.poll(LinkedBlockingQueue.java:460)
        at app//org.apache.hadoop.ipc_.CallQueueManager.take(CallQueueManager.java:294)
        at app//org.apache.hadoop.ipc_.Server$Handler.run(Server.java:2634)
"IPC Server handler 31 on default port 9862" daemon prio=5 tid=2600 timed_waiting
java.lang.Thread.State: TIMED_WAITING
        at java.base@25.0.3/jdk.internal.misc.Unsafe.park(Native Method)
        at java.base@25.0.3/java.util.concurrent.locks.LockSupport.parkNanos(LockSupport.java:271)
        at java.base@25.0.3/java.util.concurrent.locks.AbstractQueuedSynchronizer$ConditionObject.awaitNanos(AbstractQueuedSynchronizer.java:1803)
        at java.base@25.0.3/java.util.concurrent.LinkedBlockingQueue.poll(LinkedBlockingQueue.java:460)
        at app//org.apache.hadoop.ipc_.CallQueueManager.take(CallQueueManager.java:294)
        at app//org.apache.hadoop.ipc_.Server$Handler.run(Server.java:2634)
"main"  prio=5 tid=3 in Object.wait()
java.lang.Thread.State: WAITING (on object monitor)
        at java.base@25.0.3/jdk.internal.misc.Unsafe.park(Native Method)
        at java.base@25.0.3/java.util.concurrent.locks.LockSupport.park(LockSupport.java:369)
        at java.base@25.0.3/java.util.concurrent.ForkJoinTask.awaitDone(ForkJoinTask.java:445)
        at java.base@25.0.3/java.util.concurrent.ForkJoinTask.awaitDone(ForkJoinTask.java:500)
        at java.base@25.0.3/java.util.concurrent.ForkJoinTask.get(ForkJoinTask.java:1018)
        at app//org.junit.platform.engine.support.hierarchical.HierarchicalTestEngine.execute(HierarchicalTestEngine.java:54)
        at app//org.junit.platform.launcher.core.EngineExecutionOrchestrator.executeEngine(EngineExecutionOrchestrator.java:230)
        at app//org.junit.platform.launcher.core.EngineExecutionOrchestrator.failOrExecuteEngine(EngineExecutionOrchestrator.java:204)
        at app//org.junit.platform.launcher.core.EngineExecutionOrchestrator.execute(EngineExecutionOrchestrator.java:172)
        at app//org.junit.platform.launcher.core.EngineExecutionOrchestrator.execute(EngineExecutionOrchestrator.java:101)
        at app//org.junit.platform.launcher.core.EngineExecutionOrchestrator.lambda$execute$0(EngineExecutionOrchestrator.java:64)
        at app//org.junit.platform.launcher.core.EngineExecutionOrchestrator$$Lambda/0x0000000007127b70.accept(Unknown Source)
        at app//org.junit.platform.launcher.core.EngineExecutionOrchestrator.withInterceptedStreams(EngineExecutionOrchestrator.java:150)
        at app//org.junit.platform.launcher.core.EngineExecutionOrchestrator.execute(EngineExecutionOrchestrator.java:63)
        at app//org.junit.platform.launcher.core.DefaultLauncher.execute(DefaultLauncher.java:109)
        at app//org.junit.platform.launcher.core.DefaultLauncher.execute(DefaultLauncher.java:91)
        at app//org.junit.platform.launcher.core.DelegatingLauncher.execute(DelegatingLauncher.java:47)
        at app//org.junit.platform.launcher.core.InterceptingLauncher.lambda$execute$1(InterceptingLauncher.java:39)
        at app//org.junit.platform.launcher.core.InterceptingLauncher$$Lambda/0x000000000709ca40.proceed(Unknown Source)
        at app//org.junit.platform.launcher.core.ClasspathAlignmentCheckingLauncherInterceptor.intercept(ClasspathAlignmentCheckingLauncherInterceptor.java:25)
        at app//org.junit.platform.launcher.core.InterceptingLauncher.execute(InterceptingLauncher.java:38)
        at app//org.junit.platform.launcher.core.DelegatingLauncher.execute(DelegatingLauncher.java:47)
        at app//org.apache.maven.surefire.junitplatform.LazyLauncher.execute(LazyLauncher.java:56)
        at app//org.apache.maven.surefire.junitplatform.JUnitPlatformProvider.execute(JUnitPlatformProvider.java:184)
        at app//org.apache.maven.surefire.junitplatform.JUnitPlatformProvider.invokeAllTests(JUnitPlatformProvider.java:148)
        at app//org.apache.maven.surefire.junitplatform.JUnitPlatformProvider.invoke(JUnitPlatformProvider.java:120)
        at app//org.apache.maven.surefire.booter.ForkedBooter.runSuitesInProcess(ForkedBooter.java:385)
        at app//org.apache.maven.surefire.booter.ForkedBooter.execute(ForkedBooter.java:162)
        at app//org.apache.maven.surefire.booter.ForkedBooter.run(ForkedBooter.java:507)
        at app//org.apache.maven.surefire.booter.ForkedBooter.main(ForkedBooter.java:495)
"keyTable_PartialTableCache-Cleanup-0" daemon prio=5 tid=2199 in Object.wait()
java.lang.Thread.State: WAITING (on object monitor)
        at java.base@25.0.3/jdk.internal.misc.Unsafe.park(Native Method)
        at java.base@25.0.3/java.util.concurrent.locks.LockSupport.park(LockSupport.java:369)
        at java.base@25.0.3/java.util.concurrent.locks.AbstractQueuedSynchronizer$ConditionNode.block(AbstractQueuedSynchronizer.java:520)
        at java.base@25.0.3/java.util.concurrent.ForkJoinPool.unmanagedBlock(ForkJoinPool.java:4364)
        at java.base@25.0.3/java.util.concurrent.ForkJoinPool.managedBlock(ForkJoinPool.java:4310)
        at java.base@25.0.3/java.util.concurrent.locks.AbstractQueuedSynchronizer$ConditionObject.await(AbstractQueuedSynchronizer.java:1752)
        at java.base@25.0.3/java.util.concurrent.LinkedBlockingQueue.take(LinkedBlockingQueue.java:435)
        at java.base@25.0.3/java.util.concurrent.ThreadPoolExecutor.getTask(ThreadPoolExecutor.java:1016)
        at java.base@25.0.3/java.util.concurrent.ThreadPoolExecutor.runWorker(ThreadPoolExecutor.java:1076)
        at java.base@25.0.3/java.util.concurrent.ThreadPoolExecutor$Worker.run(ThreadPoolExecutor.java:614)
        at java.base@25.0.3/java.lang.Thread.runWith(Thread.java:1487)
        at java.base@25.0.3/java.lang.Thread.run(Thread.java:1474)
"IPC Server handler 39 on default port 9862" daemon prio=5 tid=2608 timed_waiting
java.lang.Thread.State: TIMED_WAITING
        at java.base@25.0.3/jdk.internal.misc.Unsafe.park(Native Method)
        at java.base@25.0.3/java.util.concurrent.locks.LockSupport.parkNanos(LockSupport.java:271)
        at java.base@25.0.3/java.util.concurrent.locks.AbstractQueuedSynchronizer$ConditionObject.awaitNanos(AbstractQueuedSynchronizer.java:1803)
        at java.base@25.0.3/java.util.concurrent.LinkedBlockingQueue.poll(LinkedBlockingQueue.java:460)
        at app//org.apache.hadoop.ipc_.CallQueueManager.take(CallQueueManager.java:294)
        at app//org.apache.hadoop.ipc_.Server$Handler.run(Server.java:2634)
"IPC Server Responder" daemon prio=5 tid=2537 runnable
java.lang.Thread.State: RUNNABLE
        at java.base@25.0.3/sun.nio.ch.EPoll.wait(Native Method)
        at java.base@25.0.3/sun.nio.ch.EPollSelectorImpl.doSelect(EPollSelectorImpl.java:117)
        at java.base@25.0.3/sun.nio.ch.SelectorImpl.lockAndDoSelect(SelectorImpl.java:130)
        at java.base@25.0.3/sun.nio.ch.SelectorImpl.select(SelectorImpl.java:142)
        at app//org.apache.hadoop.ipc_.Server$Responder.doRunLoop(Server.java:1240)
        at app//org.apache.hadoop.ipc_.Server$Responder.run(Server.java:1223)
"bucketTable_FullTableCache-Cleanup-0" daemon prio=5 tid=2029 timed_waiting
java.lang.Thread.State: TIMED_WAITING
        at java.base@25.0.3/jdk.internal.misc.Unsafe.park(Native Method)
        at java.base@25.0.3/java.util.concurrent.locks.LockSupport.parkNanos(LockSupport.java:271)
        at java.base@25.0.3/java.util.concurrent.locks.AbstractQueuedSynchronizer$ConditionObject.awaitNanos(AbstractQueuedSynchronizer.java:1803)
        at java.base@25.0.3/java.util.concurrent.ScheduledThreadPoolExecutor$DelayedWorkQueue.take(ScheduledThreadPoolExecutor.java:1166)
        at java.base@25.0.3/java.util.concurrent.ScheduledThreadPoolExecutor$DelayedWorkQueue.take(ScheduledThreadPoolExecutor.java:883)
        at java.base@25.0.3/java.util.concurrent.ThreadPoolExecutor.getTask(ThreadPoolExecutor.java:1016)
        at java.base@25.0.3/java.util.concurrent.ThreadPoolExecutor.runWorker(ThreadPoolExecutor.java:1076)
        at java.base@25.0.3/java.util.concurrent.ThreadPoolExecutor$Worker.run(ThreadPoolExecutor.java:614)
        at java.base@25.0.3/java.lang.Thread.runWith(Thread.java:1487)
        at java.base@25.0.3/java.lang.Thread.run(Thread.java:1474)
"IPC Server handler 5 on default port 9862" daemon prio=5 tid=2574 timed_waiting
java.lang.Thread.State: TIMED_WAITING
        at java.base@25.0.3/jdk.internal.misc.Unsafe.park(Native Method)
        at java.base@25.0.3/java.util.concurrent.locks.LockSupport.parkNanos(LockSupport.java:271)
        at java.base@25.0.3/java.util.concurrent.locks.AbstractQueuedSynchronizer$ConditionObject.awaitNanos(AbstractQueuedSynchronizer.java:1803)
        at java.base@25.0.3/java.util.concurrent.LinkedBlockingQueue.poll(LinkedBlockingQueue.java:460)
        at app//org.apache.hadoop.ipc_.CallQueueManager.take(CallQueueManager.java:294)
        at app//org.apache.hadoop.ipc_.Server$Handler.run(Server.java:2634)
"IPC Server handler 98 on default port 9862" daemon prio=5 tid=2667 timed_waiting
java.lang.Thread.State: TIMED_WAITING
        at java.base@25.0.3/jdk.internal.misc.Unsafe.park(Native Method)
        at java.base@25.0.3/java.util.concurrent.locks.LockSupport.parkNanos(LockSupport.java:271)
        at java.base@25.0.3/java.util.concurrent.locks.AbstractQueuedSynchronizer$ConditionObject.awaitNanos(AbstractQueuedSynchronizer.java:1803)
        at java.base@25.0.3/java.util.concurrent.LinkedBlockingQueue.poll(LinkedBlockingQueue.java:460)
        at app//org.apache.hadoop.ipc_.CallQueueManager.take(CallQueueManager.java:294)
        at app//org.apache.hadoop.ipc_.Server$Handler.run(Server.java:2634)
"bucketTable_FullTableCache-Cleanup-0" daemon prio=5 tid=590 timed_waiting
java.lang.Thread.State: TIMED_WAITING
        at java.base@25.0.3/jdk.internal.misc.Unsafe.park(Native Method)
        at java.base@25.0.3/java.util.concurrent.locks.LockSupport.parkNanos(LockSupport.java:271)
        at java.base@25.0.3/java.util.concurrent.locks.AbstractQueuedSynchronizer$ConditionObject.awaitNanos(AbstractQueuedSynchronizer.java:1803)
        at java.base@25.0.3/java.util.concurrent.ScheduledThreadPoolExecutor$DelayedWorkQueue.take(ScheduledThreadPoolExecutor.java:1166)
        at java.base@25.0.3/java.util.concurrent.ScheduledThreadPoolExecutor$DelayedWorkQueue.take(ScheduledThreadPoolExecutor.java:883)
        at java.base@25.0.3/java.util.concurrent.ThreadPoolExecutor.getTask(ThreadPoolExecutor.java:1016)
        at java.base@25.0.3/java.util.concurrent.ThreadPoolExecutor.runWorker(ThreadPoolExecutor.java:1076)
        at java.base@25.0.3/java.util.concurrent.ThreadPoolExecutor$Worker.run(ThreadPoolExecutor.java:614)
        at java.base@25.0.3/java.lang.Thread.runWith(Thread.java:1487)
        at java.base@25.0.3/java.lang.Thread.run(Thread.java:1474)
"IPC Server handler 38 on default port 9862" daemon prio=5 tid=2607 timed_waiting
java.lang.Thread.State: TIMED_WAITING
        at java.base@25.0.3/jdk.internal.misc.Unsafe.park(Native Method)
        at java.base@25.0.3/java.util.concurrent.locks.LockSupport.parkNanos(LockSupport.java:271)
        at java.base@25.0.3/java.util.concurrent.locks.AbstractQueuedSynchronizer$ConditionObject.awaitNanos(AbstractQueuedSynchronizer.java:1803)
        at java.base@25.0.3/java.util.concurrent.LinkedBlockingQueue.poll(LinkedBlockingQueue.java:460)
        at app//org.apache.hadoop.ipc_.CallQueueManager.take(CallQueueManager.java:294)
        at app//org.apache.hadoop.ipc_.Server$Handler.run(Server.java:2634)
"IPC Server handler 58 on default port 9862" daemon prio=5 tid=2627 timed_waiting
java.lang.Thread.State: TIMED_WAITING
        at java.base@25.0.3/jdk.internal.misc.Unsafe.park(Native Method)
        at java.base@25.0.3/java.util.concurrent.locks.LockSupport.parkNanos(LockSupport.java:271)
        at java.base@25.0.3/java.util.concurrent.locks.AbstractQueuedSynchronizer$ConditionObject.awaitNanos(AbstractQueuedSynchronizer.java:1803)
        at java.base@25.0.3/java.util.concurrent.LinkedBlockingQueue.poll(LinkedBlockingQueue.java:460)
        at app//org.apache.hadoop.ipc_.CallQueueManager.take(CallQueueManager.java:294)
        at app//org.apache.hadoop.ipc_.Server$Handler.run(Server.java:2634)
"IPC Server handler 43 on default port 9862" daemon prio=5 tid=2612 timed_waiting
java.lang.Thread.State: TIMED_WAITING
        at java.base@25.0.3/jdk.internal.misc.Unsafe.park(Native Method)
        at java.base@25.0.3/java.util.concurrent.locks.LockSupport.parkNanos(LockSupport.java:271)
        at java.base@25.0.3/java.util.concurrent.locks.AbstractQueuedSynchronizer$ConditionObject.awaitNanos(AbstractQueuedSynchronizer.java:1803)
        at java.base@25.0.3/java.util.concurrent.LinkedBlockingQueue.poll(LinkedBlockingQueue.java:460)
        at app//org.apache.hadoop.ipc_.CallQueueManager.take(CallQueueManager.java:294)
        at app//org.apache.hadoop.ipc_.Server$Handler.run(Server.java:2634)
"om1-DirectoryDeletingService#2" daemon prio=5 tid=2553 timed_waiting
java.lang.Thread.State: TIMED_WAITING
        at java.base@25.0.3/jdk.internal.misc.Unsafe.park(Native Method)
        at java.base@25.0.3/java.util.concurrent.locks.LockSupport.parkNanos(LockSupport.java:271)
        at java.base@25.0.3/java.util.concurrent.locks.AbstractQueuedSynchronizer$ConditionObject.awaitNanos(AbstractQueuedSynchronizer.java:1803)
        at java.base@25.0.3/java.util.concurrent.ScheduledThreadPoolExecutor$DelayedWorkQueue.take(ScheduledThreadPoolExecutor.java:1166)
        at java.base@25.0.3/java.util.concurrent.ScheduledThreadPoolExecutor$DelayedWorkQueue.take(ScheduledThreadPoolExecutor.java:883)
        at java.base@25.0.3/java.util.concurrent.ThreadPoolExecutor.getTask(ThreadPoolExecutor.java:1016)
        at java.base@25.0.3/java.util.concurrent.ThreadPoolExecutor.runWorker(ThreadPoolExecutor.java:1076)
        at java.base@25.0.3/java.util.concurrent.ThreadPoolExecutor$Worker.run(ThreadPoolExecutor.java:614)
        at java.base@25.0.3/java.lang.Thread.runWith(Thread.java:1487)
        at java.base@25.0.3/java.lang.Thread.run(Thread.java:1474)
"IPC Server handler 64 on default port 9862" daemon prio=5 tid=2633 timed_waiting
java.lang.Thread.State: TIMED_WAITING
        at java.base@25.0.3/jdk.internal.misc.Unsafe.park(Native Method)
        at java.base@25.0.3/java.util.concurrent.locks.LockSupport.parkNanos(LockSupport.java:271)
        at java.base@25.0.3/java.util.concurrent.locks.AbstractQueuedSynchronizer$ConditionObject.awaitNanos(AbstractQueuedSynchronizer.java:1803)
        at java.base@25.0.3/java.util.concurrent.LinkedBlockingQueue.poll(LinkedBlockingQueue.java:460)
        at app//org.apache.hadoop.ipc_.CallQueueManager.take(CallQueueManager.java:294)
        at app//org.apache.hadoop.ipc_.Server$Handler.run(Server.java:2634)
"qtp88341167-2564" daemon prio=5 tid=2564 timed_waiting
java.lang.Thread.State: TIMED_WAITING
        at java.base@25.0.3/jdk.internal.misc.Unsafe.park(Native Method)
        at java.base@25.0.3/java.util.concurrent.locks.LockSupport.parkNanos(LockSupport.java:271)
        at java.base@25.0.3/java.util.concurrent.locks.AbstractQueuedSynchronizer$ConditionObject.awaitNanos(AbstractQueuedSynchronizer.java:1803)
        at app//org.eclipse.jetty.util.BlockingArrayQueue.poll(BlockingArrayQueue.java:382)
        at app//org.eclipse.jetty.util.thread.QueuedThreadPool$Runner.idleJobPoll(QueuedThreadPool.java:974)
        at app//org.eclipse.jetty.util.thread.QueuedThreadPool$Runner.run(QueuedThreadPool.java:1018)
        at java.base@25.0.3/java.lang.Thread.runWith(Thread.java:1487)
        at java.base@25.0.3/java.lang.Thread.run(Thread.java:1474)
"bucketTable_FullTableCache-Cleanup-0" daemon prio=5 tid=45 timed_waiting
java.lang.Thread.State: TIMED_WAITING
        at java.base@25.0.3/jdk.internal.misc.Unsafe.park(Native Method)
        at java.base@25.0.3/java.util.concurrent.locks.LockSupport.parkNanos(LockSupport.java:271)
        at java.base@25.0.3/java.util.concurrent.locks.AbstractQueuedSynchronizer$ConditionObject.awaitNanos(AbstractQueuedSynchronizer.java:1803)
        at java.base@25.0.3/java.util.concurrent.ScheduledThreadPoolExecutor$DelayedWorkQueue.take(ScheduledThreadPoolExecutor.java:1166)
        at java.base@25.0.3/java.util.concurrent.ScheduledThreadPoolExecutor$DelayedWorkQueue.take(ScheduledThreadPoolExecutor.java:883)
        at java.base@25.0.3/java.util.concurrent.ThreadPoolExecutor.getTask(ThreadPoolExecutor.java:1016)
        at java.base@25.0.3/java.util.concurrent.ThreadPoolExecutor.runWorker(ThreadPoolExecutor.java:1076)
        at java.base@25.0.3/java.util.concurrent.ThreadPoolExecutor$Worker.run(ThreadPoolExecutor.java:614)
        at java.base@25.0.3/java.lang.Thread.runWith(Thread.java:1487)
        at java.base@25.0.3/java.lang.Thread.run(Thread.java:1474)
"fileTable_PartialTableCache-Cleanup-0" daemon prio=5 tid=2194 in Object.wait()
java.lang.Thread.State: WAITING (on object monitor)
        at java.base@25.0.3/jdk.internal.misc.Unsafe.park(Native Method)
        at java.base@25.0.3/java.util.concurrent.locks.LockSupport.park(LockSupport.java:369)
        at java.base@25.0.3/java.util.concurrent.locks.AbstractQueuedSynchronizer$ConditionNode.block(AbstractQueuedSynchronizer.java:520)
        at java.base@25.0.3/java.util.concurrent.ForkJoinPool.unmanagedBlock(ForkJoinPool.java:4364)
        at java.base@25.0.3/java.util.concurrent.ForkJoinPool.managedBlock(ForkJoinPool.java:4310)
        at java.base@25.0.3/java.util.concurrent.locks.AbstractQueuedSynchronizer$ConditionObject.await(AbstractQueuedSynchronizer.java:1752)
        at java.base@25.0.3/java.util.concurrent.LinkedBlockingQueue.take(LinkedBlockingQueue.java:435)
        at java.base@25.0.3/java.util.concurrent.ThreadPoolExecutor.getTask(ThreadPoolExecutor.java:1016)
        at java.base@25.0.3/java.util.concurrent.ThreadPoolExecutor.runWorker(ThreadPoolExecutor.java:1076)
        at java.base@25.0.3/java.util.concurrent.ThreadPoolExecutor$Worker.run(ThreadPoolExecutor.java:614)
        at java.base@25.0.3/java.lang.Thread.runWith(Thread.java:1487)
        at java.base@25.0.3/java.lang.Thread.run(Thread.java:1474)
"IPC Server handler 32 on default port 9862" daemon prio=5 tid=2601 timed_waiting
java.lang.Thread.State: TIMED_WAITING
        at java.base@25.0.3/jdk.internal.misc.Unsafe.park(Native Method)
        at java.base@25.0.3/java.util.concurrent.locks.LockSupport.parkNanos(LockSupport.java:271)
        at java.base@25.0.3/java.util.concurrent.locks.AbstractQueuedSynchronizer$ConditionObject.awaitNanos(AbstractQueuedSynchronizer.java:1803)
        at java.base@25.0.3/java.util.concurrent.LinkedBlockingQueue.poll(LinkedBlockingQueue.java:460)
        at app//org.apache.hadoop.ipc_.CallQueueManager.take(CallQueueManager.java:294)
        at app//org.apache.hadoop.ipc_.Server$Handler.run(Server.java:2634)
"lifecycleScanStateTable_FullTableCache-Cleanup-0" daemon prio=5 tid=2518 timed_waiting
java.lang.Thread.State: TIMED_WAITING
        at java.base@25.0.3/jdk.internal.misc.Unsafe.park(Native Method)
        at java.base@25.0.3/java.util.concurrent.locks.LockSupport.parkNanos(LockSupport.java:271)
        at java.base@25.0.3/java.util.concurrent.locks.AbstractQueuedSynchronizer$ConditionObject.awaitNanos(AbstractQueuedSynchronizer.java:1803)
        at java.base@25.0.3/java.util.concurrent.ScheduledThreadPoolExecutor$DelayedWorkQueue.take(ScheduledThreadPoolExecutor.java:1166)
        at java.base@25.0.3/java.util.concurrent.ScheduledThreadPoolExecutor$DelayedWorkQueue.take(ScheduledThreadPoolExecutor.java:883)
        at java.base@25.0.3/java.util.concurrent.ThreadPoolExecutor.getTask(ThreadPoolExecutor.java:1016)
        at java.base@25.0.3/java.util.concurrent.ThreadPoolExecutor.runWorker(ThreadPoolExecutor.java:1076)
        at java.base@25.0.3/java.util.concurrent.ThreadPoolExecutor$Worker.run(ThreadPoolExecutor.java:614)
        at java.base@25.0.3/java.lang.Thread.runWith(Thread.java:1487)
        at java.base@25.0.3/java.lang.Thread.run(Thread.java:1474)
"IPC Server handler 16 on default port 9862" daemon prio=5 tid=2585 timed_waiting
java.lang.Thread.State: TIMED_WAITING
        at java.base@25.0.3/jdk.internal.misc.Unsafe.park(Native Method)
        at java.base@25.0.3/java.util.concurrent.locks.LockSupport.parkNanos(LockSupport.java:271)
        at java.base@25.0.3/java.util.concurrent.locks.AbstractQueuedSynchronizer$ConditionObject.awaitNanos(AbstractQueuedSynchronizer.java:1803)
        at java.base@25.0.3/java.util.concurrent.LinkedBlockingQueue.poll(LinkedBlockingQueue.java:460)
        at app//org.apache.hadoop.ipc_.CallQueueManager.take(CallQueueManager.java:294)
        at app//org.apache.hadoop.ipc_.Server$Handler.run(Server.java:2634)
"bucketTable_FullTableCache-Cleanup-0" daemon prio=5 tid=2516 timed_waiting
java.lang.Thread.State: TIMED_WAITING
        at java.base@25.0.3/jdk.internal.misc.Unsafe.park(Native Method)
        at java.base@25.0.3/java.util.concurrent.locks.LockSupport.parkNanos(LockSupport.java:271)
        at java.base@25.0.3/java.util.concurrent.locks.AbstractQueuedSynchronizer$ConditionObject.awaitNanos(AbstractQueuedSynchronizer.java:1803)
        at java.base@25.0.3/java.util.concurrent.ScheduledThreadPoolExecutor$DelayedWorkQueue.take(ScheduledThreadPoolExecutor.java:1166)
        at java.base@25.0.3/java.util.concurrent.ScheduledThreadPoolExecutor$DelayedWorkQueue.take(ScheduledThreadPoolExecutor.java:883)
        at java.base@25.0.3/java.util.concurrent.ThreadPoolExecutor.getTask(ThreadPoolExecutor.java:1016)
        at java.base@25.0.3/java.util.concurrent.ThreadPoolExecutor.runWorker(ThreadPoolExecutor.java:1076)
        at java.base@25.0.3/java.util.concurrent.ThreadPoolExecutor$Worker.run(ThreadPoolExecutor.java:614)
        at java.base@25.0.3/java.lang.Thread.runWith(Thread.java:1487)
        at java.base@25.0.3/java.lang.Thread.run(Thread.java:1474)
"IPC Server handler 91 on default port 9862" daemon prio=5 tid=2660 timed_waiting
java.lang.Thread.State: TIMED_WAITING
        at java.base@25.0.3/jdk.internal.misc.Unsafe.park(Native Method)
        at java.base@25.0.3/java.util.concurrent.locks.LockSupport.parkNanos(LockSupport.java:271)
        at java.base@25.0.3/java.util.concurrent.locks.AbstractQueuedSynchronizer$ConditionObject.awaitNanos(AbstractQueuedSynchronizer.java:1803)
        at java.base@25.0.3/java.util.concurrent.LinkedBlockingQueue.poll(LinkedBlockingQueue.java:460)
        at app//org.apache.hadoop.ipc_.CallQueueManager.take(CallQueueManager.java:294)
        at app//org.apache.hadoop.ipc_.Server$Handler.run(Server.java:2634)
"deletedDirectoryTable_PartialTableCache-Cleanup-0" daemon prio=5 tid=2687 in Object.wait()
java.lang.Thread.State: WAITING (on object monitor)
        at java.base@25.0.3/jdk.internal.misc.Unsafe.park(Native Method)
        at java.base@25.0.3/java.util.concurrent.locks.LockSupport.park(LockSupport.java:369)
        at java.base@25.0.3/java.util.concurrent.locks.AbstractQueuedSynchronizer$ConditionNode.block(AbstractQueuedSynchronizer.java:520)
        at java.base@25.0.3/java.util.concurrent.ForkJoinPool.unmanagedBlock(ForkJoinPool.java:4364)
        at java.base@25.0.3/java.util.concurrent.ForkJoinPool.managedBlock(ForkJoinPool.java:4310)
        at java.base@25.0.3/java.util.concurrent.locks.AbstractQueuedSynchronizer$ConditionObject.await(AbstractQueuedSynchronizer.java:1752)
        at java.base@25.0.3/java.util.concurrent.LinkedBlockingQueue.take(LinkedBlockingQueue.java:435)
        at java.base@25.0.3/java.util.concurrent.ThreadPoolExecutor.getTask(ThreadPoolExecutor.java:1016)
        at java.base@25.0.3/java.util.concurrent.ThreadPoolExecutor.runWorker(ThreadPoolExecutor.java:1076)
        at java.base@25.0.3/java.util.concurrent.ThreadPoolExecutor$Worker.run(ThreadPoolExecutor.java:614)
        at java.base@25.0.3/java.lang.Thread.runWith(Thread.java:1487)
        at java.base@25.0.3/java.lang.Thread.run(Thread.java:1474)
"IPC Server handler 92 on default port 9862" daemon prio=5 tid=2661 timed_waiting
java.lang.Thread.State: TIMED_WAITING
        at java.base@25.0.3/jdk.internal.misc.Unsafe.park(Native Method)
        at java.base@25.0.3/java.util.concurrent.locks.LockSupport.parkNanos(LockSupport.java:271)
        at java.base@25.0.3/java.util.concurrent.locks.AbstractQueuedSynchronizer$ConditionObject.awaitNanos(AbstractQueuedSynchronizer.java:1803)
        at java.base@25.0.3/java.util.concurrent.LinkedBlockingQueue.poll(LinkedBlockingQueue.java:460)
        at app//org.apache.hadoop.ipc_.CallQueueManager.take(CallQueueManager.java:294)
        at app//org.apache.hadoop.ipc_.Server$Handler.run(Server.java:2634)
"deletedDirectoryTable_PartialTableCache-Cleanup-0" daemon prio=5 tid=2196 in Object.wait()
java.lang.Thread.State: WAITING (on object monitor)
        at java.base@25.0.3/jdk.internal.misc.Unsafe.park(Native Method)
        at java.base@25.0.3/java.util.concurrent.locks.LockSupport.park(LockSupport.java:369)
        at java.base@25.0.3/java.util.concurrent.locks.AbstractQueuedSynchronizer$ConditionNode.block(AbstractQueuedSynchronizer.java:520)
        at java.base@25.0.3/java.util.concurrent.ForkJoinPool.unmanagedBlock(ForkJoinPool.java:4364)
        at java.base@25.0.3/java.util.concurrent.ForkJoinPool.managedBlock(ForkJoinPool.java:4310)
        at java.base@25.0.3/java.util.concurrent.locks.AbstractQueuedSynchronizer$ConditionObject.await(AbstractQueuedSynchronizer.java:1752)
        at java.base@25.0.3/java.util.concurrent.LinkedBlockingQueue.take(LinkedBlockingQueue.java:435)
        at java.base@25.0.3/java.util.concurrent.ThreadPoolExecutor.getTask(ThreadPoolExecutor.java:1016)
        at java.base@25.0.3/java.util.concurrent.ThreadPoolExecutor.runWorker(ThreadPoolExecutor.java:1076)
        at java.base@25.0.3/java.util.concurrent.ThreadPoolExecutor$Worker.run(ThreadPoolExecutor.java:614)
        at java.base@25.0.3/java.lang.Thread.runWith(Thread.java:1487)
        at java.base@25.0.3/java.lang.Thread.run(Thread.java:1474)
"IPC Server handler 79 on default port 9862" daemon prio=5 tid=2648 timed_waiting
java.lang.Thread.State: TIMED_WAITING
        at java.base@25.0.3/jdk.internal.misc.Unsafe.park(Native Method)
        at java.base@25.0.3/java.util.concurrent.locks.LockSupport.parkNanos(LockSupport.java:271)
        at java.base@25.0.3/java.util.concurrent.locks.AbstractQueuedSynchronizer$ConditionObject.awaitNanos(AbstractQueuedSynchronizer.java:1803)
        at java.base@25.0.3/java.util.concurrent.LinkedBlockingQueue.poll(LinkedBlockingQueue.java:460)
        at app//org.apache.hadoop.ipc_.CallQueueManager.take(CallQueueManager.java:294)
        at app//org.apache.hadoop.ipc_.Server$Handler.run(Server.java:2634)
"IPC Server handler 86 on default port 9862" daemon prio=5 tid=2655 timed_waiting
java.lang.Thread.State: TIMED_WAITING
        at java.base@25.0.3/jdk.internal.misc.Unsafe.park(Native Method)
        at java.base@25.0.3/java.util.concurrent.locks.LockSupport.parkNanos(LockSupport.java:271)
        at java.base@25.0.3/java.util.concurrent.locks.AbstractQueuedSynchronizer$ConditionObject.awaitNanos(AbstractQueuedSynchronizer.java:1803)
        at java.base@25.0.3/java.util.concurrent.LinkedBlockingQueue.poll(LinkedBlockingQueue.java:460)
        at app//org.apache.hadoop.ipc_.CallQueueManager.take(CallQueueManager.java:294)
        at app//org.apache.hadoop.ipc_.Server$Handler.run(Server.java:2634)
"Notification Thread" daemon prio=9 tid=23 runnable
java.lang.Thread.State: RUNNABLE
"directoryTable_PartialTableCache-Cleanup-0" daemon prio=5 tid=2679 in Object.wait()
java.lang.Thread.State: WAITING (on object monitor)
        at java.base@25.0.3/jdk.internal.misc.Unsafe.park(Native Method)
        at java.base@25.0.3/java.util.concurrent.locks.LockSupport.park(LockSupport.java:369)
        at java.base@25.0.3/java.util.concurrent.locks.AbstractQueuedSynchronizer$ConditionNode.block(AbstractQueuedSynchronizer.java:520)
        at java.base@25.0.3/java.util.concurrent.ForkJoinPool.unmanagedBlock(ForkJoinPool.java:4364)
        at java.base@25.0.3/java.util.concurrent.ForkJoinPool.managedBlock(ForkJoinPool.java:4310)
        at java.base@25.0.3/java.util.concurrent.locks.AbstractQueuedSynchronizer$ConditionObject.await(AbstractQueuedSynchronizer.java:1752)
        at java.base@25.0.3/java.util.concurrent.LinkedBlockingQueue.take(LinkedBlockingQueue.java:435)
        at java.base@25.0.3/java.util.concurrent.ThreadPoolExecutor.getTask(ThreadPoolExecutor.java:1016)
        at java.base@25.0.3/java.util.concurrent.ThreadPoolExecutor.runWorker(ThreadPoolExecutor.java:1076)
        at java.base@25.0.3/java.util.concurrent.ThreadPoolExecutor$Worker.run(ThreadPoolExecutor.java:614)
        at java.base@25.0.3/java.lang.Thread.runWith(Thread.java:1487)
        at java.base@25.0.3/java.lang.Thread.run(Thread.java:1474)
"IPC Server handler 84 on default port 9862" daemon prio=5 tid=2653 timed_waiting
java.lang.Thread.State: TIMED_WAITING
        at java.base@25.0.3/jdk.internal.misc.Unsafe.park(Native Method)
        at java.base@25.0.3/java.util.concurrent.locks.LockSupport.parkNanos(LockSupport.java:271)
        at java.base@25.0.3/java.util.concurrent.locks.AbstractQueuedSynchronizer$ConditionObject.awaitNanos(AbstractQueuedSynchronizer.java:1803)
        at java.base@25.0.3/java.util.concurrent.LinkedBlockingQueue.poll(LinkedBlockingQueue.java:460)
        at app//org.apache.hadoop.ipc_.CallQueueManager.take(CallQueueManager.java:294)
        at app//org.apache.hadoop.ipc_.Server$Handler.run(Server.java:2634)
"IPC Server handler 77 on default port 9862" daemon prio=5 tid=2646 timed_waiting
java.lang.Thread.State: TIMED_WAITING
        at java.base@25.0.3/jdk.internal.misc.Unsafe.park(Native Method)
        at java.base@25.0.3/java.util.concurrent.locks.LockSupport.parkNanos(LockSupport.java:271)
        at java.base@25.0.3/java.util.concurrent.locks.AbstractQueuedSynchronizer$ConditionObject.awaitNanos(AbstractQueuedSynchronizer.java:1803)
        at java.base@25.0.3/java.util.concurrent.LinkedBlockingQueue.poll(LinkedBlockingQueue.java:460)
        at app//org.apache.hadoop.ipc_.CallQueueManager.take(CallQueueManager.java:294)
        at app//org.apache.hadoop.ipc_.Server$Handler.run(Server.java:2634)
"volumeTable_FullTableCache-Cleanup-0" daemon prio=5 tid=1490 timed_waiting
java.lang.Thread.State: TIMED_WAITING
        at java.base@25.0.3/jdk.internal.misc.Unsafe.park(Native Method)
        at java.base@25.0.3/java.util.concurrent.locks.LockSupport.parkNanos(LockSupport.java:271)
        at java.base@25.0.3/java.util.concurrent.locks.AbstractQueuedSynchronizer$ConditionObject.awaitNanos(AbstractQueuedSynchronizer.java:1803)
        at java.base@25.0.3/java.util.concurrent.ScheduledThreadPoolExecutor$DelayedWorkQueue.take(ScheduledThreadPoolExecutor.java:1166)
        at java.base@25.0.3/java.util.concurrent.ScheduledThreadPoolExecutor$DelayedWorkQueue.take(ScheduledThreadPoolExecutor.java:883)
        at java.base@25.0.3/java.util.concurrent.ThreadPoolExecutor.getTask(ThreadPoolExecutor.java:1016)
        at java.base@25.0.3/java.util.concurrent.ThreadPoolExecutor.runWorker(ThreadPoolExecutor.java:1076)
        at java.base@25.0.3/java.util.concurrent.ThreadPoolExecutor$Worker.run(ThreadPoolExecutor.java:614)
        at java.base@25.0.3/java.lang.Thread.runWith(Thread.java:1487)
        at java.base@25.0.3/java.lang.Thread.run(Thread.java:1474)
"IPC Server handler 87 on default port 9862" daemon prio=5 tid=2656 timed_waiting
java.lang.Thread.State: TIMED_WAITING
        at java.base@25.0.3/jdk.internal.misc.Unsafe.park(Native Method)
        at java.base@25.0.3/java.util.concurrent.locks.LockSupport.parkNanos(LockSupport.java:271)
        at java.base@25.0.3/java.util.concurrent.locks.AbstractQueuedSynchronizer$ConditionObject.awaitNanos(AbstractQueuedSynchronizer.java:1803)
        at java.base@25.0.3/java.util.concurrent.LinkedBlockingQueue.poll(LinkedBlockingQueue.java:460)
        at app//org.apache.hadoop.ipc_.CallQueueManager.take(CallQueueManager.java:294)
        at app//org.apache.hadoop.ipc_.Server$Handler.run(Server.java:2634)
"IPC Server handler 55 on default port 9862" daemon prio=5 tid=2624 timed_waiting
java.lang.Thread.State: TIMED_WAITING
        at java.base@25.0.3/jdk.internal.misc.Unsafe.park(Native Method)
        at java.base@25.0.3/java.util.concurrent.locks.LockSupport.parkNanos(LockSupport.java:271)
        at java.base@25.0.3/java.util.concurrent.locks.AbstractQueuedSynchronizer$ConditionObject.awaitNanos(AbstractQueuedSynchronizer.java:1803)
        at java.base@25.0.3/java.util.concurrent.LinkedBlockingQueue.poll(LinkedBlockingQueue.java:460)
        at app//org.apache.hadoop.ipc_.CallQueueManager.take(CallQueueManager.java:294)
        at app//org.apache.hadoop.ipc_.Server$Handler.run(Server.java:2634)
"bucketTable_FullTableCache-Cleanup-0" daemon prio=5 tid=77 timed_waiting
java.lang.Thread.State: TIMED_WAITING
        at java.base@25.0.3/jdk.internal.misc.Unsafe.park(Native Method)
        at java.base@25.0.3/java.util.concurrent.locks.LockSupport.parkNanos(LockSupport.java:271)
        at java.base@25.0.3/java.util.concurrent.locks.AbstractQueuedSynchronizer$ConditionObject.awaitNanos(AbstractQueuedSynchronizer.java:1803)
        at java.base@25.0.3/java.util.concurrent.ScheduledThreadPoolExecutor$DelayedWorkQueue.take(ScheduledThreadPoolExecutor.java:1166)
        at java.base@25.0.3/java.util.concurrent.ScheduledThreadPoolExecutor$DelayedWorkQueue.take(ScheduledThreadPoolExecutor.java:883)
        at java.base@25.0.3/java.util.concurrent.ThreadPoolExecutor.getTask(ThreadPoolExecutor.java:1016)
        at java.base@25.0.3/java.util.concurrent.ThreadPoolExecutor.runWorker(ThreadPoolExecutor.java:1076)
        at java.base@25.0.3/java.util.concurrent.ThreadPoolExecutor$Worker.run(ThreadPoolExecutor.java:614)
        at java.base@25.0.3/java.lang.Thread.runWith(Thread.java:1487)
        at java.base@25.0.3/java.lang.Thread.run(Thread.java:1474)
"ForkJoinPool-1-worker-5" daemon prio=5 tid=1518 in Object.wait()
java.lang.Thread.State: WAITING (on object monitor)
        at java.base@25.0.3/jdk.internal.misc.Unsafe.park(Native Method)
        at java.base@25.0.3/java.util.concurrent.ForkJoinPool.awaitWork(ForkJoinPool.java:2109)
        at java.base@25.0.3/java.util.concurrent.ForkJoinPool.deactivate(ForkJoinPool.java:2063)
        at java.base@25.0.3/java.util.concurrent.ForkJoinPool.runWorker(ForkJoinPool.java:2027)
        at java.base@25.0.3/java.util.concurrent.ForkJoinWorkerThread.run(ForkJoinWorkerThread.java:187)
"qtp88341167-2561" daemon prio=5 tid=2561 runnable
java.lang.Thread.State: RUNNABLE
        at java.base@25.0.3/sun.nio.ch.EPoll.wait(Native Method)
        at java.base@25.0.3/sun.nio.ch.EPollSelectorImpl.doSelect(EPollSelectorImpl.java:117)
        at java.base@25.0.3/sun.nio.ch.SelectorImpl.lockAndDoSelect(SelectorImpl.java:130)
        at java.base@25.0.3/sun.nio.ch.SelectorImpl.select(SelectorImpl.java:147)
        at app//org.eclipse.jetty.io.ManagedSelector.nioSelect(ManagedSelector.java:183)
        at app//org.eclipse.jetty.io.ManagedSelector.select(ManagedSelector.java:190)
        at app//org.eclipse.jetty.io.ManagedSelector$SelectorProducer.select(ManagedSelector.java:606)
        at app//org.eclipse.jetty.io.ManagedSelector$SelectorProducer.produce(ManagedSelector.java:543)
        at app//org.eclipse.jetty.util.thread.strategy.EatWhatYouKill.produceTask(EatWhatYouKill.java:362)
        at app//org.eclipse.jetty.util.thread.strategy.EatWhatYouKill.doProduce(EatWhatYouKill.java:186)
        at app//org.eclipse.jetty.util.thread.strategy.EatWhatYouKill.tryProduce(EatWhatYouKill.java:173)
        at app//org.eclipse.jetty.util.thread.strategy.EatWhatYouKill.produce(EatWhatYouKill.java:137)
        at app//org.eclipse.jetty.io.ManagedSelector$$Lambda/0x00000000079d1568.run(Unknown Source)
        at app//org.eclipse.jetty.util.thread.QueuedThreadPool.runJob(QueuedThreadPool.java:883)
        at app//org.eclipse.jetty.util.thread.QueuedThreadPool$Runner.run(QueuedThreadPool.java:1034)
        at java.base@25.0.3/java.lang.Thread.runWith(Thread.java:1487)
        at java.base@25.0.3/java.lang.Thread.run(Thread.java:1474)
"IPC Server handler 2 on default port 9862" daemon prio=5 tid=2571 timed_waiting
java.lang.Thread.State: TIMED_WAITING
        at java.base@25.0.3/jdk.internal.misc.Unsafe.park(Native Method)
        at java.base@25.0.3/java.util.concurrent.locks.LockSupport.parkNanos(LockSupport.java:271)
        at java.base@25.0.3/java.util.concurrent.locks.AbstractQueuedSynchronizer$ConditionObject.awaitNanos(AbstractQueuedSynchronizer.java:1803)
        at java.base@25.0.3/java.util.concurrent.LinkedBlockingQueue.poll(LinkedBlockingQueue.java:460)
        at app//org.apache.hadoop.ipc_.CallQueueManager.take(CallQueueManager.java:294)
        at app//org.apache.hadoop.ipc_.Server$Handler.run(Server.java:2634)
"IPC Server handler 94 on default port 9862" daemon prio=5 tid=2663 timed_waiting
java.lang.Thread.State: TIMED_WAITING
        at java.base@25.0.3/jdk.internal.misc.Unsafe.park(Native Method)
        at java.base@25.0.3/java.util.concurrent.locks.LockSupport.parkNanos(LockSupport.java:271)
        at java.base@25.0.3/java.util.concurrent.locks.AbstractQueuedSynchronizer$ConditionObject.awaitNanos(AbstractQueuedSynchronizer.java:1803)
        at java.base@25.0.3/java.util.concurrent.LinkedBlockingQueue.poll(LinkedBlockingQueue.java:460)
        at app//org.apache.hadoop.ipc_.CallQueueManager.take(CallQueueManager.java:294)
        at app//org.apache.hadoop.ipc_.Server$Handler.run(Server.java:2634)
"IPC Server handler 40 on default port 9862" daemon prio=5 tid=2609 timed_waiting
java.lang.Thread.State: TIMED_WAITING
        at java.base@25.0.3/jdk.internal.misc.Unsafe.park(Native Method)
        at java.base@25.0.3/java.util.concurrent.locks.LockSupport.parkNanos(LockSupport.java:271)
        at java.base@25.0.3/java.util.concurrent.locks.AbstractQueuedSynchronizer$ConditionObject.awaitNanos(AbstractQueuedSynchronizer.java:1803)
        at java.base@25.0.3/java.util.concurrent.LinkedBlockingQueue.poll(LinkedBlockingQueue.java:460)
        at app//org.apache.hadoop.ipc_.CallQueueManager.take(CallQueueManager.java:294)
        at app//org.apache.hadoop.ipc_.Server$Handler.run(Server.java:2634)
"om1-SnapshotDiffCleanupService#0" daemon prio=5 tid=2521 timed_waiting
java.lang.Thread.State: TIMED_WAITING
        at java.base@25.0.3/jdk.internal.misc.Unsafe.park(Native Method)
        at java.base@25.0.3/java.util.concurrent.locks.LockSupport.parkNanos(LockSupport.java:271)
        at java.base@25.0.3/java.util.concurrent.locks.AbstractQueuedSynchronizer$ConditionObject.awaitNanos(AbstractQueuedSynchronizer.java:1803)
        at java.base@25.0.3/java.util.concurrent.ScheduledThreadPoolExecutor$DelayedWorkQueue.take(ScheduledThreadPoolExecutor.java:1166)
        at java.base@25.0.3/java.util.concurrent.ScheduledThreadPoolExecutor$DelayedWorkQueue.take(ScheduledThreadPoolExecutor.java:883)
        at java.base@25.0.3/java.util.concurrent.ThreadPoolExecutor.getTask(ThreadPoolExecutor.java:1016)
        at java.base@25.0.3/java.util.concurrent.ThreadPoolExecutor.runWorker(ThreadPoolExecutor.java:1076)
        at java.base@25.0.3/java.util.concurrent.ThreadPoolExecutor$Worker.run(ThreadPoolExecutor.java:614)
        at java.base@25.0.3/java.lang.Thread.runWith(Thread.java:1487)
        at java.base@25.0.3/java.lang.Thread.run(Thread.java:1474)
"IPC Server handler 44 on default port 9862" daemon prio=5 tid=2613 timed_waiting
java.lang.Thread.State: TIMED_WAITING
        at java.base@25.0.3/jdk.internal.misc.Unsafe.park(Native Method)
        at java.base@25.0.3/java.util.concurrent.locks.LockSupport.parkNanos(LockSupport.java:271)
        at java.base@25.0.3/java.util.concurrent.locks.AbstractQueuedSynchronizer$ConditionObject.awaitNanos(AbstractQueuedSynchronizer.java:1803)
        at java.base@25.0.3/java.util.concurrent.LinkedBlockingQueue.poll(LinkedBlockingQueue.java:460)
        at app//org.apache.hadoop.ipc_.CallQueueManager.take(CallQueueManager.java:294)
        at app//org.apache.hadoop.ipc_.Server$Handler.run(Server.java:2634)
"deletedTable_PartialTableCache-Cleanup-0" daemon prio=5 tid=2682 in Object.wait()
java.lang.Thread.State: WAITING (on object monitor)
        at java.base@25.0.3/jdk.internal.misc.Unsafe.park(Native Method)
        at java.base@25.0.3/java.util.concurrent.locks.LockSupport.park(LockSupport.java:369)
        at java.base@25.0.3/java.util.concurrent.locks.AbstractQueuedSynchronizer$ConditionNode.block(AbstractQueuedSynchronizer.java:520)
        at java.base@25.0.3/java.util.concurrent.ForkJoinPool.unmanagedBlock(ForkJoinPool.java:4364)
        at java.base@25.0.3/java.util.concurrent.ForkJoinPool.managedBlock(ForkJoinPool.java:4310)
        at java.base@25.0.3/java.util.concurrent.locks.AbstractQueuedSynchronizer$ConditionObject.await(AbstractQueuedSynchronizer.java:1752)
        at java.base@25.0.3/java.util.concurrent.LinkedBlockingQueue.take(LinkedBlockingQueue.java:435)
        at java.base@25.0.3/java.util.concurrent.ThreadPoolExecutor.getTask(ThreadPoolExecutor.java:1016)
        at java.base@25.0.3/java.util.concurrent.ThreadPoolExecutor.runWorker(ThreadPoolExecutor.java:1076)
        at java.base@25.0.3/java.util.concurrent.ThreadPoolExecutor$Worker.run(ThreadPoolExecutor.java:614)
        at java.base@25.0.3/java.lang.Thread.runWith(Thread.java:1487)
        at java.base@25.0.3/java.lang.Thread.run(Thread.java:1474)
"openKeyTable_PartialTableCache-Cleanup-0" daemon prio=5 tid=247 in Object.wait()
java.lang.Thread.State: WAITING (on object monitor)
        at java.base@25.0.3/jdk.internal.misc.Unsafe.park(Native Method)
        at java.base@25.0.3/java.util.concurrent.locks.LockSupport.park(LockSupport.java:369)
        at java.base@25.0.3/java.util.concurrent.locks.AbstractQueuedSynchronizer$ConditionNode.block(AbstractQueuedSynchronizer.java:520)
        at java.base@25.0.3/java.util.concurrent.ForkJoinPool.unmanagedBlock(ForkJoinPool.java:4364)
        at java.base@25.0.3/java.util.concurrent.ForkJoinPool.managedBlock(ForkJoinPool.java:4310)
        at java.base@25.0.3/java.util.concurrent.locks.AbstractQueuedSynchronizer$ConditionObject.await(AbstractQueuedSynchronizer.java:1752)
        at java.base@25.0.3/java.util.concurrent.LinkedBlockingQueue.take(LinkedBlockingQueue.java:435)
        at java.base@25.0.3/java.util.concurrent.ThreadPoolExecutor.getTask(ThreadPoolExecutor.java:1016)
        at java.base@25.0.3/java.util.concurrent.ThreadPoolExecutor.runWorker(ThreadPoolExecutor.java:1076)
        at java.base@25.0.3/java.util.concurrent.ThreadPoolExecutor$Worker.run(ThreadPoolExecutor.java:614)
        at java.base@25.0.3/java.lang.Thread.runWith(Thread.java:1487)
        at java.base@25.0.3/java.lang.Thread.run(Thread.java:1474)
"IPC Server handler 71 on default port 9862" daemon prio=5 tid=2640 timed_waiting
java.lang.Thread.State: TIMED_WAITING
        at java.base@25.0.3/jdk.internal.misc.Unsafe.park(Native Method)
        at java.base@25.0.3/java.util.concurrent.locks.LockSupport.parkNanos(LockSupport.java:271)
        at java.base@25.0.3/java.util.concurrent.locks.AbstractQueuedSynchronizer$ConditionObject.awaitNanos(AbstractQueuedSynchronizer.java:1803)
        at java.base@25.0.3/java.util.concurrent.LinkedBlockingQueue.poll(LinkedBlockingQueue.java:460)
        at app//org.apache.hadoop.ipc_.CallQueueManager.take(CallQueueManager.java:294)
        at app//org.apache.hadoop.ipc_.Server$Handler.run(Server.java:2634)
"om1@group-C5BA1605619E-LeaderStateImpl" daemon prio=5 tid=2674 timed_waiting
java.lang.Thread.State: TIMED_WAITING
        at java.base@25.0.3/jdk.internal.misc.Unsafe.park(Native Method)
        at java.base@25.0.3/java.util.concurrent.locks.LockSupport.parkNanos(LockSupport.java:271)
        at java.base@25.0.3/java.util.concurrent.locks.AbstractQueuedSynchronizer$ConditionObject.awaitNanos(AbstractQueuedSynchronizer.java:1803)
        at java.base@25.0.3/java.util.concurrent.ArrayBlockingQueue.poll(ArrayBlockingQueue.java:436)
        at app//org.apache.ratis.server.impl.LeaderStateImpl$EventQueue.poll(LeaderStateImpl.java:168)
        at app//org.apache.ratis.server.impl.LeaderStateImpl$EventProcessor.run(LeaderStateImpl.java:763)
"IPC Server handler 17 on default port 9862" daemon prio=5 tid=2586 timed_waiting
java.lang.Thread.State: TIMED_WAITING
        at java.base@25.0.3/jdk.internal.misc.Unsafe.park(Native Method)
        at java.base@25.0.3/java.util.concurrent.locks.LockSupport.parkNanos(LockSupport.java:271)
        at java.base@25.0.3/java.util.concurrent.locks.AbstractQueuedSynchronizer$ConditionObject.awaitNanos(AbstractQueuedSynchronizer.java:1803)
        at java.base@25.0.3/java.util.concurrent.LinkedBlockingQueue.poll(LinkedBlockingQueue.java:460)
        at app//org.apache.hadoop.ipc_.CallQueueManager.take(CallQueueManager.java:294)
        at app//org.apache.hadoop.ipc_.Server$Handler.run(Server.java:2634)
"lifecycleScanStateTable_FullTableCache-Cleanup-0" daemon prio=5 tid=592 timed_waiting
java.lang.Thread.State: TIMED_WAITING
        at java.base@25.0.3/jdk.internal.misc.Unsafe.park(Native Method)
        at java.base@25.0.3/java.util.concurrent.locks.LockSupport.parkNanos(LockSupport.java:271)
        at java.base@25.0.3/java.util.concurrent.locks.AbstractQueuedSynchronizer$ConditionObject.awaitNanos(AbstractQueuedSynchronizer.java:1803)
        at java.base@25.0.3/java.util.concurrent.ScheduledThreadPoolExecutor$DelayedWorkQueue.take(ScheduledThreadPoolExecutor.java:1166)
        at java.base@25.0.3/java.util.concurrent.ScheduledThreadPoolExecutor$DelayedWorkQueue.take(ScheduledThreadPoolExecutor.java:883)
        at java.base@25.0.3/java.util.concurrent.ThreadPoolExecutor.getTask(ThreadPoolExecutor.java:1016)
        at java.base@25.0.3/java.util.concurrent.ThreadPoolExecutor.runWorker(ThreadPoolExecutor.java:1076)
        at java.base@25.0.3/java.util.concurrent.ThreadPoolExecutor$Worker.run(ThreadPoolExecutor.java:614)
        at java.base@25.0.3/java.lang.Thread.runWith(Thread.java:1487)
        at java.base@25.0.3/java.lang.Thread.run(Thread.java:1474)
"om1-KeyLifecycleService#2" daemon prio=5 tid=2670 in Object.wait()
java.lang.Thread.State: WAITING (on object monitor)
        at java.base@25.0.3/jdk.internal.misc.Unsafe.park(Native Method)
        at java.base@25.0.3/java.util.concurrent.locks.LockSupport.park(LockSupport.java:369)
        at java.base@25.0.3/java.util.concurrent.locks.AbstractQueuedSynchronizer$ConditionNode.block(AbstractQueuedSynchronizer.java:520)
        at java.base@25.0.3/java.util.concurrent.ForkJoinPool.unmanagedBlock(ForkJoinPool.java:4364)
        at java.base@25.0.3/java.util.concurrent.ForkJoinPool.managedBlock(ForkJoinPool.java:4310)
        at java.base@25.0.3/java.util.concurrent.locks.AbstractQueuedSynchronizer$ConditionObject.await(AbstractQueuedSynchronizer.java:1752)
        at java.base@25.0.3/java.util.concurrent.ScheduledThreadPoolExecutor$DelayedWorkQueue.take(ScheduledThreadPoolExecutor.java:1161)
        at java.base@25.0.3/java.util.concurrent.ScheduledThreadPoolExecutor$DelayedWorkQueue.take(ScheduledThreadPoolExecutor.java:883)
        at java.base@25.0.3/java.util.concurrent.ThreadPoolExecutor.getTask(ThreadPoolExecutor.java:1016)
        at java.base@25.0.3/java.util.concurrent.ThreadPoolExecutor.runWorker(ThreadPoolExecutor.java:1076)
        at java.base@25.0.3/java.util.concurrent.ThreadPoolExecutor$Worker.run(ThreadPoolExecutor.java:614)
        at java.base@25.0.3/java.lang.Thread.runWith(Thread.java:1487)
        at java.base@25.0.3/java.lang.Thread.run(Thread.java:1474)
"IPC Server handler 52 on default port 9862" daemon prio=5 tid=2621 timed_waiting
java.lang.Thread.State: TIMED_WAITING
        at java.base@25.0.3/jdk.internal.misc.Unsafe.park(Native Method)
        at java.base@25.0.3/java.util.concurrent.locks.LockSupport.parkNanos(LockSupport.java:271)
        at java.base@25.0.3/java.util.concurrent.locks.AbstractQueuedSynchronizer$ConditionObject.awaitNanos(AbstractQueuedSynchronizer.java:1803)
        at java.base@25.0.3/java.util.concurrent.LinkedBlockingQueue.poll(LinkedBlockingQueue.java:460)
        at app//org.apache.hadoop.ipc_.CallQueueManager.take(CallQueueManager.java:294)
        at app//org.apache.hadoop.ipc_.Server$Handler.run(Server.java:2634)
"keyTable_PartialTableCache-Cleanup-0" daemon prio=5 tid=1092 in Object.wait()
java.lang.Thread.State: WAITING (on object monitor)
        at java.base@25.0.3/jdk.internal.misc.Unsafe.park(Native Method)
        at java.base@25.0.3/java.util.concurrent.locks.LockSupport.park(LockSupport.java:369)
        at java.base@25.0.3/java.util.concurrent.locks.AbstractQueuedSynchronizer$ConditionNode.block(AbstractQueuedSynchronizer.java:520)
        at java.base@25.0.3/java.util.concurrent.ForkJoinPool.unmanagedBlock(ForkJoinPool.java:4364)
        at java.base@25.0.3/java.util.concurrent.ForkJoinPool.managedBlock(ForkJoinPool.java:4310)
        at java.base@25.0.3/java.util.concurrent.locks.AbstractQueuedSynchronizer$ConditionObject.await(AbstractQueuedSynchronizer.java:1752)
        at java.base@25.0.3/java.util.concurrent.LinkedBlockingQueue.take(LinkedBlockingQueue.java:435)
        at java.base@25.0.3/java.util.concurrent.ThreadPoolExecutor.getTask(ThreadPoolExecutor.java:1016)
        at java.base@25.0.3/java.util.concurrent.ThreadPoolExecutor.runWorker(ThreadPoolExecutor.java:1076)
        at java.base@25.0.3/java.util.concurrent.ThreadPoolExecutor$Worker.run(ThreadPoolExecutor.java:614)
        at java.base@25.0.3/java.lang.Thread.runWith(Thread.java:1487)
        at java.base@25.0.3/java.lang.Thread.run(Thread.java:1474)
"snapshotRenamedTable_PartialTableCache-Cleanup-0" daemon prio=5 tid=1090 in Object.wait()
java.lang.Thread.State: WAITING (on object monitor)
        at java.base@25.0.3/jdk.internal.misc.Unsafe.park(Native Method)
        at java.base@25.0.3/java.util.concurrent.locks.LockSupport.park(LockSupport.java:369)
        at java.base@25.0.3/java.util.concurrent.locks.AbstractQueuedSynchronizer$ConditionNode.block(AbstractQueuedSynchronizer.java:520)
        at java.base@25.0.3/java.util.concurrent.ForkJoinPool.unmanagedBlock(ForkJoinPool.java:4364)
        at java.base@25.0.3/java.util.concurrent.ForkJoinPool.managedBlock(ForkJoinPool.java:4310)
        at java.base@25.0.3/java.util.concurrent.locks.AbstractQueuedSynchronizer$ConditionObject.await(AbstractQueuedSynchronizer.java:1752)
        at java.base@25.0.3/java.util.concurrent.LinkedBlockingQueue.take(LinkedBlockingQueue.java:435)
        at java.base@25.0.3/java.util.concurrent.ThreadPoolExecutor.getTask(ThreadPoolExecutor.java:1016)
        at java.base@25.0.3/java.util.concurrent.ThreadPoolExecutor.runWorker(ThreadPoolExecutor.java:1076)
        at java.base@25.0.3/java.util.concurrent.ThreadPoolExecutor$Worker.run(ThreadPoolExecutor.java:614)
        at java.base@25.0.3/java.lang.Thread.runWith(Thread.java:1487)
        at java.base@25.0.3/java.lang.Thread.run(Thread.java:1474)
"Socket Reader #3 for port 9862" daemon prio=5 tid=2528 runnable
java.lang.Thread.State: RUNNABLE
        at java.base@25.0.3/sun.nio.ch.EPoll.wait(Native Method)
        at java.base@25.0.3/sun.nio.ch.EPollSelectorImpl.doSelect(EPollSelectorImpl.java:117)
        at java.base@25.0.3/sun.nio.ch.SelectorImpl.lockAndDoSelect(SelectorImpl.java:130)
        at java.base@25.0.3/sun.nio.ch.SelectorImpl.select(SelectorImpl.java:147)
        at app//org.apache.hadoop.ipc_.Server$Listener$Reader.doRunLoop(Server.java:1004)
        at app//org.apache.hadoop.ipc_.Server$Listener$Reader.run(Server.java:983)
"IPC Server handler 33 on default port 9862" daemon prio=5 tid=2602 timed_waiting
java.lang.Thread.State: TIMED_WAITING
        at java.base@25.0.3/jdk.internal.misc.Unsafe.park(Native Method)
        at java.base@25.0.3/java.util.concurrent.locks.LockSupport.parkNanos(LockSupport.java:271)
        at java.base@25.0.3/java.util.concurrent.locks.AbstractQueuedSynchronizer$ConditionObject.awaitNanos(AbstractQueuedSynchronizer.java:1803)
        at java.base@25.0.3/java.util.concurrent.LinkedBlockingQueue.poll(LinkedBlockingQueue.java:460)
        at app//org.apache.hadoop.ipc_.CallQueueManager.take(CallQueueManager.java:294)
        at app//org.apache.hadoop.ipc_.Server$Handler.run(Server.java:2634)
"IPC Server handler 68 on default port 9862" daemon prio=5 tid=2637 timed_waiting
java.lang.Thread.State: TIMED_WAITING
        at java.base@25.0.3/jdk.internal.misc.Unsafe.park(Native Method)
        at java.base@25.0.3/java.util.concurrent.locks.LockSupport.parkNanos(LockSupport.java:271)
        at java.base@25.0.3/java.util.concurrent.locks.AbstractQueuedSynchronizer$ConditionObject.awaitNanos(AbstractQueuedSynchronizer.java:1803)
        at java.base@25.0.3/java.util.concurrent.LinkedBlockingQueue.poll(LinkedBlockingQueue.java:460)
        at app//org.apache.hadoop.ipc_.CallQueueManager.take(CallQueueManager.java:294)
        at app//org.apache.hadoop.ipc_.Server$Handler.run(Server.java:2634)
"Signal Dispatcher" daemon prio=9 tid=15 runnable
java.lang.Thread.State: RUNNABLE
"IPC Server handler 37 on default port 9862" daemon prio=5 tid=2606 timed_waiting
java.lang.Thread.State: TIMED_WAITING
        at java.base@25.0.3/jdk.internal.misc.Unsafe.park(Native Method)
        at java.base@25.0.3/java.util.concurrent.locks.LockSupport.parkNanos(LockSupport.java:271)
        at java.base@25.0.3/java.util.concurrent.locks.AbstractQueuedSynchronizer$ConditionObject.awaitNanos(AbstractQueuedSynchronizer.java:1803)
        at java.base@25.0.3/java.util.concurrent.LinkedBlockingQueue.poll(LinkedBlockingQueue.java:460)
        at app//org.apache.hadoop.ipc_.CallQueueManager.take(CallQueueManager.java:294)
        at app//org.apache.hadoop.ipc_.Server$Handler.run(Server.java:2634)
"Socket Reader #5 for port 9862" daemon prio=5 tid=2530 runnable
java.lang.Thread.State: RUNNABLE
        at java.base@25.0.3/sun.nio.ch.EPoll.wait(Native Method)
        at java.base@25.0.3/sun.nio.ch.EPollSelectorImpl.doSelect(EPollSelectorImpl.java:117)
        at java.base@25.0.3/sun.nio.ch.SelectorImpl.lockAndDoSelect(SelectorImpl.java:130)
        at java.base@25.0.3/sun.nio.ch.SelectorImpl.select(SelectorImpl.java:147)
        at app//org.apache.hadoop.ipc_.Server$Listener$Reader.doRunLoop(Server.java:1004)
        at app//org.apache.hadoop.ipc_.Server$Listener$Reader.run(Server.java:983)
"IPC Server handler 89 on default port 9862" daemon prio=5 tid=2658 timed_waiting
java.lang.Thread.State: TIMED_WAITING
        at java.base@25.0.3/jdk.internal.misc.Unsafe.park(Native Method)
        at java.base@25.0.3/java.util.concurrent.locks.LockSupport.parkNanos(LockSupport.java:271)
        at java.base@25.0.3/java.util.concurrent.locks.AbstractQueuedSynchronizer$ConditionObject.awaitNanos(AbstractQueuedSynchronizer.java:1803)
        at java.base@25.0.3/java.util.concurrent.LinkedBlockingQueue.poll(LinkedBlockingQueue.java:460)
        at app//org.apache.hadoop.ipc_.CallQueueManager.take(CallQueueManager.java:294)
        at app//org.apache.hadoop.ipc_.Server$Handler.run(Server.java:2634)
"fileTable_PartialTableCache-Cleanup-0" daemon prio=5 tid=2681 in Object.wait()
java.lang.Thread.State: WAITING (on object monitor)
        at java.base@25.0.3/jdk.internal.misc.Unsafe.park(Native Method)
        at java.base@25.0.3/java.util.concurrent.locks.LockSupport.park(LockSupport.java:369)
        at java.base@25.0.3/java.util.concurrent.locks.AbstractQueuedSynchronizer$ConditionNode.block(AbstractQueuedSynchronizer.java:520)
        at java.base@25.0.3/java.util.concurrent.ForkJoinPool.unmanagedBlock(ForkJoinPool.java:4364)
        at java.base@25.0.3/java.util.concurrent.ForkJoinPool.managedBlock(ForkJoinPool.java:4310)
        at java.base@25.0.3/java.util.concurrent.locks.AbstractQueuedSynchronizer$ConditionObject.await(AbstractQueuedSynchronizer.java:1752)
        at java.base@25.0.3/java.util.concurrent.LinkedBlockingQueue.take(LinkedBlockingQueue.java:435)
        at java.base@25.0.3/java.util.concurrent.ThreadPoolExecutor.getTask(ThreadPoolExecutor.java:1016)
        at java.base@25.0.3/java.util.concurrent.ThreadPoolExecutor.runWorker(ThreadPoolExecutor.java:1076)
        at java.base@25.0.3/java.util.concurrent.ThreadPoolExecutor$Worker.run(ThreadPoolExecutor.java:614)
        at java.base@25.0.3/java.lang.Thread.runWith(Thread.java:1487)
        at java.base@25.0.3/java.lang.Thread.run(Thread.java:1474)
"om1-DirectoryDeletingService#3" daemon prio=5 tid=2692 in Object.wait()
java.lang.Thread.State: WAITING (on object monitor)
        at java.base@25.0.3/jdk.internal.misc.Unsafe.park(Native Method)
        at java.base@25.0.3/java.util.concurrent.locks.LockSupport.park(LockSupport.java:369)
        at java.base@25.0.3/java.util.concurrent.locks.AbstractQueuedSynchronizer$ConditionNode.block(AbstractQueuedSynchronizer.java:520)
        at java.base@25.0.3/java.util.concurrent.ForkJoinPool.unmanagedBlock(ForkJoinPool.java:4364)
        at java.base@25.0.3/java.util.concurrent.ForkJoinPool.managedBlock(ForkJoinPool.java:4310)
        at java.base@25.0.3/java.util.concurrent.locks.AbstractQueuedSynchronizer$ConditionObject.await(AbstractQueuedSynchronizer.java:1752)
        at java.base@25.0.3/java.util.concurrent.ScheduledThreadPoolExecutor$DelayedWorkQueue.take(ScheduledThreadPoolExecutor.java:1161)
        at java.base@25.0.3/java.util.concurrent.ScheduledThreadPoolExecutor$DelayedWorkQueue.take(ScheduledThreadPoolExecutor.java:883)
        at java.base@25.0.3/java.util.concurrent.ThreadPoolExecutor.getTask(ThreadPoolExecutor.java:1016)
        at java.base@25.0.3/java.util.concurrent.ThreadPoolExecutor.runWorker(ThreadPoolExecutor.java:1076)
        at java.base@25.0.3/java.util.concurrent.ThreadPoolExecutor$Worker.run(ThreadPoolExecutor.java:614)
        at java.base@25.0.3/java.lang.Thread.runWith(Thread.java:1487)
        at java.base@25.0.3/java.lang.Thread.run(Thread.java:1474)
"Timer for 'OzoneManager' metrics system" daemon prio=5 tid=102 timed_waiting
java.lang.Thread.State: TIMED_WAITING
        at java.base@25.0.3/java.lang.Object.wait0(Native Method)
        at java.base@25.0.3/java.lang.Object.wait(Object.java:389)
        at java.base@25.0.3/java.util.TimerThread.mainLoop(Timer.java:569)
        at java.base@25.0.3/java.util.TimerThread.run(Timer.java:522)
"IPC Server handler 96 on default port 9862" daemon prio=5 tid=2665 timed_waiting
java.lang.Thread.State: TIMED_WAITING
        at java.base@25.0.3/jdk.internal.misc.Unsafe.park(Native Method)
        at java.base@25.0.3/java.util.concurrent.locks.LockSupport.parkNanos(LockSupport.java:271)
        at java.base@25.0.3/java.util.concurrent.locks.AbstractQueuedSynchronizer$ConditionObject.awaitNanos(AbstractQueuedSynchronizer.java:1803)
        at java.base@25.0.3/java.util.concurrent.LinkedBlockingQueue.poll(LinkedBlockingQueue.java:460)
        at app//org.apache.hadoop.ipc_.CallQueueManager.take(CallQueueManager.java:294)
        at app//org.apache.hadoop.ipc_.Server$Handler.run(Server.java:2634)
"IPC Server handler 35 on default port 9862" daemon prio=5 tid=2604 timed_waiting
java.lang.Thread.State: TIMED_WAITING
        at java.base@25.0.3/jdk.internal.misc.Unsafe.park(Native Method)
        at java.base@25.0.3/java.util.concurrent.locks.LockSupport.parkNanos(LockSupport.java:271)
        at java.base@25.0.3/java.util.concurrent.locks.AbstractQueuedSynchronizer$ConditionObject.awaitNanos(AbstractQueuedSynchronizer.java:1803)
        at java.base@25.0.3/java.util.concurrent.LinkedBlockingQueue.poll(LinkedBlockingQueue.java:460)
        at app//org.apache.hadoop.ipc_.CallQueueManager.take(CallQueueManager.java:294)
        at app//org.apache.hadoop.ipc_.Server$Handler.run(Server.java:2634)
"snapshotRenamedTable_PartialTableCache-Cleanup-0" daemon prio=5 tid=2197 in Object.wait()
java.lang.Thread.State: WAITING (on object monitor)
        at java.base@25.0.3/jdk.internal.misc.Unsafe.park(Native Method)
        at java.base@25.0.3/java.util.concurrent.locks.LockSupport.park(LockSupport.java:369)
        at java.base@25.0.3/java.util.concurrent.locks.AbstractQueuedSynchronizer$ConditionNode.block(AbstractQueuedSynchronizer.java:520)
        at java.base@25.0.3/java.util.concurrent.ForkJoinPool.unmanagedBlock(ForkJoinPool.java:4364)
        at java.base@25.0.3/java.util.concurrent.ForkJoinPool.managedBlock(ForkJoinPool.java:4310)
        at java.base@25.0.3/java.util.concurrent.locks.AbstractQueuedSynchronizer$ConditionObject.await(AbstractQueuedSynchronizer.java:1752)
        at java.base@25.0.3/java.util.concurrent.LinkedBlockingQueue.take(LinkedBlockingQueue.java:435)
        at java.base@25.0.3/java.util.concurrent.ThreadPoolExecutor.getTask(ThreadPoolExecutor.java:1016)
        at java.base@25.0.3/java.util.concurrent.ThreadPoolExecutor.runWorker(ThreadPoolExecutor.java:1076)
        at java.base@25.0.3/java.util.concurrent.ThreadPoolExecutor$Worker.run(ThreadPoolExecutor.java:614)
        at java.base@25.0.3/java.lang.Thread.runWith(Thread.java:1487)
        at java.base@25.0.3/java.lang.Thread.run(Thread.java:1474)
"volumeTable_FullTableCache-Cleanup-0" daemon prio=5 tid=2028 timed_waiting
java.lang.Thread.State: TIMED_WAITING
        at java.base@25.0.3/jdk.internal.misc.Unsafe.park(Native Method)
        at java.base@25.0.3/java.util.concurrent.locks.LockSupport.parkNanos(LockSupport.java:271)
        at java.base@25.0.3/java.util.concurrent.locks.AbstractQueuedSynchronizer$ConditionObject.awaitNanos(AbstractQueuedSynchronizer.java:1803)
        at java.base@25.0.3/java.util.concurrent.ScheduledThreadPoolExecutor$DelayedWorkQueue.take(ScheduledThreadPoolExecutor.java:1166)
        at java.base@25.0.3/java.util.concurrent.ScheduledThreadPoolExecutor$DelayedWorkQueue.take(ScheduledThreadPoolExecutor.java:883)
        at java.base@25.0.3/java.util.concurrent.ThreadPoolExecutor.getTask(ThreadPoolExecutor.java:1016)
        at java.base@25.0.3/java.util.concurrent.ThreadPoolExecutor.runWorker(ThreadPoolExecutor.java:1076)
        at java.base@25.0.3/java.util.concurrent.ThreadPoolExecutor$Worker.run(ThreadPoolExecutor.java:614)
        at java.base@25.0.3/java.lang.Thread.runWith(Thread.java:1487)
        at java.base@25.0.3/java.lang.Thread.run(Thread.java:1474)
"om1-DirectoryDeletingService#0" daemon prio=5 tid=2550 in Object.wait()
java.lang.Thread.State: WAITING (on object monitor)
        at java.base@25.0.3/jdk.internal.misc.Unsafe.park(Native Method)
        at java.base@25.0.3/java.util.concurrent.locks.LockSupport.park(LockSupport.java:369)
        at java.base@25.0.3/java.util.concurrent.locks.AbstractQueuedSynchronizer$ConditionNode.block(AbstractQueuedSynchronizer.java:520)
        at java.base@25.0.3/java.util.concurrent.ForkJoinPool.unmanagedBlock(ForkJoinPool.java:4364)
        at java.base@25.0.3/java.util.concurrent.ForkJoinPool.managedBlock(ForkJoinPool.java:4310)
        at java.base@25.0.3/java.util.concurrent.locks.AbstractQueuedSynchronizer$ConditionObject.await(AbstractQueuedSynchronizer.java:1752)
        at java.base@25.0.3/java.util.concurrent.ScheduledThreadPoolExecutor$DelayedWorkQueue.take(ScheduledThreadPoolExecutor.java:1154)
        at java.base@25.0.3/java.util.concurrent.ScheduledThreadPoolExecutor$DelayedWorkQueue.take(ScheduledThreadPoolExecutor.java:883)
        at java.base@25.0.3/java.util.concurrent.ThreadPoolExecutor.getTask(ThreadPoolExecutor.java:1016)
        at java.base@25.0.3/java.util.concurrent.ThreadPoolExecutor.runWorker(ThreadPoolExecutor.java:1076)
        at java.base@25.0.3/java.util.concurrent.ThreadPoolExecutor$Worker.run(ThreadPoolExecutor.java:614)
        at java.base@25.0.3/java.lang.Thread.runWith(Thread.java:1487)
        at java.base@25.0.3/java.lang.Thread.run(Thread.java:1474)
"IPC Server handler 76 on default port 9862" daemon prio=5 tid=2645 timed_waiting
java.lang.Thread.State: TIMED_WAITING
        at java.base@25.0.3/jdk.internal.misc.Unsafe.park(Native Method)
        at java.base@25.0.3/java.util.concurrent.locks.LockSupport.parkNanos(LockSupport.java:271)
        at java.base@25.0.3/java.util.concurrent.locks.AbstractQueuedSynchronizer$ConditionObject.awaitNanos(AbstractQueuedSynchronizer.java:1803)
        at java.base@25.0.3/java.util.concurrent.LinkedBlockingQueue.poll(LinkedBlockingQueue.java:460)
        at app//org.apache.hadoop.ipc_.CallQueueManager.take(CallQueueManager.java:294)
        at app//org.apache.hadoop.ipc_.Server$Handler.run(Server.java:2634)
"IPC Server handler 50 on default port 9862" daemon prio=5 tid=2619 timed_waiting
java.lang.Thread.State: TIMED_WAITING
        at java.base@25.0.3/jdk.internal.misc.Unsafe.park(Native Method)
        at java.base@25.0.3/java.util.concurrent.locks.LockSupport.parkNanos(LockSupport.java:271)
        at java.base@25.0.3/java.util.concurrent.locks.AbstractQueuedSynchronizer$ConditionObject.awaitNanos(AbstractQueuedSynchronizer.java:1803)
        at java.base@25.0.3/java.util.concurrent.LinkedBlockingQueue.poll(LinkedBlockingQueue.java:460)
        at app//org.apache.hadoop.ipc_.CallQueueManager.take(CallQueueManager.java:294)
        at app//org.apache.hadoop.ipc_.Server$Handler.run(Server.java:2634)
"openFileTable_PartialTableCache-Cleanup-0" daemon prio=5 tid=251 in Object.wait()
java.lang.Thread.State: WAITING (on object monitor)
        at java.base@25.0.3/jdk.internal.misc.Unsafe.park(Native Method)
        at java.base@25.0.3/java.util.concurrent.locks.LockSupport.park(LockSupport.java:369)
        at java.base@25.0.3/java.util.concurrent.locks.AbstractQueuedSynchronizer$ConditionNode.block(AbstractQueuedSynchronizer.java:520)
        at java.base@25.0.3/java.util.concurrent.ForkJoinPool.unmanagedBlock(ForkJoinPool.java:4364)
        at java.base@25.0.3/java.util.concurrent.ForkJoinPool.managedBlock(ForkJoinPool.java:4310)
        at java.base@25.0.3/java.util.concurrent.locks.AbstractQueuedSynchronizer$ConditionObject.await(AbstractQueuedSynchronizer.java:1752)
        at java.base@25.0.3/java.util.concurrent.LinkedBlockingQueue.take(LinkedBlockingQueue.java:435)
        at java.base@25.0.3/java.util.concurrent.ThreadPoolExecutor.getTask(ThreadPoolExecutor.java:1016)
        at java.base@25.0.3/java.util.concurrent.ThreadPoolExecutor.runWorker(ThreadPoolExecutor.java:1076)
        at java.base@25.0.3/java.util.concurrent.ThreadPoolExecutor$Worker.run(ThreadPoolExecutor.java:614)
        at java.base@25.0.3/java.lang.Thread.runWith(Thread.java:1487)
        at java.base@25.0.3/java.lang.Thread.run(Thread.java:1474)
"IPC Server handler 99 on default port 9862" daemon prio=5 tid=2668 timed_waiting
java.lang.Thread.State: TIMED_WAITING
        at java.base@25.0.3/jdk.internal.misc.Unsafe.park(Native Method)
        at java.base@25.0.3/java.util.concurrent.locks.LockSupport.parkNanos(LockSupport.java:271)
        at java.base@25.0.3/java.util.concurrent.locks.AbstractQueuedSynchronizer$ConditionObject.awaitNanos(AbstractQueuedSynchronizer.java:1803)
        at java.base@25.0.3/java.util.concurrent.LinkedBlockingQueue.poll(LinkedBlockingQueue.java:460)
        at app//org.apache.hadoop.ipc_.CallQueueManager.take(CallQueueManager.java:294)
        at app//org.apache.hadoop.ipc_.Server$Handler.run(Server.java:2634)
"deletedTable_PartialTableCache-Cleanup-0" daemon prio=5 tid=1687 in Object.wait()
java.lang.Thread.State: WAITING (on object monitor)
        at java.base@25.0.3/jdk.internal.misc.Unsafe.park(Native Method)
        at java.base@25.0.3/java.util.concurrent.locks.LockSupport.park(LockSupport.java:369)
        at java.base@25.0.3/java.util.concurrent.locks.AbstractQueuedSynchronizer$ConditionNode.block(AbstractQueuedSynchronizer.java:520)
        at java.base@25.0.3/java.util.concurrent.ForkJoinPool.unmanagedBlock(ForkJoinPool.java:4364)
        at java.base@25.0.3/java.util.concurrent.ForkJoinPool.managedBlock(ForkJoinPool.java:4310)
        at java.base@25.0.3/java.util.concurrent.locks.AbstractQueuedSynchronizer$ConditionObject.await(AbstractQueuedSynchronizer.java:1752)
        at java.base@25.0.3/java.util.concurrent.LinkedBlockingQueue.take(LinkedBlockingQueue.java:435)
        at java.base@25.0.3/java.util.concurrent.ThreadPoolExecutor.getTask(ThreadPoolExecutor.java:1016)
        at java.base@25.0.3/java.util.concurrent.ThreadPoolExecutor.runWorker(ThreadPoolExecutor.java:1076)
        at java.base@25.0.3/java.util.concurrent.ThreadPoolExecutor$Worker.run(ThreadPoolExecutor.java:614)
        at java.base@25.0.3/java.lang.Thread.runWith(Thread.java:1487)
        at java.base@25.0.3/java.lang.Thread.run(Thread.java:1474)
"IPC Server handler 70 on default port 9862" daemon prio=5 tid=2639 timed_waiting
java.lang.Thread.State: TIMED_WAITING
        at java.base@25.0.3/jdk.internal.misc.Unsafe.park(Native Method)
        at java.base@25.0.3/java.util.concurrent.locks.LockSupport.parkNanos(LockSupport.java:271)
        at java.base@25.0.3/java.util.concurrent.locks.AbstractQueuedSynchronizer$ConditionObject.awaitNanos(AbstractQueuedSynchronizer.java:1803)
        at java.base@25.0.3/java.util.concurrent.LinkedBlockingQueue.poll(LinkedBlockingQueue.java:460)
        at app//org.apache.hadoop.ipc_.CallQueueManager.take(CallQueueManager.java:294)
        at app//org.apache.hadoop.ipc_.Server$Handler.run(Server.java:2634)
"directoryTable_PartialTableCache-Cleanup-0" daemon prio=5 tid=2192 in Object.wait()
java.lang.Thread.State: WAITING (on object monitor)
        at java.base@25.0.3/jdk.internal.misc.Unsafe.park(Native Method)
        at java.base@25.0.3/java.util.concurrent.locks.LockSupport.park(LockSupport.java:369)
        at java.base@25.0.3/java.util.concurrent.locks.AbstractQueuedSynchronizer$ConditionNode.block(AbstractQueuedSynchronizer.java:520)
        at java.base@25.0.3/java.util.concurrent.ForkJoinPool.unmanagedBlock(ForkJoinPool.java:4364)
        at java.base@25.0.3/java.util.concurrent.ForkJoinPool.managedBlock(ForkJoinPool.java:4310)
        at java.base@25.0.3/java.util.concurrent.locks.AbstractQueuedSynchronizer$ConditionObject.await(AbstractQueuedSynchronizer.java:1752)
        at java.base@25.0.3/java.util.concurrent.LinkedBlockingQueue.take(LinkedBlockingQueue.java:435)
        at java.base@25.0.3/java.util.concurrent.ThreadPoolExecutor.getTask(ThreadPoolExecutor.java:1016)
        at java.base@25.0.3/java.util.concurrent.ThreadPoolExecutor.runWorker(ThreadPoolExecutor.java:1076)
        at java.base@25.0.3/java.util.concurrent.ThreadPoolExecutor$Worker.run(ThreadPoolExecutor.java:614)
        at java.base@25.0.3/java.lang.Thread.runWith(Thread.java:1487)
        at java.base@25.0.3/java.lang.Thread.run(Thread.java:1474)
"IPC Server handler 0 on default port 9862" daemon prio=5 tid=2569 timed_waiting
java.lang.Thread.State: TIMED_WAITING
        at java.base@25.0.3/jdk.internal.misc.Unsafe.park(Native Method)
        at java.base@25.0.3/java.util.concurrent.locks.LockSupport.parkNanos(LockSupport.java:271)
        at java.base@25.0.3/java.util.concurrent.locks.AbstractQueuedSynchronizer$ConditionObject.awaitNanos(AbstractQueuedSynchronizer.java:1803)
        at java.base@25.0.3/java.util.concurrent.LinkedBlockingQueue.poll(LinkedBlockingQueue.java:460)
        at app//org.apache.hadoop.ipc_.CallQueueManager.take(CallQueueManager.java:294)
        at app//org.apache.hadoop.ipc_.Server$Handler.run(Server.java:2634)
"IPC Server handler 7 on default port 9862" daemon prio=5 tid=2576 timed_waiting
java.lang.Thread.State: TIMED_WAITING
        at java.base@25.0.3/jdk.internal.misc.Unsafe.park(Native Method)
        at java.base@25.0.3/java.util.concurrent.locks.LockSupport.parkNanos(LockSupport.java:271)
        at java.base@25.0.3/java.util.concurrent.locks.AbstractQueuedSynchronizer$ConditionObject.awaitNanos(AbstractQueuedSynchronizer.java:1803)
        at java.base@25.0.3/java.util.concurrent.LinkedBlockingQueue.poll(LinkedBlockingQueue.java:460)
        at app//org.apache.hadoop.ipc_.CallQueueManager.take(CallQueueManager.java:294)
        at app//org.apache.hadoop.ipc_.Server$Handler.run(Server.java:2634)
"ForkJoinPool-1-worker-1" daemon prio=5 tid=37 runnable
java.lang.Thread.State: RUNNABLE
        at java.base@25.0.3/java.lang.Thread.dumpThreads(Native Method)
        at java.base@25.0.3/java.lang.Thread.getAllStackTraces(Thread.java:2246)
        at app//org.apache.ozone.test.TimedOutTestsListener.buildThreadDump(TimedOutTestsListener.java:81)
        at app//org.apache.ozone.test.TimedOutTestsListener.buildThreadDiagnosticString(TimedOutTestsListener.java:67)
        at app//org.apache.ozone.test.GenericTestUtils.waitFor(GenericTestUtils.java:137)
        at app//org.apache.hadoop.ozone.om.service.TestKeyLifecycleService$Normal.testKeyUpdatedShouldNotGetDeleted(TestKeyLifecycleService.java:2034)
        at java.base@25.0.3/java.lang.invoke.DirectMethodHandle$Holder.invokeVirtual(DirectMethodHandle$Holder)
        at java.base@25.0.3/java.lang.invoke.LambdaForm$MH/0x00000000071d1800.invoke(LambdaForm$MH)
        at java.base@25.0.3/java.lang.invoke.Invokers$Holder.invokeExact_MT(Invokers$Holder)
        at java.base@25.0.3/jdk.internal.reflect.DirectMethodHandleAccessor.invokeImpl(DirectMethodHandleAccessor.java:155)
        at java.base@25.0.3/jdk.internal.reflect.DirectMethodHandleAccessor.invoke(DirectMethodHandleAccessor.java:104)
        at java.base@25.0.3/java.lang.reflect.Method.invoke(Method.java:565)
        at app//org.junit.platform.commons.util.ReflectionUtils.invokeMethod(ReflectionUtils.java:786)
        at app//org.junit.platform.commons.support.ReflectionSupport.invokeMethod(ReflectionSupport.java:514)
        at app//org.junit.jupiter.engine.execution.MethodInvocation.proceed(MethodInvocation.java:60)
        at app//org.junit.jupiter.engine.execution.InvocationInterceptorChain$ValidatingInvocation.proceed(InvocationInterceptorChain.java:131)
        at app//org.junit.jupiter.engine.extension.SameThreadTimeoutInvocation.proceed(SameThreadTimeoutInvocation.java:49)
        at app//org.junit.jupiter.engine.extension.TimeoutExtension.intercept(TimeoutExtension.java:161)
        at app//org.junit.jupiter.engine.extension.TimeoutExtension.interceptTestableMethod(TimeoutExtension.java:152)
        at app//org.junit.jupiter.engine.extension.TimeoutExtension.interceptTestTemplateMethod(TimeoutExtension.java:99)
        at app//org.junit.jupiter.engine.descriptor.TestTemplateInvocationTestDescriptor$$Lambda/0x0000000007b31fe8.apply(Unknown Source)
        at app//org.junit.jupiter.engine.execution.InterceptingExecutableInvoker$ReflectiveInterceptorCall.lambda$ofVoidMethod$0(InterceptingExecutableInvoker.java:112)
        at app//org.junit.jupiter.engine.execution.InterceptingExecutableInvoker$ReflectiveInterceptorCall$$Lambda/0x0000000007102638.apply(Unknown Source)
        at app//org.junit.jupiter.engine.execution.InterceptingExecutableInvoker.lambda$invoke$0(InterceptingExecutableInvoker.java:94)
        at app//org.junit.jupiter.engine.execution.InterceptingExecutableInvoker$$Lambda/0x0000000007199db0.apply(Unknown Source)
        at app//org.junit.jupiter.engine.execution.InvocationInterceptorChain$InterceptedInvocation.proceed(InvocationInterceptorChain.java:106)
        at app//org.junit.jupiter.engine.execution.InvocationInterceptorChain.proceed(InvocationInterceptorChain.java:64)
        at app//org.junit.jupiter.engine.execution.InvocationInterceptorChain.chainAndInvoke(InvocationInterceptorChain.java:45)
        at app//org.junit.jupiter.engine.execution.InvocationInterceptorChain.invoke(InvocationInterceptorChain.java:37)
        at app//org.junit.jupiter.engine.execution.InterceptingExecutableInvoker.invoke(InterceptingExecutableInvoker.java:93)
        at app//org.junit.jupiter.engine.execution.InterceptingExecutableInvoker.invoke(InterceptingExecutableInvoker.java:87)
        at app//org.junit.jupiter.engine.descriptor.TestMethodTestDescriptor.lambda$invokeTestMethod$4(TestMethodTestDescriptor.java:221)
        at app//org.junit.jupiter.engine.descriptor.TestMethodTestDescriptor$$Lambda/0x00000000071cc540.execute(Unknown Source)
        at app//org.junit.platform.engine.support.hierarchical.ThrowableCollector.execute(ThrowableCollector.java:73)
        at app//org.junit.jupiter.engine.descriptor.TestMethodTestDescriptor.invokeTestMethod(TestMethodTestDescriptor.java:217)
        at app//org.junit.jupiter.engine.descriptor.TestMethodTestDescriptor.execute(TestMethodTestDescriptor.java:159)
        at app//org.junit.jupiter.engine.descriptor.TestMethodTestDescriptor.execute(TestMethodTestDescriptor.java:70)
        at app//org.junit.platform.engine.support.hierarchical.NodeTestTask.lambda$executeRecursively$6(NodeTestTask.java:157)
        at app//org.junit.platform.engine.support.hierarchical.NodeTestTask$$Lambda/0x000000000715d840.execute(Unknown Source)
        at app//org.junit.platform.engine.support.hierarchical.ThrowableCollector.execute(ThrowableCollector.java:73)
        at app//org.junit.platform.engine.support.hierarchical.NodeTestTask.lambda$executeRecursively$8(NodeTestTask.java:147)
        at app//org.junit.platform.engine.support.hierarchical.NodeTestTask$$Lambda/0x000000000715d610.invoke(Unknown Source)
        at app//org.junit.platform.engine.support.hierarchical.Node.around(Node.java:137)
        at app//org.junit.platform.engine.support.hierarchical.NodeTestTask.lambda$executeRecursively$9(NodeTestTask.java:145)
        at app//org.junit.platform.engine.support.hierarchical.NodeTestTask$$Lambda/0x000000000715cf88.execute(Unknown Source)
        at app//org.junit.platform.engine.support.hierarchical.ThrowableCollector.execute(ThrowableCollector.java:73)
        at app//org.junit.platform.engine.support.hierarchical.NodeTestTask.executeRecursively(NodeTestTask.java:144)
        at app//org.junit.platform.engine.support.hierarchical.NodeTestTask.execute(NodeTestTask.java:101)
        at app//org.junit.platform.engine.support.hierarchical.ForkJoinPoolHierarchicalTestExecutorService$ExclusiveTask.exec(ForkJoinPoolHierarchicalTestExecutorService.java:274)
        at app//org.junit.platform.engine.support.hierarchical.ForkJoinPoolHierarchicalTestExecutorService$ExclusiveTask.execSync(ForkJoinPoolHierarchicalTestExecutorService.java:247)
        at app//org.junit.platform.engine.support.hierarchical.ForkJoinPoolHierarchicalTestExecutorService.submit(ForkJoinPoolHierarchicalTestExecutorService.java:148)
        at app//org.junit.platform.engine.support.hierarchical.NodeTestTask$DefaultDynamicTestExecutor.execute(NodeTestTask.java:232)
        at app//org.junit.platform.engine.support.hierarchical.NodeTestTask$DefaultDynamicTestExecutor.execute(NodeTestTask.java:210)
        at app//org.junit.jupiter.engine.descriptor.TemplateExecutor.execute(TemplateExecutor.java:98)
        at app//org.junit.jupiter.engine.descriptor.TemplateExecutor.lambda$executeForProvider$0(TemplateExecutor.java:61)
        at app//org.junit.jupiter.engine.descriptor.TemplateExecutor$$Lambda/0x00000000071b9b50.accept(Unknown Source)
        at java.base@25.0.3/java.util.Optional.ifPresent(Optional.java:178)
        at app//org.junit.jupiter.engine.descriptor.TemplateExecutor.lambda$executeForProvider$1(TemplateExecutor.java:61)
        at app//org.junit.jupiter.engine.descriptor.TemplateExecutor$$Lambda/0x00000000071b0230.accept(Unknown Source)
        at java.base@25.0.3/java.util.stream.ForEachOps$ForEachOp$OfRef.accept(ForEachOps.java:186)
        at java.base@25.0.3/java.util.stream.ReferencePipeline$3$1.accept(ReferencePipeline.java:214)
        at java.base@25.0.3/java.util.stream.ForEachOps$ForEachOp$OfRef.accept(ForEachOps.java:186)
        at java.base@25.0.3/java.util.stream.ForEachOps$ForEachOp$OfRef.accept(ForEachOps.java:186)
        at java.base@25.0.3/java.util.stream.ReferencePipeline$3$1.accept(ReferencePipeline.java:214)
        at java.base@25.0.3/java.util.Spliterators$ArraySpliterator.forEachRemaining(Spliterators.java:1024)
        at java.base@25.0.3/java.util.stream.AbstractPipeline.copyInto(AbstractPipeline.java:570)
        at java.base@25.0.3/java.util.stream.AbstractPipeline.wrapAndCopyInto(AbstractPipeline.java:560)
        at java.base@25.0.3/java.util.stream.ForEachOps$ForEachOp.evaluateSequential(ForEachOps.java:153)
        at java.base@25.0.3/java.util.stream.ForEachOps$ForEachOp$OfRef.evaluateSequential(ForEachOps.java:176)
        at java.base@25.0.3/java.util.stream.AbstractPipeline.evaluate(AbstractPipeline.java:265)
        at java.base@25.0.3/java.util.stream.ReferencePipeline.forEach(ReferencePipeline.java:632)
        at java.base@25.0.3/java.util.stream.ReferencePipeline$7$1FlatMap.accept(ReferencePipeline.java:293)
        at java.base@25.0.3/java.util.ArrayList$ArrayListSpliterator.forEachRemaining(ArrayList.java:1716)
        at java.base@25.0.3/java.util.stream.AbstractPipeline.copyInto(AbstractPipeline.java:570)
        at java.base@25.0.3/java.util.stream.AbstractPipeline.wrapAndCopyInto(AbstractPipeline.java:560)
        at java.base@25.0.3/java.util.stream.ForEachOps$ForEachOp.evaluateSequential(ForEachOps.java:153)
        at java.base@25.0.3/java.util.stream.ForEachOps$ForEachOp$OfRef.evaluateSequential(ForEachOps.java:176)
        at java.base@25.0.3/java.util.stream.AbstractPipeline.evaluate(AbstractPipeline.java:265)
        at java.base@25.0.3/java.util.stream.ReferencePipeline.forEach(ReferencePipeline.java:632)
        at java.base@25.0.3/java.util.stream.ReferencePipeline$7$1FlatMap.accept(ReferencePipeline.java:293)
        at java.base@25.0.3/java.util.stream.ReferencePipeline$3$1.accept(ReferencePipeline.java:214)
        at java.base@25.0.3/java.util.stream.ReferencePipeline$3$1.accept(ReferencePipeline.java:214)
        at java.base@25.0.3/java.util.stream.ReferencePipeline$3$1.accept(ReferencePipeline.java:214)
        at java.base@25.0.3/java.util.ArrayList$ArrayListSpliterator.forEachRemaining(ArrayList.java:1716)
        at java.base@25.0.3/java.util.stream.AbstractPipeline.copyInto(AbstractPipeline.java:570)
        at java.base@25.0.3/java.util.stream.AbstractPipeline.wrapAndCopyInto(AbstractPipeline.java:560)
        at java.base@25.0.3/java.util.stream.ForEachOps$ForEachOp.evaluateSequential(ForEachOps.java:153)
        at java.base@25.0.3/java.util.stream.ForEachOps$ForEachOp$OfRef.evaluateSequential(ForEachOps.java:176)
        at java.base@25.0.3/java.util.stream.AbstractPipeline.evaluate(AbstractPipeline.java:265)
        at java.base@25.0.3/java.util.stream.ReferencePipeline.forEach(ReferencePipeline.java:632)
        at app//org.junit.jupiter.engine.descriptor.TemplateExecutor.executeForProvider(TemplateExecutor.java:59)
        at app//org.junit.jupiter.engine.descriptor.TemplateExecutor.execute(TemplateExecutor.java:48)
        at app//org.junit.jupiter.engine.descriptor.TestTemplateTestDescriptor.execute(TestTemplateTestDescriptor.java:112)
        at app//org.junit.jupiter.engine.descriptor.TestTemplateTestDescriptor.execute(TestTemplateTestDescriptor.java:40)
        at app//org.junit.platform.engine.support.hierarchical.NodeTestTask.lambda$executeRecursively$6(NodeTestTask.java:157)
        at app//org.junit.platform.engine.support.hierarchical.NodeTestTask$$Lambda/0x000000000715d840.execute(Unknown Source)
        at app//org.junit.platform.engine.support.hierarchical.ThrowableCollector.execute(ThrowableCollector.java:73)
        at app//org.junit.platform.engine.support.hierarchical.NodeTestTask.lambda$executeRecursively$8(NodeTestTask.java:147)
        at app//org.junit.platform.engine.support.hierarchical.NodeTestTask$$Lambda/0x000000000715d610.invoke(Unknown Source)
        at app//org.junit.platform.engine.support.hierarchical.Node.around(Node.java:137)
        at app//org.junit.platform.engine.support.hierarchical.NodeTestTask.lambda$executeRecursively$9(NodeTestTask.java:145)
        at app//org.junit.platform.engine.support.hierarchical.NodeTestTask$$Lambda/0x000000000715cf88.execute(Unknown Source)
        at app//org.junit.platform.engine.support.hierarchical.ThrowableCollector.execute(ThrowableCollector.java:73)
        at app//org.junit.platform.engine.support.hierarchical.NodeTestTask.executeRecursively(NodeTestTask.java:144)
        at app//org.junit.platform.engine.support.hierarchical.NodeTestTask.execute(NodeTestTask.java:101)
        at app//org.junit.platform.engine.support.hierarchical.ForkJoinPoolHierarchicalTestExecutorService$ExclusiveTask.exec(ForkJoinPoolHierarchicalTestExecutorService.java:274)
        at app//org.junit.platform.engine.support.hierarchical.ForkJoinPoolHierarchicalTestExecutorService$ExclusiveTask.execSync(ForkJoinPoolHierarchicalTestExecutorService.java:247)
        at app//org.junit.platform.engine.support.hierarchical.ForkJoinPoolHierarchicalTestExecutorService.executeSync(ForkJoinPoolHierarchicalTestExecutorService.java:194)
        at app//org.junit.platform.engine.support.hierarchical.ForkJoinPoolHierarchicalTestExecutorService.invokeAll(ForkJoinPoolHierarchicalTestExecutorService.java:166)
        at app//org.junit.platform.engine.support.hierarchical.NodeTestTask.lambda$executeRecursively$6(NodeTestTask.java:161)
        at app//org.junit.platform.engine.support.hierarchical.NodeTestTask$$Lambda/0x000000000715d840.execute(Unknown Source)
        at app//org.junit.platform.engine.support.hierarchical.ThrowableCollector.execute(ThrowableCollector.java:73)
        at app//org.junit.platform.engine.support.hierarchical.NodeTestTask.lambda$executeRecursively$8(NodeTestTask.java:147)
        at app//org.junit.platform.engine.support.hierarchical.NodeTestTask$$Lambda/0x000000000715d610.invoke(Unknown Source)
        at app//org.junit.platform.engine.support.hierarchical.Node.around(Node.java:137)
        at app//org.junit.platform.engine.support.hierarchical.NodeTestTask.lambda$executeRecursively$9(NodeTestTask.java:145)
        at app//org.junit.platform.engine.support.hierarchical.NodeTestTask$$Lambda/0x000000000715cf88.execute(Unknown Source)
        at app//org.junit.platform.engine.support.hierarchical.ThrowableCollector.execute(ThrowableCollector.java:73)
        at app//org.junit.platform.engine.support.hierarchical.NodeTestTask.executeRecursively(NodeTestTask.java:144)
        at app//org.junit.platform.engine.support.hierarchical.NodeTestTask.execute(NodeTestTask.java:101)
        at app//org.junit.platform.engine.support.hierarchical.ForkJoinPoolHierarchicalTestExecutorService$ExclusiveTask.exec(ForkJoinPoolHierarchicalTestExecutorService.java:274)
        at app//org.junit.platform.engine.support.hierarchical.ForkJoinPoolHierarchicalTestExecutorService$ExclusiveTask.execSync(ForkJoinPoolHierarchicalTestExecutorService.java:247)
        at app//org.junit.platform.engine.support.hierarchical.ForkJoinPoolHierarchicalTestExecutorService.executeSync(ForkJoinPoolHierarchicalTestExecutorService.java:194)
        at app//org.junit.platform.engine.support.hierarchical.ForkJoinPoolHierarchicalTestExecutorService.invokeAll(ForkJoinPoolHierarchicalTestExecutorService.java:166)
        at app//org.junit.platform.engine.support.hierarchical.NodeTestTask.lambda$executeRecursively$6(NodeTestTask.java:161)
        at app//org.junit.platform.engine.support.hierarchical.NodeTestTask$$Lambda/0x000000000715d840.execute(Unknown Source)
        at app//org.junit.platform.engine.support.hierarchical.ThrowableCollector.execute(ThrowableCollector.java:73)
        at app//org.junit.platform.engine.support.hierarchical.NodeTestTask.lambda$executeRecursively$8(NodeTestTask.java:147)
        at app//org.junit.platform.engine.support.hierarchical.NodeTestTask$$Lambda/0x000000000715d610.invoke(Unknown Source)
        at app//org.junit.platform.engine.support.hierarchical.Node.around(Node.java:137)
        at app//org.junit.platform.engine.support.hierarchical.NodeTestTask.lambda$executeRecursively$9(NodeTestTask.java:145)
        at app//org.junit.platform.engine.support.hierarchical.NodeTestTask$$Lambda/0x000000000715cf88.execute(Unknown Source)
        at app//org.junit.platform.engine.support.hierarchical.ThrowableCollector.execute(ThrowableCollector.java:73)
        at app//org.junit.platform.engine.support.hierarchical.NodeTestTask.executeRecursively(NodeTestTask.java:144)
        at app//org.junit.platform.engine.support.hierarchical.NodeTestTask.execute(NodeTestTask.java:101)
        at app//org.junit.platform.engine.support.hierarchical.ForkJoinPoolHierarchicalTestExecutorService$ExclusiveTask.exec(ForkJoinPoolHierarchicalTestExecutorService.java:274)
        at app//org.junit.platform.engine.support.hierarchical.ForkJoinPoolHierarchicalTestExecutorService$ExclusiveTask.execSync(ForkJoinPoolHierarchicalTestExecutorService.java:247)
        at app//org.junit.platform.engine.support.hierarchical.ForkJoinPoolHierarchicalTestExecutorService.submit(ForkJoinPoolHierarchicalTestExecutorService.java:148)
        at app//org.junit.platform.engine.support.hierarchical.NodeTestTask$DefaultDynamicTestExecutor.execute(NodeTestTask.java:232)
        at app//org.junit.platform.engine.support.hierarchical.NodeTestTask$DefaultDynamicTestExecutor.execute(NodeTestTask.java:210)
        at app//org.junit.jupiter.engine.descriptor.TemplateExecutor.execute(TemplateExecutor.java:98)
        at app//org.junit.jupiter.engine.descriptor.TemplateExecutor.lambda$executeForProvider$0(TemplateExecutor.java:61)
        at app//org.junit.jupiter.engine.descriptor.TemplateExecutor$$Lambda/0x00000000071b9b50.accept(Unknown Source)
        at java.base@25.0.3/java.util.Optional.ifPresent(Optional.java:178)
        at app//org.junit.jupiter.engine.descriptor.TemplateExecutor.lambda$executeForProvider$1(TemplateExecutor.java:61)
        at app//org.junit.jupiter.engine.descriptor.TemplateExecutor$$Lambda/0x00000000071b0230.accept(Unknown Source)
        at java.base@25.0.3/java.util.stream.ForEachOps$ForEachOp$OfRef.accept(ForEachOps.java:186)
        at java.base@25.0.3/java.util.stream.ReferencePipeline$3$1.accept(ReferencePipeline.java:214)
        at java.base@25.0.3/java.util.stream.ForEachOps$ForEachOp$OfRef.accept(ForEachOps.java:186)
        at java.base@25.0.3/java.util.stream.ForEachOps$ForEachOp$OfRef.accept(ForEachOps.java:186)
        at java.base@25.0.3/java.util.stream.ReferencePipeline$3$1.accept(ReferencePipeline.java:214)
        at java.base@25.0.3/java.util.Spliterators$ArraySpliterator.forEachRemaining(Spliterators.java:1024)
        at java.base@25.0.3/java.util.stream.ReferencePipeline$Head.forEach(ReferencePipeline.java:803)
        at java.base@25.0.3/java.util.stream.ReferencePipeline$7$1FlatMap.accept(ReferencePipeline.java:293)
        at java.base@25.0.3/java.util.stream.ReferencePipeline$3$1.accept(ReferencePipeline.java:214)
        at java.base@25.0.3/java.util.stream.ReferencePipeline$3$1.accept(ReferencePipeline.java:214)
        at java.base@25.0.3/java.util.stream.ReferencePipeline$3$1.accept(ReferencePipeline.java:214)
        at java.base@25.0.3/java.util.Spliterators$ArraySpliterator.forEachRemaining(Spliterators.java:1024)
        at java.base@25.0.3/java.util.stream.AbstractPipeline.copyInto(AbstractPipeline.java:570)
        at java.base@25.0.3/java.util.stream.AbstractPipeline.wrapAndCopyInto(AbstractPipeline.java:560)
        at java.base@25.0.3/java.util.stream.ForEachOps$ForEachOp.evaluateSequential(ForEachOps.java:153)
        at java.base@25.0.3/java.util.stream.ForEachOps$ForEachOp$OfRef.evaluateSequential(ForEachOps.java:176)
        at java.base@25.0.3/java.util.stream.AbstractPipeline.evaluate(AbstractPipeline.java:265)
        at java.base@25.0.3/java.util.stream.ReferencePipeline.forEach(ReferencePipeline.java:632)
        at java.base@25.0.3/java.util.stream.ReferencePipeline$7$1FlatMap.accept(ReferencePipeline.java:293)
        at java.base@25.0.3/java.util.ArrayList$ArrayListSpliterator.forEachRemaining(ArrayList.java:1716)
        at java.base@25.0.3/java.util.stream.AbstractPipeline.copyInto(AbstractPipeline.java:570)
        at java.base@25.0.3/java.util.stream.AbstractPipeline.wrapAndCopyInto(AbstractPipeline.java:560)
        at java.base@25.0.3/java.util.stream.ForEachOps$ForEachOp.evaluateSequential(ForEachOps.java:153)
        at java.base@25.0.3/java.util.stream.ForEachOps$ForEachOp$OfRef.evaluateSequential(ForEachOps.java:176)
        at java.base@25.0.3/java.util.stream.AbstractPipeline.evaluate(AbstractPipeline.java:265)
        at java.base@25.0.3/java.util.stream.ReferencePipeline.forEach(ReferencePipeline.java:632)
        at java.base@25.0.3/java.util.stream.ReferencePipeline$7$1FlatMap.accept(ReferencePipeline.java:293)
        at java.base@25.0.3/java.util.stream.ReferencePipeline$3$1.accept(ReferencePipeline.java:214)
        at java.base@25.0.3/java.util.stream.ReferencePipeline$3$1.accept(ReferencePipeline.java:214)
        at java.base@25.0.3/java.util.stream.ReferencePipeline$3$1.accept(ReferencePipeline.java:214)
        at java.base@25.0.3/java.util.ArrayList$ArrayListSpliterator.forEachRemaining(ArrayList.java:1716)
        at java.base@25.0.3/java.util.stream.AbstractPipeline.copyInto(AbstractPipeline.java:570)
        at java.base@25.0.3/java.util.stream.AbstractPipeline.wrapAndCopyInto(AbstractPipeline.java:560)
        at java.base@25.0.3/java.util.stream.ForEachOps$ForEachOp.evaluateSequential(ForEachOps.java:153)
        at java.base@25.0.3/java.util.stream.ForEachOps$ForEachOp$OfRef.evaluateSequential(ForEachOps.java:176)
        at java.base@25.0.3/java.util.stream.AbstractPipeline.evaluate(AbstractPipeline.java:265)
        at java.base@25.0.3/java.util.stream.ReferencePipeline.forEach(ReferencePipeline.java:632)
        at app//org.junit.jupiter.engine.descriptor.TemplateExecutor.executeForProvider(TemplateExecutor.java:59)
        at app//org.junit.jupiter.engine.descriptor.TemplateExecutor.execute(TemplateExecutor.java:48)
        at app//org.junit.jupiter.engine.descriptor.ClassTemplateTestDescriptor.execute(ClassTemplateTestDescriptor.java:206)
        at app//org.junit.jupiter.engine.descriptor.ClassTemplateTestDescriptor.execute(ClassTemplateTestDescriptor.java:51)
        at app//org.junit.platform.engine.support.hierarchical.NodeTestTask.lambda$executeRecursively$6(NodeTestTask.java:157)
        at app//org.junit.platform.engine.support.hierarchical.NodeTestTask$$Lambda/0x000000000715d840.execute(Unknown Source)
        at app//org.junit.platform.engine.support.hierarchical.ThrowableCollector.execute(ThrowableCollector.java:73)
        at app//org.junit.platform.engine.support.hierarchical.NodeTestTask.lambda$executeRecursively$8(NodeTestTask.java:147)
        at app//org.junit.platform.engine.support.hierarchical.NodeTestTask$$Lambda/0x000000000715d610.invoke(Unknown Source)
        at app//org.junit.platform.engine.support.hierarchical.Node.around(Node.java:137)
        at app//org.junit.platform.engine.support.hierarchical.NodeTestTask.lambda$executeRecursively$9(NodeTestTask.java:145)
        at app//org.junit.platform.engine.support.hierarchical.NodeTestTask$$Lambda/0x000000000715cf88.execute(Unknown Source)
        at app//org.junit.platform.engine.support.hierarchical.ThrowableCollector.execute(ThrowableCollector.java:73)
        at app//org.junit.platform.engine.support.hierarchical.NodeTestTask.executeRecursively(NodeTestTask.java:144)
        at app//org.junit.platform.engine.support.hierarchical.NodeTestTask.execute(NodeTestTask.java:101)
        at app//org.junit.platform.engine.support.hierarchical.ForkJoinPoolHierarchicalTestExecutorService$ExclusiveTask.exec(ForkJoinPoolHierarchicalTestExecutorService.java:274)
        at app//org.junit.platform.engine.support.hierarchical.ForkJoinPoolHierarchicalTestExecutorService$ExclusiveTask.execSync(ForkJoinPoolHierarchicalTestExecutorService.java:247)
        at app//org.junit.platform.engine.support.hierarchical.ForkJoinPoolHierarchicalTestExecutorService.invokeAll(ForkJoinPoolHierarchicalTestExecutorService.java:159)
        at app//org.junit.platform.engine.support.hierarchical.NodeTestTask.lambda$executeRecursively$6(NodeTestTask.java:161)
        at app//org.junit.platform.engine.support.hierarchical.NodeTestTask$$Lambda/0x000000000715d840.execute(Unknown Source)
        at app//org.junit.platform.engine.support.hierarchical.ThrowableCollector.execute(ThrowableCollector.java:73)
        at app//org.junit.platform.engine.support.hierarchical.NodeTestTask.lambda$executeRecursively$8(NodeTestTask.java:147)
        at app//org.junit.platform.engine.support.hierarchical.NodeTestTask$$Lambda/0x000000000715d610.invoke(Unknown Source)
        at app//org.junit.platform.engine.support.hierarchical.Node.around(Node.java:137)
        at app//org.junit.platform.engine.support.hierarchical.NodeTestTask.lambda$executeRecursively$9(NodeTestTask.java:145)
        at app//org.junit.platform.engine.support.hierarchical.NodeTestTask$$Lambda/0x000000000715cf88.execute(Unknown Source)
        at app//org.junit.platform.engine.support.hierarchical.ThrowableCollector.execute(ThrowableCollector.java:73)
        at app//org.junit.platform.engine.support.hierarchical.NodeTestTask.executeRecursively(NodeTestTask.java:144)
        at app//org.junit.platform.engine.support.hierarchical.NodeTestTask.execute(NodeTestTask.java:101)
        at app//org.junit.platform.engine.support.hierarchical.ForkJoinPoolHierarchicalTestExecutorService$ExclusiveTask.exec(ForkJoinPoolHierarchicalTestExecutorService.java:274)
        at java.base@25.0.3/java.util.concurrent.ForkJoinTask.doExec(ForkJoinTask.java:511)
        at java.base@25.0.3/java.util.concurrent.ForkJoinPool$WorkQueue.topLevelExec(ForkJoinPool.java:1450)
        at java.base@25.0.3/java.util.concurrent.ForkJoinPool.runWorker(ForkJoinPool.java:2019)
        at java.base@25.0.3/java.util.concurrent.ForkJoinWorkerThread.run(ForkJoinWorkerThread.java:187)
"Socket Reader #10 for port 9862" daemon prio=5 tid=2535 runnable
java.lang.Thread.State: RUNNABLE
        at java.base@25.0.3/sun.nio.ch.EPoll.wait(Native Method)
        at java.base@25.0.3/sun.nio.ch.EPollSelectorImpl.doSelect(EPollSelectorImpl.java:117)
        at java.base@25.0.3/sun.nio.ch.SelectorImpl.lockAndDoSelect(SelectorImpl.java:130)
        at java.base@25.0.3/sun.nio.ch.SelectorImpl.select(SelectorImpl.java:147)
        at app//org.apache.hadoop.ipc_.Server$Listener$Reader.doRunLoop(Server.java:1004)
        at app//org.apache.hadoop.ipc_.Server$Listener$Reader.run(Server.java:983)
"CompactionDagPruningService" daemon prio=5 tid=2514 timed_waiting
java.lang.Thread.State: TIMED_WAITING
        at java.base@25.0.3/jdk.internal.misc.Unsafe.park(Native Method)
        at java.base@25.0.3/java.util.concurrent.locks.LockSupport.parkNanos(LockSupport.java:271)
        at java.base@25.0.3/java.util.concurrent.locks.AbstractQueuedSynchronizer$ConditionObject.awaitNanos(AbstractQueuedSynchronizer.java:1803)
        at java.base@25.0.3/java.util.concurrent.ScheduledThreadPoolExecutor$DelayedWorkQueue.take(ScheduledThreadPoolExecutor.java:1166)
        at java.base@25.0.3/java.util.concurrent.ScheduledThreadPoolExecutor$DelayedWorkQueue.take(ScheduledThreadPoolExecutor.java:883)
        at java.base@25.0.3/java.util.concurrent.ThreadPoolExecutor.getTask(ThreadPoolExecutor.java:1016)
        at java.base@25.0.3/java.util.concurrent.ThreadPoolExecutor.runWorker(ThreadPoolExecutor.java:1076)
        at java.base@25.0.3/java.util.concurrent.ThreadPoolExecutor$Worker.run(ThreadPoolExecutor.java:614)
        at java.base@25.0.3/java.lang.Thread.runWith(Thread.java:1487)
        at java.base@25.0.3/java.lang.Thread.run(Thread.java:1474)
"lifecycleScanStateTable_FullTableCache-Cleanup-0" daemon prio=5 tid=926 timed_waiting
java.lang.Thread.State: TIMED_WAITING
        at java.base@25.0.3/jdk.internal.misc.Unsafe.park(Native Method)
        at java.base@25.0.3/java.util.concurrent.locks.LockSupport.parkNanos(LockSupport.java:271)
        at java.base@25.0.3/java.util.concurrent.locks.AbstractQueuedSynchronizer$ConditionObject.awaitNanos(AbstractQueuedSynchronizer.java:1803)
        at java.base@25.0.3/java.util.concurrent.ScheduledThreadPoolExecutor$DelayedWorkQueue.take(ScheduledThreadPoolExecutor.java:1166)
        at java.base@25.0.3/java.util.concurrent.ScheduledThreadPoolExecutor$DelayedWorkQueue.take(ScheduledThreadPoolExecutor.java:883)
        at java.base@25.0.3/java.util.concurrent.ThreadPoolExecutor.getTask(ThreadPoolExecutor.java:1016)
        at java.base@25.0.3/java.util.concurrent.ThreadPoolExecutor.runWorker(ThreadPoolExecutor.java:1076)
        at java.base@25.0.3/java.util.concurrent.ThreadPoolExecutor$Worker.run(ThreadPoolExecutor.java:614)
        at java.base@25.0.3/java.lang.Thread.runWith(Thread.java:1487)
        at java.base@25.0.3/java.lang.Thread.run(Thread.java:1474)
"directoryTable_PartialTableCache-Cleanup-0" daemon prio=5 tid=1688 in Object.wait()
java.lang.Thread.State: WAITING (on object monitor)
        at java.base@25.0.3/jdk.internal.misc.Unsafe.park(Native Method)
        at java.base@25.0.3/java.util.concurrent.locks.LockSupport.park(LockSupport.java:369)
        at java.base@25.0.3/java.util.concurrent.locks.AbstractQueuedSynchronizer$ConditionNode.block(AbstractQueuedSynchronizer.java:520)
        at java.base@25.0.3/java.util.concurrent.ForkJoinPool.unmanagedBlock(ForkJoinPool.java:4364)
        at java.base@25.0.3/java.util.concurrent.ForkJoinPool.managedBlock(ForkJoinPool.java:4310)
        at java.base@25.0.3/java.util.concurrent.locks.AbstractQueuedSynchronizer$ConditionObject.await(AbstractQueuedSynchronizer.java:1752)
        at java.base@25.0.3/java.util.concurrent.LinkedBlockingQueue.take(LinkedBlockingQueue.java:435)
        at java.base@25.0.3/java.util.concurrent.ThreadPoolExecutor.getTask(ThreadPoolExecutor.java:1016)
        at java.base@25.0.3/java.util.concurrent.ThreadPoolExecutor.runWorker(ThreadPoolExecutor.java:1076)
        at java.base@25.0.3/java.util.concurrent.ThreadPoolExecutor$Worker.run(ThreadPoolExecutor.java:614)
        at java.base@25.0.3/java.lang.Thread.runWith(Thread.java:1487)
        at java.base@25.0.3/java.lang.Thread.run(Thread.java:1474)
"Socket Reader #9 for port 9862" daemon prio=5 tid=2534 runnable
java.lang.Thread.State: RUNNABLE
        at java.base@25.0.3/sun.nio.ch.EPoll.wait(Native Method)
        at java.base@25.0.3/sun.nio.ch.EPollSelectorImpl.doSelect(EPollSelectorImpl.java:117)
        at java.base@25.0.3/sun.nio.ch.SelectorImpl.lockAndDoSelect(SelectorImpl.java:130)
        at java.base@25.0.3/sun.nio.ch.SelectorImpl.select(SelectorImpl.java:147)
        at app//org.apache.hadoop.ipc_.Server$Listener$Reader.doRunLoop(Server.java:1004)
        at app//org.apache.hadoop.ipc_.Server$Listener$Reader.run(Server.java:983)
"IPC Server handler 8 on default port 9862" daemon prio=5 tid=2577 timed_waiting
java.lang.Thread.State: TIMED_WAITING
        at java.base@25.0.3/jdk.internal.misc.Unsafe.park(Native Method)
        at java.base@25.0.3/java.util.concurrent.locks.LockSupport.parkNanos(LockSupport.java:271)
        at java.base@25.0.3/java.util.concurrent.locks.AbstractQueuedSynchronizer$ConditionObject.awaitNanos(AbstractQueuedSynchronizer.java:1803)
        at java.base@25.0.3/java.util.concurrent.LinkedBlockingQueue.poll(LinkedBlockingQueue.java:460)
        at app//org.apache.hadoop.ipc_.CallQueueManager.take(CallQueueManager.java:294)
        at app//org.apache.hadoop.ipc_.Server$Handler.run(Server.java:2634)
"volumeTable_FullTableCache-Cleanup-0" daemon prio=5 tid=2515 timed_waiting
java.lang.Thread.State: TIMED_WAITING
        at java.base@25.0.3/jdk.internal.misc.Unsafe.park(Native Method)
        at java.base@25.0.3/java.util.concurrent.locks.LockSupport.parkNanos(LockSupport.java:271)
        at java.base@25.0.3/java.util.concurrent.locks.AbstractQueuedSynchronizer$ConditionObject.awaitNanos(AbstractQueuedSynchronizer.java:1803)
        at java.base@25.0.3/java.util.concurrent.ScheduledThreadPoolExecutor$DelayedWorkQueue.take(ScheduledThreadPoolExecutor.java:1166)
        at java.base@25.0.3/java.util.concurrent.ScheduledThreadPoolExecutor$DelayedWorkQueue.take(ScheduledThreadPoolExecutor.java:883)
        at java.base@25.0.3/java.util.concurrent.ThreadPoolExecutor.getTask(ThreadPoolExecutor.java:1016)
        at java.base@25.0.3/java.util.concurrent.ThreadPoolExecutor.runWorker(ThreadPoolExecutor.java:1076)
        at java.base@25.0.3/java.util.concurrent.ThreadPoolExecutor$Worker.run(ThreadPoolExecutor.java:614)
        at java.base@25.0.3/java.lang.Thread.runWith(Thread.java:1487)
        at java.base@25.0.3/java.lang.Thread.run(Thread.java:1474)
"om1-DirectoryDeletingService#1" daemon prio=5 tid=2552 in Object.wait()
java.lang.Thread.State: WAITING (on object monitor)
        at java.base@25.0.3/jdk.internal.misc.Unsafe.park(Native Method)
        at java.base@25.0.3/java.util.concurrent.locks.LockSupport.park(LockSupport.java:369)
        at java.base@25.0.3/java.util.concurrent.locks.AbstractQueuedSynchronizer$ConditionNode.block(AbstractQueuedSynchronizer.java:520)
        at java.base@25.0.3/java.util.concurrent.ForkJoinPool.unmanagedBlock(ForkJoinPool.java:4364)
        at java.base@25.0.3/java.util.concurrent.ForkJoinPool.managedBlock(ForkJoinPool.java:4310)
        at java.base@25.0.3/java.util.concurrent.locks.AbstractQueuedSynchronizer$ConditionObject.await(AbstractQueuedSynchronizer.java:1752)
        at java.base@25.0.3/java.util.concurrent.ScheduledThreadPoolExecutor$DelayedWorkQueue.take(ScheduledThreadPoolExecutor.java:1161)
        at java.base@25.0.3/java.util.concurrent.ScheduledThreadPoolExecutor$DelayedWorkQueue.take(ScheduledThreadPoolExecutor.java:883)
        at java.base@25.0.3/java.util.concurrent.ThreadPoolExecutor.getTask(ThreadPoolExecutor.java:1016)
        at java.base@25.0.3/java.util.concurrent.ThreadPoolExecutor.runWorker(ThreadPoolExecutor.java:1076)
        at java.base@25.0.3/java.util.concurrent.ThreadPoolExecutor$Worker.run(ThreadPoolExecutor.java:614)
        at java.base@25.0.3/java.lang.Thread.runWith(Thread.java:1487)
        at java.base@25.0.3/java.lang.Thread.run(Thread.java:1474)
"deletedDirectoryTable_PartialTableCache-Cleanup-0" daemon prio=5 tid=1093 in Object.wait()
java.lang.Thread.State: WAITING (on object monitor)
        at java.base@25.0.3/jdk.internal.misc.Unsafe.park(Native Method)
        at java.base@25.0.3/java.util.concurrent.locks.LockSupport.park(LockSupport.java:369)
        at java.base@25.0.3/java.util.concurrent.locks.AbstractQueuedSynchronizer$ConditionNode.block(AbstractQueuedSynchronizer.java:520)
        at java.base@25.0.3/java.util.concurrent.ForkJoinPool.unmanagedBlock(ForkJoinPool.java:4364)
        at java.base@25.0.3/java.util.concurrent.ForkJoinPool.managedBlock(ForkJoinPool.java:4310)
        at java.base@25.0.3/java.util.concurrent.locks.AbstractQueuedSynchronizer$ConditionObject.await(AbstractQueuedSynchronizer.java:1752)
        at java.base@25.0.3/java.util.concurrent.LinkedBlockingQueue.take(LinkedBlockingQueue.java:435)
        at java.base@25.0.3/java.util.concurrent.ThreadPoolExecutor.getTask(ThreadPoolExecutor.java:1016)
        at java.base@25.0.3/java.util.concurrent.ThreadPoolExecutor.runWorker(ThreadPoolExecutor.java:1076)
        at java.base@25.0.3/java.util.concurrent.ThreadPoolExecutor$Worker.run(ThreadPoolExecutor.java:614)
        at java.base@25.0.3/java.lang.Thread.runWith(Thread.java:1487)
        at java.base@25.0.3/java.lang.Thread.run(Thread.java:1474)
"lifecycleConfigurationTable_FullTableCache-Cleanup-0" daemon prio=5 tid=925 timed_waiting
java.lang.Thread.State: TIMED_WAITING
        at java.base@25.0.3/jdk.internal.misc.Unsafe.park(Native Method)
        at java.base@25.0.3/java.util.concurrent.locks.LockSupport.parkNanos(LockSupport.java:271)
        at java.base@25.0.3/java.util.concurrent.locks.AbstractQueuedSynchronizer$ConditionObject.awaitNanos(AbstractQueuedSynchronizer.java:1803)
        at java.base@25.0.3/java.util.concurrent.ScheduledThreadPoolExecutor$DelayedWorkQueue.take(ScheduledThreadPoolExecutor.java:1166)
        at java.base@25.0.3/java.util.concurrent.ScheduledThreadPoolExecutor$DelayedWorkQueue.take(ScheduledThreadPoolExecutor.java:883)
        at java.base@25.0.3/java.util.concurrent.ThreadPoolExecutor.getTask(ThreadPoolExecutor.java:1016)
        at java.base@25.0.3/java.util.concurrent.ThreadPoolExecutor.runWorker(ThreadPoolExecutor.java:1076)
        at java.base@25.0.3/java.util.concurrent.ThreadPoolExecutor$Worker.run(ThreadPoolExecutor.java:614)
        at java.base@25.0.3/java.lang.Thread.runWith(Thread.java:1487)
        at java.base@25.0.3/java.lang.Thread.run(Thread.java:1474)
"volumeTable_FullTableCache-Cleanup-0" daemon prio=5 tid=44 timed_waiting
java.lang.Thread.State: TIMED_WAITING
        at java.base@25.0.3/jdk.internal.misc.Unsafe.park(Native Method)
        at java.base@25.0.3/java.util.concurrent.locks.LockSupport.parkNanos(LockSupport.java:271)
        at java.base@25.0.3/java.util.concurrent.locks.AbstractQueuedSynchronizer$ConditionObject.awaitNanos(AbstractQueuedSynchronizer.java:1803)
        at java.base@25.0.3/java.util.concurrent.ScheduledThreadPoolExecutor$DelayedWorkQueue.take(ScheduledThreadPoolExecutor.java:1166)
        at java.base@25.0.3/java.util.concurrent.ScheduledThreadPoolExecutor$DelayedWorkQueue.take(ScheduledThreadPoolExecutor.java:883)
        at java.base@25.0.3/java.util.concurrent.ThreadPoolExecutor.getTask(ThreadPoolExecutor.java:1016)
        at java.base@25.0.3/java.util.concurrent.ThreadPoolExecutor.runWorker(ThreadPoolExecutor.java:1076)
        at java.base@25.0.3/java.util.concurrent.ThreadPoolExecutor$Worker.run(ThreadPoolExecutor.java:614)
        at java.base@25.0.3/java.lang.Thread.runWith(Thread.java:1487)
        at java.base@25.0.3/java.lang.Thread.run(Thread.java:1474)
"lifecycleConfigurationTable_FullTableCache-Cleanup-0" daemon prio=5 tid=46 timed_waiting
java.lang.Thread.State: TIMED_WAITING
        at java.base@25.0.3/jdk.internal.misc.Unsafe.park(Native Method)
        at java.base@25.0.3/java.util.concurrent.locks.LockSupport.parkNanos(LockSupport.java:271)
        at java.base@25.0.3/java.util.concurrent.locks.AbstractQueuedSynchronizer$ConditionObject.awaitNanos(AbstractQueuedSynchronizer.java:1803)
        at java.base@25.0.3/java.util.concurrent.ScheduledThreadPoolExecutor$DelayedWorkQueue.take(ScheduledThreadPoolExecutor.java:1166)
        at java.base@25.0.3/java.util.concurrent.ScheduledThreadPoolExecutor$DelayedWorkQueue.take(ScheduledThreadPoolExecutor.java:883)
        at java.base@25.0.3/java.util.concurrent.ThreadPoolExecutor.getTask(ThreadPoolExecutor.java:1016)
        at java.base@25.0.3/java.util.concurrent.ThreadPoolExecutor.runWorker(ThreadPoolExecutor.java:1076)
        at java.base@25.0.3/java.util.concurrent.ThreadPoolExecutor$Worker.run(ThreadPoolExecutor.java:614)
        at java.base@25.0.3/java.lang.Thread.runWith(Thread.java:1487)
        at java.base@25.0.3/java.lang.Thread.run(Thread.java:1474)
"openKeyTable_PartialTableCache-Cleanup-0" daemon prio=5 tid=2198 in Object.wait()
java.lang.Thread.State: WAITING (on object monitor)
        at java.base@25.0.3/jdk.internal.misc.Unsafe.park(Native Method)
        at java.base@25.0.3/java.util.concurrent.locks.LockSupport.park(LockSupport.java:369)
        at java.base@25.0.3/java.util.concurrent.locks.AbstractQueuedSynchronizer$ConditionNode.block(AbstractQueuedSynchronizer.java:520)
        at java.base@25.0.3/java.util.concurrent.ForkJoinPool.unmanagedBlock(ForkJoinPool.java:4364)
        at java.base@25.0.3/java.util.concurrent.ForkJoinPool.managedBlock(ForkJoinPool.java:4310)
        at java.base@25.0.3/java.util.concurrent.locks.AbstractQueuedSynchronizer$ConditionObject.await(AbstractQueuedSynchronizer.java:1752)
        at java.base@25.0.3/java.util.concurrent.LinkedBlockingQueue.take(LinkedBlockingQueue.java:435)
        at java.base@25.0.3/java.util.concurrent.ThreadPoolExecutor.getTask(ThreadPoolExecutor.java:1016)
        at java.base@25.0.3/java.util.concurrent.ThreadPoolExecutor.runWorker(ThreadPoolExecutor.java:1076)
        at java.base@25.0.3/java.util.concurrent.ThreadPoolExecutor$Worker.run(ThreadPoolExecutor.java:614)
        at java.base@25.0.3/java.lang.Thread.runWith(Thread.java:1487)
        at java.base@25.0.3/java.lang.Thread.run(Thread.java:1474)
"IPC Server handler 47 on default port 9862" daemon prio=5 tid=2616 timed_waiting
java.lang.Thread.State: TIMED_WAITING
        at java.base@25.0.3/jdk.internal.misc.Unsafe.park(Native Method)
        at java.base@25.0.3/java.util.concurrent.locks.LockSupport.parkNanos(LockSupport.java:271)
        at java.base@25.0.3/java.util.concurrent.locks.AbstractQueuedSynchronizer$ConditionObject.awaitNanos(AbstractQueuedSynchronizer.java:1803)
        at java.base@25.0.3/java.util.concurrent.LinkedBlockingQueue.poll(LinkedBlockingQueue.java:460)
        at app//org.apache.hadoop.ipc_.CallQueueManager.take(CallQueueManager.java:294)
        at app//org.apache.hadoop.ipc_.Server$Handler.run(Server.java:2634)
"IPC Server handler 83 on default port 9862" daemon prio=5 tid=2652 timed_waiting
java.lang.Thread.State: TIMED_WAITING
        at java.base@25.0.3/jdk.internal.misc.Unsafe.park(Native Method)
        at java.base@25.0.3/java.util.concurrent.locks.LockSupport.parkNanos(LockSupport.java:271)
        at java.base@25.0.3/java.util.concurrent.locks.AbstractQueuedSynchronizer$ConditionObject.awaitNanos(AbstractQueuedSynchronizer.java:1803)
        at java.base@25.0.3/java.util.concurrent.LinkedBlockingQueue.poll(LinkedBlockingQueue.java:460)
        at app//org.apache.hadoop.ipc_.CallQueueManager.take(CallQueueManager.java:294)
        at app//org.apache.hadoop.ipc_.Server$Handler.run(Server.java:2634)
"om1-KeyLifecycleService#3" daemon prio=5 tid=2671 timed_waiting
java.lang.Thread.State: TIMED_WAITING
        at java.base@25.0.3/jdk.internal.misc.Unsafe.park(Native Method)
        at java.base@25.0.3/java.util.concurrent.locks.LockSupport.parkNanos(LockSupport.java:271)
        at java.base@25.0.3/java.util.concurrent.locks.AbstractQueuedSynchronizer$ConditionObject.awaitNanos(AbstractQueuedSynchronizer.java:1803)
        at java.base@25.0.3/java.util.concurrent.ScheduledThreadPoolExecutor$DelayedWorkQueue.take(ScheduledThreadPoolExecutor.java:1166)
        at java.base@25.0.3/java.util.concurrent.ScheduledThreadPoolExecutor$DelayedWorkQueue.take(ScheduledThreadPoolExecutor.java:883)
        at java.base@25.0.3/java.util.concurrent.ThreadPoolExecutor.getTask(ThreadPoolExecutor.java:1016)
        at java.base@25.0.3/java.util.concurrent.ThreadPoolExecutor.runWorker(ThreadPoolExecutor.java:1076)
        at java.base@25.0.3/java.util.concurrent.ThreadPoolExecutor$Worker.run(ThreadPoolExecutor.java:614)
        at java.base@25.0.3/java.lang.Thread.runWith(Thread.java:1487)
        at java.base@25.0.3/java.lang.Thread.run(Thread.java:1474)
"IPC Server handler 59 on default port 9862" daemon prio=5 tid=2628 timed_waiting
java.lang.Thread.State: TIMED_WAITING
        at java.base@25.0.3/jdk.internal.misc.Unsafe.park(Native Method)
        at java.base@25.0.3/java.util.concurrent.locks.LockSupport.parkNanos(LockSupport.java:271)
        at java.base@25.0.3/java.util.concurrent.locks.AbstractQueuedSynchronizer$ConditionObject.awaitNanos(AbstractQueuedSynchronizer.java:1803)
        at java.base@25.0.3/java.util.concurrent.LinkedBlockingQueue.poll(LinkedBlockingQueue.java:460)
        at app//org.apache.hadoop.ipc_.CallQueueManager.take(CallQueueManager.java:294)
        at app//org.apache.hadoop.ipc_.Server$Handler.run(Server.java:2634)
"IPC Server handler 75 on default port 9862" daemon prio=5 tid=2644 timed_waiting
java.lang.Thread.State: TIMED_WAITING
        at java.base@25.0.3/jdk.internal.misc.Unsafe.park(Native Method)
        at java.base@25.0.3/java.util.concurrent.locks.LockSupport.parkNanos(LockSupport.java:271)
        at java.base@25.0.3/java.util.concurrent.locks.AbstractQueuedSynchronizer$ConditionObject.awaitNanos(AbstractQueuedSynchronizer.java:1803)
        at java.base@25.0.3/java.util.concurrent.LinkedBlockingQueue.poll(LinkedBlockingQueue.java:460)
        at app//org.apache.hadoop.ipc_.CallQueueManager.take(CallQueueManager.java:294)
        at app//org.apache.hadoop.ipc_.Server$Handler.run(Server.java:2634)
"IPC Server handler 27 on default port 9862" daemon prio=5 tid=2596 timed_waiting
java.lang.Thread.State: TIMED_WAITING
        at java.base@25.0.3/jdk.internal.misc.Unsafe.park(Native Method)
        at java.base@25.0.3/java.util.concurrent.locks.LockSupport.parkNanos(LockSupport.java:271)
        at java.base@25.0.3/java.util.concurrent.locks.AbstractQueuedSynchronizer$ConditionObject.awaitNanos(AbstractQueuedSynchronizer.java:1803)
        at java.base@25.0.3/java.util.concurrent.LinkedBlockingQueue.poll(LinkedBlockingQueue.java:460)
        at app//org.apache.hadoop.ipc_.CallQueueManager.take(CallQueueManager.java:294)
        at app//org.apache.hadoop.ipc_.Server$Handler.run(Server.java:2634)
"IPC Server handler 51 on default port 9862" daemon prio=5 tid=2620 timed_waiting
java.lang.Thread.State: TIMED_WAITING
        at java.base@25.0.3/jdk.internal.misc.Unsafe.park(Native Method)
        at java.base@25.0.3/java.util.concurrent.locks.LockSupport.parkNanos(LockSupport.java:271)
        at java.base@25.0.3/java.util.concurrent.locks.AbstractQueuedSynchronizer$ConditionObject.awaitNanos(AbstractQueuedSynchronizer.java:1803)
        at java.base@25.0.3/java.util.concurrent.LinkedBlockingQueue.poll(LinkedBlockingQueue.java:460)
        at app//org.apache.hadoop.ipc_.CallQueueManager.take(CallQueueManager.java:294)
        at app//org.apache.hadoop.ipc_.Server$Handler.run(Server.java:2634)
"openFileTable_PartialTableCache-Cleanup-0" daemon prio=5 tid=1087 in Object.wait()
java.lang.Thread.State: WAITING (on object monitor)
        at java.base@25.0.3/jdk.internal.misc.Unsafe.park(Native Method)
        at java.base@25.0.3/java.util.concurrent.locks.LockSupport.park(LockSupport.java:369)
        at java.base@25.0.3/java.util.concurrent.locks.AbstractQueuedSynchronizer$ConditionNode.block(AbstractQueuedSynchronizer.java:520)
        at java.base@25.0.3/java.util.concurrent.ForkJoinPool.unmanagedBlock(ForkJoinPool.java:4364)
        at java.base@25.0.3/java.util.concurrent.ForkJoinPool.managedBlock(ForkJoinPool.java:4310)
        at java.base@25.0.3/java.util.concurrent.locks.AbstractQueuedSynchronizer$ConditionObject.await(AbstractQueuedSynchronizer.java:1752)
        at java.base@25.0.3/java.util.concurrent.LinkedBlockingQueue.take(LinkedBlockingQueue.java:435)
        at java.base@25.0.3/java.util.concurrent.ThreadPoolExecutor.getTask(ThreadPoolExecutor.java:1016)
        at java.base@25.0.3/java.util.concurrent.ThreadPoolExecutor.runWorker(ThreadPoolExecutor.java:1076)
        at java.base@25.0.3/java.util.concurrent.ThreadPoolExecutor$Worker.run(ThreadPoolExecutor.java:614)
        at java.base@25.0.3/java.lang.Thread.runWith(Thread.java:1487)
        at java.base@25.0.3/java.lang.Thread.run(Thread.java:1474)
"IPC Server handler 30 on default port 9862" daemon prio=5 tid=2599 timed_waiting
java.lang.Thread.State: TIMED_WAITING
        at java.base@25.0.3/jdk.internal.misc.Unsafe.park(Native Method)
        at java.base@25.0.3/java.util.concurrent.locks.LockSupport.parkNanos(LockSupport.java:271)
        at java.base@25.0.3/java.util.concurrent.locks.AbstractQueuedSynchronizer$ConditionObject.awaitNanos(AbstractQueuedSynchronizer.java:1803)
        at java.base@25.0.3/java.util.concurrent.LinkedBlockingQueue.poll(LinkedBlockingQueue.java:460)
        at app//org.apache.hadoop.ipc_.CallQueueManager.take(CallQueueManager.java:294)
        at app//org.apache.hadoop.ipc_.Server$Handler.run(Server.java:2634)
"om1-client-thread1" daemon prio=5 tid=2677 timed_waiting
java.lang.Thread.State: TIMED_WAITING
        at java.base@25.0.3/jdk.internal.misc.Unsafe.park(Native Method)
        at java.base@25.0.3/java.util.concurrent.locks.LockSupport.parkNanos(LockSupport.java:408)
        at java.base@25.0.3/java.util.concurrent.LinkedTransferQueue$DualNode.await(LinkedTransferQueue.java:452)
        at java.base@25.0.3/java.util.concurrent.SynchronousQueue$Transferer.xferLifo(SynchronousQueue.java:194)
        at java.base@25.0.3/java.util.concurrent.SynchronousQueue.xfer(SynchronousQueue.java:235)
        at java.base@25.0.3/java.util.concurrent.SynchronousQueue.poll(SynchronousQueue.java:338)
        at java.base@25.0.3/java.util.concurrent.ThreadPoolExecutor.getTask(ThreadPoolExecutor.java:1015)
        at java.base@25.0.3/java.util.concurrent.ThreadPoolExecutor.runWorker(ThreadPoolExecutor.java:1076)
        at java.base@25.0.3/java.util.concurrent.ThreadPoolExecutor$Worker.run(ThreadPoolExecutor.java:614)
        at java.base@25.0.3/java.lang.Thread.runWith(Thread.java:1487)
        at java.base@25.0.3/java.lang.Thread.run(Thread.java:1474)


[INFO] 
[ERROR] Tests run: 2196, Failures: 0, Errors: 1, Skipped: 18
[INFO] 
[INFO] 
[INFO] ----------------< org.apache.ozone:ozone-reconcodegen >-----------------
[INFO] Building Apache Ozone Recon CodeGen 2.3.0-SNAPSHOT               [34/55]
[INFO]   from hadoop-ozone/recon-codegen/pom.xml
[INFO] --------------------------------[ jar ]---------------------------------
[INFO] 
[INFO] --- sortpom:3.0.1:verify (default) @ ozone-reconcodegen ---
[INFO] Verifying file /home/runner/work/ozone/ozone/hadoop-ozone/recon-codegen/pom.xml
[INFO] 
[INFO] --- jacoco:0.8.15:prepare-agent (default-prepare-agent) @ ozone-reconcodegen ---
[INFO] argLine set to -javaagent:/home/runner/.m2/repository/org/jacoco/org.jacoco.agent/0.8.15/org.jacoco.agent-0.8.15-runtime.jar=destfile=/home/runner/work/ozone/ozone/hadoop-ozone/recon-codegen/target/jacoco.exec,includes=org.apache.hadoop.hdds.*:org.apache.hadoop.ozone.*:org.apache.hadoop.fs.ozone.*:org.apache.ozone.*:org.apache.hadoop.io_.*:org.apache.hadoop.ipc_.*:org.apache.hadoop.security_.*
[INFO] 
[INFO] --- enforcer:3.6.3:enforce (banned-rocksdb-imports) @ ozone-reconcodegen ---
[INFO] Rule 0: org.apache.maven.plugins.enforcer.RestrictImports passed
[INFO] 
[INFO] --- enforcer:3.6.3:enforce (ban-imports) @ ozone-reconcodegen ---
[INFO] Rule 0: org.apache.maven.plugins.enforcer.RestrictImports passed
[INFO] Rule 1: org.apache.maven.plugins.enforcer.RestrictImports passed
[INFO] Rule 2: org.apache.maven.plugins.enforcer.RestrictImports passed
[INFO] Rule 3: org.apache.maven.plugins.enforcer.RestrictImports passed
[INFO] Rule 4: org.apache.maven.plugins.enforcer.RestrictImports passed
[WARNING] EXPERIMENTAL FEATURE enabled. You have enabled full-compilation-unit parsing. Please be aware that experimental features might get removed or changed. Please share your feedback!
[INFO] Rule 5: org.apache.maven.plugins.enforcer.RestrictImports passed
[INFO] Rule 6: org.apache.maven.plugins.enforcer.RestrictImports passed
[INFO] Rule 7: org.apache.maven.plugins.enforcer.RestrictImports passed
[INFO] Rule 8: org.apache.maven.plugins.enforcer.RestrictImports passed
[INFO] Rule 9: org.apache.maven.plugins.enforcer.RestrictImports passed
[INFO] Rule 10: org.apache.maven.plugins.enforcer.RestrictImports passed
[INFO] Rule 11: org.apache.maven.plugins.enforcer.RestrictImports passed
[INFO] Rule 12: org.apache.maven.plugins.enforcer.RestrictImports passed
[INFO] 
[INFO] --- enforcer:3.6.3:enforce (ban-annotations) @ ozone-reconcodegen ---
[INFO] Rule 0: org.apache.maven.plugins.enforcer.RestrictImports passed
[INFO] 
[INFO] --- dependency:3.11.0:build-classpath (add-classpath-descriptor) @ ozone-reconcodegen ---
[INFO] Skipping plugin execution
[INFO] 
[INFO] --- remote-resources:3.3.0:process (default) @ ozone-reconcodegen ---
[INFO] Preparing remote bundle org.apache.ozone:ozone-dev-support:2.3.0-SNAPSHOT
[INFO] Copying 2 resources from 1 bundle.
[INFO] 
[INFO] --- resources:3.5.0:resources (default-resources) @ ozone-reconcodegen ---
[INFO] skip non existing resourceDirectory /home/runner/work/ozone/ozone/hadoop-ozone/recon-codegen/src/main/resources
[INFO] Copying 2 resources from target/maven-shared-archive-resources to target/classes
[INFO] 
[INFO] --- compiler:3.15.0:compile (default-compile) @ ozone-reconcodegen ---
[INFO] Compiling 12 source files with javac [debug release 8] to target/classes
[WARNING] source value 8 is obsolete and will be removed in a future release
[WARNING] target value 8 is obsolete and will be removed in a future release
[WARNING] To suppress warnings about obsolete options, use -Xlint:-options.
[INFO] 
[INFO] --- resources:3.5.0:testResources (default-testResources) @ ozone-reconcodegen ---
[INFO] Not copying test resources
[INFO] 
[INFO] --- compiler:3.15.0:testCompile (default-testCompile) @ ozone-reconcodegen ---
[INFO] Skipped
[INFO] 
[INFO] --- surefire:3.5.2:test (default-test) @ ozone-reconcodegen ---
[INFO] Skipped
[INFO] 
[INFO] --- dependency:3.11.0:copy-dependencies (copy-jars) @ ozone-reconcodegen ---
[INFO] Skipping plugin execution
[INFO] 
[INFO] --- jar:3.5.1:jar (default-jar) @ ozone-reconcodegen ---
[INFO] Building jar: /home/runner/work/ozone/ozone/hadoop-ozone/recon-codegen/target/ozone-reconcodegen-2.3.0-SNAPSHOT.jar
[INFO] 
[INFO] --- jar:3.5.1:test-jar (default) @ ozone-reconcodegen ---
[INFO] Skipping packaging of the test-jar
[INFO] 
[INFO] --- dependency:3.11.0:analyze-only (analyze) @ ozone-reconcodegen ---
[INFO] No dependency problems found
[INFO] 
[INFO] --------------------< org.apache.ozone:ozone-recon >--------------------
[INFO] Building Apache Ozone Recon 2.3.0-SNAPSHOT                       [35/55]
[INFO]   from hadoop-ozone/recon/pom.xml
[INFO] --------------------------------[ jar ]---------------------------------
[INFO] 
[INFO] --- sortpom:3.0.1:verify (default) @ ozone-recon ---
[INFO] Verifying file /home/runner/work/ozone/ozone/hadoop-ozone/recon/pom.xml
[INFO] 
[INFO] --- jacoco:0.8.15:prepare-agent (default-prepare-agent) @ ozone-recon ---
[INFO] argLine set to -javaagent:/home/runner/.m2/repository/org/jacoco/org.jacoco.agent/0.8.15/org.jacoco.agent-0.8.15-runtime.jar=destfile=/home/runner/work/ozone/ozone/hadoop-ozone/recon/target/jacoco.exec,includes=org.apache.hadoop.hdds.*:org.apache.hadoop.ozone.*:org.apache.hadoop.fs.ozone.*:org.apache.ozone.*:org.apache.hadoop.io_.*:org.apache.hadoop.ipc_.*:org.apache.hadoop.security_.*
[INFO] 
[INFO] --- build-helper:3.6.1:add-source (add-source) @ ozone-recon ---
[INFO] Source directory: /home/runner/work/ozone/ozone/hadoop-ozone/recon/target/generated-sources/java added.
[INFO] 
[INFO] --- enforcer:3.6.3:enforce (banned-rocksdb-imports) @ ozone-recon ---
[INFO] Rule 0: org.apache.maven.plugins.enforcer.RestrictImports passed
[INFO] 
[INFO] --- enforcer:3.6.3:enforce (ban-imports) @ ozone-recon ---
[INFO] Rule 0: org.apache.maven.plugins.enforcer.RestrictImports passed
[INFO] Rule 1: org.apache.maven.plugins.enforcer.RestrictImports passed
[INFO] Rule 2: org.apache.maven.plugins.enforcer.RestrictImports passed
[INFO] Rule 3: org.apache.maven.plugins.enforcer.RestrictImports passed
[INFO] Rule 4: org.apache.maven.plugins.enforcer.RestrictImports passed
[WARNING] EXPERIMENTAL FEATURE enabled. You have enabled full-compilation-unit parsing. Please be aware that experimental features might get removed or changed. Please share your feedback!
[INFO] Rule 5: org.apache.maven.plugins.enforcer.RestrictImports passed
[INFO] Rule 6: org.apache.maven.plugins.enforcer.RestrictImports passed
[INFO] Rule 7: org.apache.maven.plugins.enforcer.RestrictImports passed
[INFO] Rule 8: org.apache.maven.plugins.enforcer.RestrictImports passed
[INFO] Rule 9: org.apache.maven.plugins.enforcer.RestrictImports passed
[INFO] Rule 10: org.apache.maven.plugins.enforcer.RestrictImports passed
[INFO] Rule 11: org.apache.maven.plugins.enforcer.RestrictImports passed
[INFO] Rule 12: org.apache.maven.plugins.enforcer.RestrictImports passed
[INFO] 
[INFO] --- enforcer:3.6.3:enforce (ban-annotations) @ ozone-recon ---
[INFO] Rule 0: org.apache.maven.plugins.enforcer.RestrictImports passed
[INFO] 
[INFO] --- dependency:3.11.0:build-classpath (add-classpath-descriptor) @ ozone-recon ---
[INFO] Wrote classpath file '/home/runner/work/ozone/ozone/hadoop-ozone/recon/target/classes/ozone-recon.classpath'.
[INFO] 
[INFO] --- exec:3.6.3:java (default) @ ozone-recon ---
[INFO] 
[INFO] --- frontend:1.15.4:install-node-and-pnpm (Install node and npm locally to the project) @ ozone-recon ---
[INFO] Skipping execution.
[INFO] 
[INFO] --- frontend:1.15.4:pnpm (set pnpm@10.28.2 store path) @ ozone-recon ---
[INFO] Skipping execution.
[INFO] 
[INFO] --- frontend:1.15.4:pnpm (install frontend dependencies) @ ozone-recon ---
[INFO] Skipping execution.
[INFO] 
[INFO] --- frontend:1.15.4:pnpm (Build frontend) @ ozone-recon ---
[INFO] Skipping execution.
[INFO] 
[INFO] --- remote-resources:3.3.0:process (default) @ ozone-recon ---
[INFO] Preparing remote bundle org.apache.ozone:ozone-dev-support:2.3.0-SNAPSHOT
[INFO] Copying 2 resources from 1 bundle.
[INFO] 
[INFO] --- resources:3.5.0:resources (default-resources) @ ozone-recon ---
[INFO] Copying 214 resources from src/main/resources to target/classes
[INFO] Copying 2 resources from target/maven-shared-archive-resources to target/classes
[INFO] 
[INFO] --- resources:3.5.0:copy-resources (Copy frontend build to target) @ ozone-recon ---
[INFO] skip non existing resourceDirectory /home/runner/work/ozone/ozone/hadoop-ozone/recon/src/main/resources/webapps/recon/ozone-recon-web/build
[INFO] 
[INFO] --- resources:3.5.0:copy-resources (Copy frontend static files to target) @ ozone-recon ---
[INFO] skip non existing resourceDirectory /home/runner/work/ozone/ozone/hadoop-ozone/recon/src/main/resources/webapps/recon/ozone-recon-web/build/static
[INFO] 
[INFO] --- compiler:3.15.0:compile (default-compile) @ ozone-recon ---
[INFO] Compiling 314 source files with javac [debug release 8] to target/classes
[WARNING] source value 8 is obsolete and will be removed in a future release
[WARNING] target value 8 is obsolete and will be removed in a future release
[WARNING] To suppress warnings about obsolete options, use -Xlint:-options.
[INFO] /home/runner/work/ozone/ozone/hadoop-ozone/recon/src/main/java/org/apache/hadoop/ozone/recon/ReconUtils.java: Some input files use or override a deprecated API.
[INFO] /home/runner/work/ozone/ozone/hadoop-ozone/recon/src/main/java/org/apache/hadoop/ozone/recon/ReconUtils.java: Recompile with -Xlint:deprecation for details.
[INFO] /home/runner/work/ozone/ozone/hadoop-ozone/recon/src/main/java/org/apache/hadoop/ozone/recon/tasks/NSSummaryTaskWithFSO.java: Some input files use unchecked or unsafe operations.
[INFO] /home/runner/work/ozone/ozone/hadoop-ozone/recon/src/main/java/org/apache/hadoop/ozone/recon/tasks/NSSummaryTaskWithFSO.java: Recompile with -Xlint:unchecked for details.
[INFO] 
[INFO] --- resources:3.5.0:testResources (default-testResources) @ ozone-recon ---
[INFO] Copying 2 resources from src/test/resources to target/test-classes
[INFO] Copying 2 resources from target/maven-shared-archive-resources to target/test-classes
[INFO] 
[INFO] --- compiler:3.15.0:testCompile (default-testCompile) @ ozone-recon ---
[INFO] Compiling 113 source files with javac [debug release 8] to target/test-classes
[WARNING] source value 8 is obsolete and will be removed in a future release
[WARNING] target value 8 is obsolete and will be removed in a future release
[WARNING] To suppress warnings about obsolete options, use -Xlint:-options.
[INFO] /home/runner/work/ozone/ozone/hadoop-ozone/recon/src/test/java/org/apache/hadoop/ozone/recon/OMMetadataManagerTestUtils.java: Some input files use or override a deprecated API.
[INFO] /home/runner/work/ozone/ozone/hadoop-ozone/recon/src/test/java/org/apache/hadoop/ozone/recon/OMMetadataManagerTestUtils.java: Recompile with -Xlint:deprecation for details.
[INFO] /home/runner/work/ozone/ozone/hadoop-ozone/recon/src/test/java/org/apache/hadoop/ozone/recon/OMMetadataManagerTestUtils.java: Some input files use unchecked or unsafe operations.
[INFO] /home/runner/work/ozone/ozone/hadoop-ozone/recon/src/test/java/org/apache/hadoop/ozone/recon/OMMetadataManagerTestUtils.java: Recompile with -Xlint:unchecked for details.
[INFO] 
[INFO] --- surefire:3.5.2:test (default-test) @ ozone-recon ---
[INFO] Using auto detected provider org.apache.maven.surefire.junitplatform.JUnitPlatformProvider
[INFO] Using auto detected provider org.apache.maven.surefire.junitplatform.JUnitPlatformProvider
[INFO] 
[INFO] --- dependency:3.11.0:copy-dependencies (copy-jars) @ ozone-recon ---
[INFO] 
[INFO] ------------------< org.apache.ozone:ozone-cli-debug >------------------
[INFO] Building Apache Ozone Debug Tools 2.3.0-SNAPSHOT                 [36/55]
[INFO]   from hadoop-ozone/cli-debug/pom.xml
[INFO] --------------------------------[ jar ]---------------------------------
[INFO] 
[INFO] --- sortpom:3.0.1:verify (default) @ ozone-cli-debug ---
[INFO] Verifying file /home/runner/work/ozone/ozone/hadoop-ozone/cli-debug/pom.xml
[INFO] 
[INFO] --- jacoco:0.8.15:prepare-agent (default-prepare-agent) @ ozone-cli-debug ---
[INFO] argLine set to -javaagent:/home/runner/.m2/repository/org/jacoco/org.jacoco.agent/0.8.15/org.jacoco.agent-0.8.15-runtime.jar=destfile=/home/runner/work/ozone/ozone/hadoop-ozone/cli-debug/target/jacoco.exec,includes=org.apache.hadoop.hdds.*:org.apache.hadoop.ozone.*:org.apache.hadoop.fs.ozone.*:org.apache.ozone.*:org.apache.hadoop.io_.*:org.apache.hadoop.ipc_.*:org.apache.hadoop.security_.*
[INFO] 
[INFO] --- enforcer:3.6.3:enforce (banned-rocksdb-imports) @ ozone-cli-debug ---
[INFO] Rule 0: org.apache.maven.plugins.enforcer.RestrictImports passed
[INFO] 
[INFO] --- enforcer:3.6.3:enforce (ban-imports) @ ozone-cli-debug ---
[INFO] Rule 0: org.apache.maven.plugins.enforcer.RestrictImports passed
[INFO] Rule 1: org.apache.maven.plugins.enforcer.RestrictImports passed
[INFO] Rule 2: org.apache.maven.plugins.enforcer.RestrictImports passed
[INFO] Rule 3: org.apache.maven.plugins.enforcer.RestrictImports passed
[INFO] Rule 4: org.apache.maven.plugins.enforcer.RestrictImports passed
[WARNING] EXPERIMENTAL FEATURE enabled. You have enabled full-compilation-unit parsing. Please be aware that experimental features might get removed or changed. Please share your feedback!
[INFO] Rule 5: org.apache.maven.plugins.enforcer.RestrictImports passed
[INFO] Rule 6: org.apache.maven.plugins.enforcer.RestrictImports passed
[INFO] Rule 7: org.apache.maven.plugins.enforcer.RestrictImports passed
[INFO] Rule 8: org.apache.maven.plugins.enforcer.RestrictImports passed
[INFO] Rule 9: org.apache.maven.plugins.enforcer.RestrictImports passed
[INFO] Rule 10: org.apache.maven.plugins.enforcer.RestrictImports passed
[INFO] Rule 11: org.apache.maven.plugins.enforcer.RestrictImports passed
[INFO] Rule 12: org.apache.maven.plugins.enforcer.RestrictImports passed
[INFO] 
[INFO] --- enforcer:3.6.3:enforce (ban-annotations) @ ozone-cli-debug ---
[INFO] Rule 0: org.apache.maven.plugins.enforcer.RestrictImports passed
[INFO] 
[INFO] --- dependency:3.11.0:build-classpath (add-classpath-descriptor) @ ozone-cli-debug ---
[INFO] Wrote classpath file '/home/runner/work/ozone/ozone/hadoop-ozone/cli-debug/target/classes/ozone-cli-debug.classpath'.
[INFO] 
[INFO] --- remote-resources:3.3.0:process (default) @ ozone-cli-debug ---
[INFO] Preparing remote bundle org.apache.ozone:ozone-dev-support:2.3.0-SNAPSHOT
[INFO] Copying 2 resources from 1 bundle.
[INFO] 
[INFO] --- resources:3.5.0:resources (default-resources) @ ozone-cli-debug ---
[INFO] Copying 1 resource from src/main/resources to target/classes
[INFO] Copying 2 resources from target/maven-shared-archive-resources to target/classes
[INFO] 
[INFO] --- compiler:3.15.0:compile (default-compile) @ ozone-cli-debug ---
[INFO] Compiling 97 source files with javac [debug release 8] to target/classes
[WARNING] source value 8 is obsolete and will be removed in a future release
[WARNING] target value 8 is obsolete and will be removed in a future release
[WARNING] To suppress warnings about obsolete options, use -Xlint:-options.
[INFO] Writing META-INF/services/org.apache.hadoop.hdds.cli.DebugSubcommand
[INFO] /home/runner/work/ozone/ozone/hadoop-ozone/cli-debug/src/main/java/org/apache/hadoop/ozone/debug/ldb/DBScanner.java: Some input files use or override a deprecated API.
[INFO] /home/runner/work/ozone/ozone/hadoop-ozone/cli-debug/src/main/java/org/apache/hadoop/ozone/debug/ldb/DBScanner.java: Recompile with -Xlint:deprecation for details.
[INFO] /home/runner/work/ozone/ozone/hadoop-ozone/cli-debug/src/main/java/org/apache/hadoop/ozone/debug/ldb/DBScanner.java: /home/runner/work/ozone/ozone/hadoop-ozone/cli-debug/src/main/java/org/apache/hadoop/ozone/debug/ldb/DBScanner.java uses unchecked or unsafe operations.
[INFO] /home/runner/work/ozone/ozone/hadoop-ozone/cli-debug/src/main/java/org/apache/hadoop/ozone/debug/ldb/DBScanner.java: Recompile with -Xlint:unchecked for details.
[INFO] 
[INFO] --- resources:3.5.0:testResources (default-testResources) @ ozone-cli-debug ---
[INFO] Copying 4 resources from src/test/resources to target/test-classes
[INFO] Copying 2 resources from target/maven-shared-archive-resources to target/test-classes
[INFO] 
[INFO] --- compiler:3.15.0:testCompile (default-testCompile) @ ozone-cli-debug ---
[INFO] Compiling 12 source files with javac [debug release 8] to target/test-classes
[WARNING] source value 8 is obsolete and will be removed in a future release
[WARNING] target value 8 is obsolete and will be removed in a future release
[WARNING] To suppress warnings about obsolete options, use -Xlint:-options.
[INFO] /home/runner/work/ozone/ozone/hadoop-ozone/cli-debug/src/test/java/org/apache/hadoop/ozone/debug/audit/parser/TestAuditParser.java: /home/runner/work/ozone/ozone/hadoop-ozone/cli-debug/src/test/java/org/apache/hadoop/ozone/debug/audit/parser/TestAuditParser.java uses or overrides a deprecated API.
[INFO] /home/runner/work/ozone/ozone/hadoop-ozone/cli-debug/src/test/java/org/apache/hadoop/ozone/debug/audit/parser/TestAuditParser.java: Recompile with -Xlint:deprecation for details.
[INFO] /home/runner/work/ozone/ozone/hadoop-ozone/cli-debug/src/test/java/org/apache/hadoop/ozone/debug/audit/parser/TestAuditParser.java: /home/runner/work/ozone/ozone/hadoop-ozone/cli-debug/src/test/java/org/apache/hadoop/ozone/debug/audit/parser/TestAuditParser.java uses unchecked or unsafe operations.
[INFO] /home/runner/work/ozone/ozone/hadoop-ozone/cli-debug/src/test/java/org/apache/hadoop/ozone/debug/audit/parser/TestAuditParser.java: Recompile with -Xlint:unchecked for details.
[INFO] 
[INFO] --- surefire:3.5.2:test (default-test) @ ozone-cli-debug ---
[INFO] Using auto detected provider org.apache.maven.surefire.junitplatform.JUnitPlatformProvider
[INFO] Using auto detected provider org.apache.maven.surefire.junitplatform.JUnitPlatformProvider
[INFO] 
[INFO] --- dependency:3.11.0:copy-dependencies (copy-jars) @ ozone-cli-debug ---
[INFO] 
[INFO] ---------------< org.apache.ozone:ozone-cli-interactive >---------------
[INFO] Building Apache Ozone CLI Interactive 2.3.0-SNAPSHOT             [37/55]
[INFO]   from hadoop-ozone/cli-interactive/pom.xml
[INFO] --------------------------------[ jar ]---------------------------------
[INFO] 
[INFO] --- sortpom:3.0.1:verify (default) @ ozone-cli-interactive ---
[INFO] Verifying file /home/runner/work/ozone/ozone/hadoop-ozone/cli-interactive/pom.xml
[INFO] 
[INFO] --- jacoco:0.8.15:prepare-agent (default-prepare-agent) @ ozone-cli-interactive ---
[INFO] argLine set to -javaagent:/home/runner/.m2/repository/org/jacoco/org.jacoco.agent/0.8.15/org.jacoco.agent-0.8.15-runtime.jar=destfile=/home/runner/work/ozone/ozone/hadoop-ozone/cli-interactive/target/jacoco.exec,includes=org.apache.hadoop.hdds.*:org.apache.hadoop.ozone.*:org.apache.hadoop.fs.ozone.*:org.apache.ozone.*:org.apache.hadoop.io_.*:org.apache.hadoop.ipc_.*:org.apache.hadoop.security_.*
[INFO] 
[INFO] --- enforcer:3.6.3:enforce (banned-rocksdb-imports) @ ozone-cli-interactive ---
[INFO] Rule 0: org.apache.maven.plugins.enforcer.RestrictImports passed
[INFO] 
[INFO] --- enforcer:3.6.3:enforce (ban-imports) @ ozone-cli-interactive ---
[INFO] Rule 0: org.apache.maven.plugins.enforcer.RestrictImports passed
[INFO] Rule 1: org.apache.maven.plugins.enforcer.RestrictImports passed
[INFO] Rule 2: org.apache.maven.plugins.enforcer.RestrictImports passed
[INFO] Rule 3: org.apache.maven.plugins.enforcer.RestrictImports passed
[INFO] Rule 4: org.apache.maven.plugins.enforcer.RestrictImports passed
[WARNING] EXPERIMENTAL FEATURE enabled. You have enabled full-compilation-unit parsing. Please be aware that experimental features might get removed or changed. Please share your feedback!
[INFO] Rule 5: org.apache.maven.plugins.enforcer.RestrictImports passed
[INFO] Rule 6: org.apache.maven.plugins.enforcer.RestrictImports passed
[INFO] Rule 7: org.apache.maven.plugins.enforcer.RestrictImports passed
[INFO] Rule 8: org.apache.maven.plugins.enforcer.RestrictImports passed
[INFO] Rule 9: org.apache.maven.plugins.enforcer.RestrictImports passed
[INFO] Rule 10: org.apache.maven.plugins.enforcer.RestrictImports passed
[INFO] Rule 11: org.apache.maven.plugins.enforcer.RestrictImports passed
[INFO] Rule 12: org.apache.maven.plugins.enforcer.RestrictImports passed
[INFO] 
[INFO] --- enforcer:3.6.3:enforce (ban-annotations) @ ozone-cli-interactive ---
[INFO] Rule 0: org.apache.maven.plugins.enforcer.RestrictImports passed
[INFO] 
[INFO] --- dependency:3.11.0:build-classpath (add-classpath-descriptor) @ ozone-cli-interactive ---
[INFO] Wrote classpath file '/home/runner/work/ozone/ozone/hadoop-ozone/cli-interactive/target/classes/ozone-cli-interactive.classpath'.
[INFO] 
[INFO] --- remote-resources:3.3.0:process (default) @ ozone-cli-interactive ---
[INFO] Preparing remote bundle org.apache.ozone:ozone-dev-support:2.3.0-SNAPSHOT
[INFO] Copying 2 resources from 1 bundle.
[INFO] 
[INFO] --- resources:3.5.0:resources (default-resources) @ ozone-cli-interactive ---
[INFO] skip non existing resourceDirectory /home/runner/work/ozone/ozone/hadoop-ozone/cli-interactive/src/main/resources
[INFO] Copying 2 resources from target/maven-shared-archive-resources to target/classes
[INFO] 
[INFO] --- compiler:3.15.0:compile (default-compile) @ ozone-cli-interactive ---
[INFO] Compiling 2 source files with javac [debug release 8] to target/classes
[WARNING] source value 8 is obsolete and will be removed in a future release
[WARNING] target value 8 is obsolete and will be removed in a future release
[WARNING] To suppress warnings about obsolete options, use -Xlint:-options.
[INFO] 
[INFO] --- resources:3.5.0:testResources (default-testResources) @ ozone-cli-interactive ---
[INFO] skip non existing resourceDirectory /home/runner/work/ozone/ozone/hadoop-ozone/cli-interactive/src/test/resources
[INFO] Copying 2 resources from target/maven-shared-archive-resources to target/test-classes
[INFO] 
[INFO] --- compiler:3.15.0:testCompile (default-testCompile) @ ozone-cli-interactive ---
[INFO] No sources to compile
[INFO] 
[INFO] --- surefire:3.5.2:test (default-test) @ ozone-cli-interactive ---
[INFO] Using auto detected provider org.apache.maven.surefire.junitplatform.JUnitPlatformProvider
[INFO] 
[INFO] --- dependency:3.11.0:copy-dependencies (copy-jars) @ ozone-cli-interactive ---
[INFO] 
[INFO] -----------------< org.apache.ozone:ozone-cli-repair >------------------
[INFO] Building Apache Ozone Repair Tools 2.3.0-SNAPSHOT                [38/55]
[INFO]   from hadoop-ozone/cli-repair/pom.xml
[INFO] --------------------------------[ jar ]---------------------------------
[INFO] 
[INFO] --- sortpom:3.0.1:verify (default) @ ozone-cli-repair ---
[INFO] Verifying file /home/runner/work/ozone/ozone/hadoop-ozone/cli-repair/pom.xml
[INFO] 
[INFO] --- jacoco:0.8.15:prepare-agent (default-prepare-agent) @ ozone-cli-repair ---
[INFO] argLine set to -javaagent:/home/runner/.m2/repository/org/jacoco/org.jacoco.agent/0.8.15/org.jacoco.agent-0.8.15-runtime.jar=destfile=/home/runner/work/ozone/ozone/hadoop-ozone/cli-repair/target/jacoco.exec,includes=org.apache.hadoop.hdds.*:org.apache.hadoop.ozone.*:org.apache.hadoop.fs.ozone.*:org.apache.ozone.*:org.apache.hadoop.io_.*:org.apache.hadoop.ipc_.*:org.apache.hadoop.security_.*
[INFO] 
[INFO] --- enforcer:3.6.3:enforce (banned-rocksdb-imports) @ ozone-cli-repair ---
[INFO] Rule 0: org.apache.maven.plugins.enforcer.RestrictImports passed
[INFO] 
[INFO] --- enforcer:3.6.3:enforce (ban-imports) @ ozone-cli-repair ---
[INFO] Rule 0: org.apache.maven.plugins.enforcer.RestrictImports passed
[INFO] Rule 1: org.apache.maven.plugins.enforcer.RestrictImports passed
[INFO] Rule 2: org.apache.maven.plugins.enforcer.RestrictImports passed
[INFO] Rule 3: org.apache.maven.plugins.enforcer.RestrictImports passed
[INFO] Rule 4: org.apache.maven.plugins.enforcer.RestrictImports passed
[WARNING] EXPERIMENTAL FEATURE enabled. You have enabled full-compilation-unit parsing. Please be aware that experimental features might get removed or changed. Please share your feedback!
[INFO] Rule 5: org.apache.maven.plugins.enforcer.RestrictImports passed
[INFO] Rule 6: org.apache.maven.plugins.enforcer.RestrictImports passed
[INFO] Rule 7: org.apache.maven.plugins.enforcer.RestrictImports passed
[INFO] Rule 8: org.apache.maven.plugins.enforcer.RestrictImports passed
[INFO] Rule 9: org.apache.maven.plugins.enforcer.RestrictImports passed
[INFO] Rule 10: org.apache.maven.plugins.enforcer.RestrictImports passed
[INFO] Rule 11: org.apache.maven.plugins.enforcer.RestrictImports passed
[INFO] Rule 12: org.apache.maven.plugins.enforcer.RestrictImports passed
[INFO] 
[INFO] --- enforcer:3.6.3:enforce (ban-annotations) @ ozone-cli-repair ---
[INFO] Rule 0: org.apache.maven.plugins.enforcer.RestrictImports passed
[INFO] 
[INFO] --- dependency:3.11.0:build-classpath (add-classpath-descriptor) @ ozone-cli-repair ---
[INFO] Wrote classpath file '/home/runner/work/ozone/ozone/hadoop-ozone/cli-repair/target/classes/ozone-cli-repair.classpath'.
[INFO] 
[INFO] --- remote-resources:3.3.0:process (default) @ ozone-cli-repair ---
[INFO] Preparing remote bundle org.apache.ozone:ozone-dev-support:2.3.0-SNAPSHOT
[INFO] Copying 2 resources from 1 bundle.
[INFO] 
[INFO] --- resources:3.5.0:resources (default-resources) @ ozone-cli-repair ---
[INFO] skip non existing resourceDirectory /home/runner/work/ozone/ozone/hadoop-ozone/cli-repair/src/main/resources
[INFO] Copying 2 resources from target/maven-shared-archive-resources to target/classes
[INFO] 
[INFO] --- compiler:3.15.0:compile (default-compile) @ ozone-cli-repair ---
[INFO] Compiling 31 source files with javac [debug release 8] to target/classes
[WARNING] source value 8 is obsolete and will be removed in a future release
[WARNING] target value 8 is obsolete and will be removed in a future release
[WARNING] To suppress warnings about obsolete options, use -Xlint:-options.
[INFO] Writing META-INF/services/org.apache.hadoop.hdds.cli.RepairSubcommand
[INFO] 
[INFO] --- resources:3.5.0:testResources (default-testResources) @ ozone-cli-repair ---
[INFO] skip non existing resourceDirectory /home/runner/work/ozone/ozone/hadoop-ozone/cli-repair/src/test/resources
[INFO] Copying 2 resources from target/maven-shared-archive-resources to target/test-classes
[INFO] 
[INFO] --- compiler:3.15.0:testCompile (default-testCompile) @ ozone-cli-repair ---
[INFO] Compiling 6 source files with javac [debug release 8] to target/test-classes
[WARNING] source value 8 is obsolete and will be removed in a future release
[WARNING] target value 8 is obsolete and will be removed in a future release
[WARNING] To suppress warnings about obsolete options, use -Xlint:-options.
[INFO] /home/runner/work/ozone/ozone/hadoop-ozone/cli-repair/src/test/java/org/apache/hadoop/ozone/repair/ldb/TestLdbRepair.java: /home/runner/work/ozone/ozone/hadoop-ozone/cli-repair/src/test/java/org/apache/hadoop/ozone/repair/ldb/TestLdbRepair.java uses or overrides a deprecated API.
[INFO] /home/runner/work/ozone/ozone/hadoop-ozone/cli-repair/src/test/java/org/apache/hadoop/ozone/repair/ldb/TestLdbRepair.java: Recompile with -Xlint:deprecation for details.
[INFO] 
[INFO] --- surefire:3.5.2:test (default-test) @ ozone-cli-repair ---
[INFO] Using auto detected provider org.apache.maven.surefire.junitplatform.JUnitPlatformProvider
[INFO] Using auto detected provider org.apache.maven.surefire.junitplatform.JUnitPlatformProvider
[INFO] 
[INFO] --- dependency:3.11.0:copy-dependencies (copy-jars) @ ozone-cli-repair ---
[INFO] 
[INFO] ------------------< org.apache.ozone:ozone-datanode >-------------------
[INFO] Building Apache Ozone Datanode 2.3.0-SNAPSHOT                    [39/55]
[INFO]   from hadoop-ozone/datanode/pom.xml
[INFO] --------------------------------[ jar ]---------------------------------
[INFO] 
[INFO] --- sortpom:3.0.1:verify (default) @ ozone-datanode ---
[INFO] Verifying file /home/runner/work/ozone/ozone/hadoop-ozone/datanode/pom.xml
[INFO] 
[INFO] --- jacoco:0.8.15:prepare-agent (default-prepare-agent) @ ozone-datanode ---
[INFO] argLine set to -javaagent:/home/runner/.m2/repository/org/jacoco/org.jacoco.agent/0.8.15/org.jacoco.agent-0.8.15-runtime.jar=destfile=/home/runner/work/ozone/ozone/hadoop-ozone/datanode/target/jacoco.exec,includes=org.apache.hadoop.hdds.*:org.apache.hadoop.ozone.*:org.apache.hadoop.fs.ozone.*:org.apache.ozone.*:org.apache.hadoop.io_.*:org.apache.hadoop.ipc_.*:org.apache.hadoop.security_.*
[INFO] 
[INFO] --- enforcer:3.6.3:enforce (banned-rocksdb-imports) @ ozone-datanode ---
[INFO] Rule 0: org.apache.maven.plugins.enforcer.RestrictImports passed
[INFO] 
[INFO] --- enforcer:3.6.3:enforce (ban-imports) @ ozone-datanode ---
[INFO] Rule 0: org.apache.maven.plugins.enforcer.RestrictImports passed
[INFO] Rule 1: org.apache.maven.plugins.enforcer.RestrictImports passed
[INFO] Rule 2: org.apache.maven.plugins.enforcer.RestrictImports passed
[INFO] Rule 3: org.apache.maven.plugins.enforcer.RestrictImports passed
[INFO] Rule 4: org.apache.maven.plugins.enforcer.RestrictImports passed
[WARNING] EXPERIMENTAL FEATURE enabled. You have enabled full-compilation-unit parsing. Please be aware that experimental features might get removed or changed. Please share your feedback!
[INFO] Rule 5: org.apache.maven.plugins.enforcer.RestrictImports passed
[INFO] Rule 6: org.apache.maven.plugins.enforcer.RestrictImports passed
[INFO] Rule 7: org.apache.maven.plugins.enforcer.RestrictImports passed
[INFO] Rule 8: org.apache.maven.plugins.enforcer.RestrictImports passed
[INFO] Rule 9: org.apache.maven.plugins.enforcer.RestrictImports passed
[INFO] Rule 10: org.apache.maven.plugins.enforcer.RestrictImports passed
[INFO] Rule 11: org.apache.maven.plugins.enforcer.RestrictImports passed
[INFO] Rule 12: org.apache.maven.plugins.enforcer.RestrictImports passed
[INFO] 
[INFO] --- enforcer:3.6.3:enforce (ban-annotations) @ ozone-datanode ---
[INFO] Rule 0: org.apache.maven.plugins.enforcer.RestrictImports passed
[INFO] 
[INFO] --- remote-resources:3.3.0:process (default) @ ozone-datanode ---
[INFO] Preparing remote bundle org.apache.ozone:ozone-dev-support:2.3.0-SNAPSHOT
[INFO] Copying 2 resources from 1 bundle.
[INFO] 
[INFO] --- resources:3.5.0:resources (default-resources) @ ozone-datanode ---
[INFO] skip non existing resourceDirectory /home/runner/work/ozone/ozone/hadoop-ozone/datanode/src/main/resources
[INFO] Copying 2 resources from target/maven-shared-archive-resources to target/classes
[INFO] 
[INFO] --- compiler:3.15.0:compile (default-compile) @ ozone-datanode ---
[INFO] No sources to compile
[INFO] 
[INFO] --- resources:3.5.0:testResources (default-testResources) @ ozone-datanode ---
[INFO] Not copying test resources
[INFO] 
[INFO] --- compiler:3.15.0:testCompile (default-testCompile) @ ozone-datanode ---
[INFO] Skipped
[INFO] 
[INFO] --- surefire:3.5.2:test (default-test) @ ozone-datanode ---
[INFO] Skipped
[INFO] 
[INFO] --- dependency:3.11.0:build-classpath (add-classpath-descriptor) @ ozone-datanode ---
[INFO] Wrote classpath file '/home/runner/work/ozone/ozone/hadoop-ozone/datanode/target/classes/ozone-datanode.classpath'.
[INFO] 
[INFO] --- dependency:3.11.0:copy-dependencies (copy-jars) @ ozone-datanode ---
[INFO] 
[INFO] --- jar:3.5.1:jar (default-jar) @ ozone-datanode ---
[INFO] Building jar: /home/runner/work/ozone/ozone/hadoop-ozone/datanode/target/ozone-datanode-2.3.0-SNAPSHOT.jar
[INFO] 
[INFO] --- jar:3.5.1:test-jar (default) @ ozone-datanode ---
[INFO] Skipping packaging of the test-jar
[INFO] 
[INFO] --- dependency:3.11.0:analyze-only (analyze) @ ozone-datanode ---
[INFO] No dependency problems found
[INFO] 
[INFO] --------------------< org.apache.ozone:ozone-freon >--------------------
[INFO] Building Apache Ozone Freon 2.3.0-SNAPSHOT                       [40/55]
[INFO]   from hadoop-ozone/freon/pom.xml
[INFO] --------------------------------[ jar ]---------------------------------
[INFO] 
[INFO] --- sortpom:3.0.1:verify (default) @ ozone-freon ---
[INFO] Verifying file /home/runner/work/ozone/ozone/hadoop-ozone/freon/pom.xml
[INFO] 
[INFO] --- jacoco:0.8.15:prepare-agent (default-prepare-agent) @ ozone-freon ---
[INFO] argLine set to -javaagent:/home/runner/.m2/repository/org/jacoco/org.jacoco.agent/0.8.15/org.jacoco.agent-0.8.15-runtime.jar=destfile=/home/runner/work/ozone/ozone/hadoop-ozone/freon/target/jacoco.exec,includes=org.apache.hadoop.hdds.*:org.apache.hadoop.ozone.*:org.apache.hadoop.fs.ozone.*:org.apache.ozone.*:org.apache.hadoop.io_.*:org.apache.hadoop.ipc_.*:org.apache.hadoop.security_.*
[INFO] 
[INFO] --- enforcer:3.6.3:enforce (banned-rocksdb-imports) @ ozone-freon ---
[INFO] Rule 0: org.apache.maven.plugins.enforcer.RestrictImports passed
[INFO] 
[INFO] --- enforcer:3.6.3:enforce (ban-imports) @ ozone-freon ---
[INFO] Rule 0: org.apache.maven.plugins.enforcer.RestrictImports passed
[INFO] Rule 1: org.apache.maven.plugins.enforcer.RestrictImports passed
[INFO] Rule 2: org.apache.maven.plugins.enforcer.RestrictImports passed
[INFO] Rule 3: org.apache.maven.plugins.enforcer.RestrictImports passed
[INFO] Rule 4: org.apache.maven.plugins.enforcer.RestrictImports passed
[WARNING] EXPERIMENTAL FEATURE enabled. You have enabled full-compilation-unit parsing. Please be aware that experimental features might get removed or changed. Please share your feedback!
[INFO] Rule 5: org.apache.maven.plugins.enforcer.RestrictImports passed
[INFO] Rule 6: org.apache.maven.plugins.enforcer.RestrictImports passed
[INFO] Rule 7: org.apache.maven.plugins.enforcer.RestrictImports passed
[INFO] Rule 8: org.apache.maven.plugins.enforcer.RestrictImports passed
[INFO] Rule 9: org.apache.maven.plugins.enforcer.RestrictImports passed
[INFO] Rule 10: org.apache.maven.plugins.enforcer.RestrictImports passed
[INFO] Rule 11: org.apache.maven.plugins.enforcer.RestrictImports passed
[INFO] Rule 12: org.apache.maven.plugins.enforcer.RestrictImports passed
[INFO] 
[INFO] --- enforcer:3.6.3:enforce (ban-annotations) @ ozone-freon ---
[INFO] Rule 0: org.apache.maven.plugins.enforcer.RestrictImports passed
[INFO] 
[INFO] --- dependency:3.11.0:build-classpath (add-classpath-descriptor) @ ozone-freon ---
[INFO] Wrote classpath file '/home/runner/work/ozone/ozone/hadoop-ozone/freon/target/classes/ozone-freon.classpath'.
[INFO] 
[INFO] --- remote-resources:3.3.0:process (default) @ ozone-freon ---
[INFO] Preparing remote bundle org.apache.ozone:ozone-dev-support:2.3.0-SNAPSHOT
[INFO] Copying 2 resources from 1 bundle.
[INFO] 
[INFO] --- resources:3.5.0:resources (default-resources) @ ozone-freon ---
[INFO] skip non existing resourceDirectory /home/runner/work/ozone/ozone/hadoop-ozone/freon/src/main/resources
[INFO] Copying 2 resources from target/maven-shared-archive-resources to target/classes
[INFO] 
[INFO] --- compiler:3.15.0:compile (default-compile) @ ozone-freon ---
[INFO] Compiling 43 source files with javac [debug release 8] to target/classes
[WARNING] source value 8 is obsolete and will be removed in a future release
[WARNING] target value 8 is obsolete and will be removed in a future release
[WARNING] To suppress warnings about obsolete options, use -Xlint:-options.
[INFO] Writing META-INF/services/org.apache.hadoop.ozone.freon.FreonSubcommand
[INFO] /home/runner/work/ozone/ozone/hadoop-ozone/freon/src/main/java/org/apache/hadoop/ozone/freon/OmMetadataGenerator.java: Some input files use or override a deprecated API.
[INFO] /home/runner/work/ozone/ozone/hadoop-ozone/freon/src/main/java/org/apache/hadoop/ozone/freon/OmMetadataGenerator.java: Recompile with -Xlint:deprecation for details.
[INFO] /home/runner/work/ozone/ozone/hadoop-ozone/freon/src/main/java/org/apache/hadoop/ozone/freon/RangeKeysGenerator.java: /home/runner/work/ozone/ozone/hadoop-ozone/freon/src/main/java/org/apache/hadoop/ozone/freon/RangeKeysGenerator.java uses unchecked or unsafe operations.
[INFO] /home/runner/work/ozone/ozone/hadoop-ozone/freon/src/main/java/org/apache/hadoop/ozone/freon/RangeKeysGenerator.java: Recompile with -Xlint:unchecked for details.
[INFO] 
[INFO] --- resources:3.5.0:testResources (default-testResources) @ ozone-freon ---
[INFO] skip non existing resourceDirectory /home/runner/work/ozone/ozone/hadoop-ozone/freon/src/test/resources
[INFO] Copying 2 resources from target/maven-shared-archive-resources to target/test-classes
[INFO] 
[INFO] --- compiler:3.15.0:testCompile (default-testCompile) @ ozone-freon ---
[INFO] Compiling 6 source files with javac [debug release 8] to target/test-classes
[WARNING] source value 8 is obsolete and will be removed in a future release
[WARNING] target value 8 is obsolete and will be removed in a future release
[WARNING] To suppress warnings about obsolete options, use -Xlint:-options.
[INFO] 
[INFO] --- surefire:3.5.2:test (default-test) @ ozone-freon ---
[INFO] Using auto detected provider org.apache.maven.surefire.junitplatform.JUnitPlatformProvider
[INFO] Using auto detected provider org.apache.maven.surefire.junitplatform.JUnitPlatformProvider
[INFO] 
[INFO] --- dependency:3.11.0:copy-dependencies (copy-jars) @ ozone-freon ---
[INFO] 
[INFO] --- jar:3.5.1:jar (default-jar) @ ozone-freon ---
[INFO] Building jar: /home/runner/work/ozone/ozone/hadoop-ozone/freon/target/ozone-freon-2.3.0-SNAPSHOT.jar
[INFO] 
[INFO] --- jar:3.5.1:test-jar (default) @ ozone-freon ---
[INFO] Building jar: /home/runner/work/ozone/ozone/hadoop-ozone/freon/target/ozone-freon-2.3.0-SNAPSHOT-tests.jar
[INFO] 
[INFO] --- dependency:3.11.0:analyze-only (analyze) @ ozone-freon ---
[INFO] No dependency problems found
[INFO] 
[INFO] ----------------< org.apache.ozone:ozone-httpfsgateway >----------------
[INFO] Building Apache Ozone HttpFS 2.3.0-SNAPSHOT                      [41/55]
[INFO]   from hadoop-ozone/httpfsgateway/pom.xml
[INFO] --------------------------------[ jar ]---------------------------------
[INFO] 
[INFO] --- sortpom:3.0.1:verify (default) @ ozone-httpfsgateway ---
[INFO] Verifying file /home/runner/work/ozone/ozone/hadoop-ozone/httpfsgateway/pom.xml
[INFO] 
[INFO] --- jacoco:0.8.15:prepare-agent (default-prepare-agent) @ ozone-httpfsgateway ---
[INFO] argLine set to -javaagent:/home/runner/.m2/repository/org/jacoco/org.jacoco.agent/0.8.15/org.jacoco.agent-0.8.15-runtime.jar=destfile=/home/runner/work/ozone/ozone/hadoop-ozone/httpfsgateway/target/jacoco.exec,includes=org.apache.hadoop.hdds.*:org.apache.hadoop.ozone.*:org.apache.hadoop.fs.ozone.*:org.apache.ozone.*:org.apache.hadoop.io_.*:org.apache.hadoop.ipc_.*:org.apache.hadoop.security_.*
[INFO] 
[INFO] --- enforcer:3.6.3:enforce (banned-rocksdb-imports) @ ozone-httpfsgateway ---
[INFO] Rule 0: org.apache.maven.plugins.enforcer.RestrictImports passed
[INFO] 
[INFO] --- enforcer:3.6.3:enforce (ban-imports) @ ozone-httpfsgateway ---
[INFO] Rule 0: org.apache.maven.plugins.enforcer.RestrictImports passed
[INFO] Rule 1: org.apache.maven.plugins.enforcer.RestrictImports passed
[INFO] Rule 2: org.apache.maven.plugins.enforcer.RestrictImports passed
[INFO] Rule 3: org.apache.maven.plugins.enforcer.RestrictImports passed
[INFO] Rule 4: org.apache.maven.plugins.enforcer.RestrictImports passed
[WARNING] EXPERIMENTAL FEATURE enabled. You have enabled full-compilation-unit parsing. Please be aware that experimental features might get removed or changed. Please share your feedback!
[INFO] Rule 5: org.apache.maven.plugins.enforcer.RestrictImports passed
[INFO] Rule 6: org.apache.maven.plugins.enforcer.RestrictImports passed
[INFO] Rule 7: org.apache.maven.plugins.enforcer.RestrictImports passed
[INFO] Rule 8: org.apache.maven.plugins.enforcer.RestrictImports passed
[INFO] Rule 9: org.apache.maven.plugins.enforcer.RestrictImports passed
[INFO] Rule 10: org.apache.maven.plugins.enforcer.RestrictImports passed
[INFO] Rule 11: org.apache.maven.plugins.enforcer.RestrictImports passed
[INFO] Rule 12: org.apache.maven.plugins.enforcer.RestrictImports passed
[INFO] 
[INFO] --- enforcer:3.6.3:enforce (ban-annotations) @ ozone-httpfsgateway ---
[INFO] Rule 0: org.apache.maven.plugins.enforcer.RestrictImports passed
[INFO] 
[INFO] --- dependency:3.11.0:build-classpath (add-classpath-descriptor) @ ozone-httpfsgateway ---
[INFO] Wrote classpath file '/home/runner/work/ozone/ozone/hadoop-ozone/httpfsgateway/target/classes/ozone-httpfsgateway.classpath'.
[INFO] 
[INFO] --- remote-resources:3.3.0:process (default) @ ozone-httpfsgateway ---
[INFO] Preparing remote bundle org.apache.ozone:ozone-dev-support:2.3.0-SNAPSHOT
[INFO] Copying 2 resources from 1 bundle.
[INFO] 
[INFO] --- resources:3.5.0:resources (default-resources) @ ozone-httpfsgateway ---
[INFO] Copying 1 resource from src/main/resources to target/classes
[INFO] Copying 4 resources from src/main/resources to target/classes
[INFO] Copying 2 resources from target/maven-shared-archive-resources to target/classes
[INFO] The encoding used to copy filtered properties files has not been set. This means that the same encoding will be used to copy filtered properties files as when copying other filtered resources. This might not be what you want! Run your build with --debug to see which files might be affected. Read more at https://maven.apache.org/plugins/maven-resources-plugin/examples/filtering-properties-files.html
[INFO] 
[INFO] --- compiler:3.15.0:compile (default-compile) @ ozone-httpfsgateway ---
[INFO] Compiling 62 source files with javac [debug release 8] to target/classes
[WARNING] source value 8 is obsolete and will be removed in a future release
[WARNING] target value 8 is obsolete and will be removed in a future release
[WARNING] To suppress warnings about obsolete options, use -Xlint:-options.
[INFO] /home/runner/work/ozone/ozone/hadoop-ozone/httpfsgateway/src/main/java/org/apache/ozone/fs/http/server/FSOperations.java: Some input files use or override a deprecated API.
[INFO] /home/runner/work/ozone/ozone/hadoop-ozone/httpfsgateway/src/main/java/org/apache/ozone/fs/http/server/FSOperations.java: Recompile with -Xlint:deprecation for details.
[INFO] /home/runner/work/ozone/ozone/hadoop-ozone/httpfsgateway/src/main/java/org/apache/ozone/lib/wsrs/ParametersProvider.java: Some input files use unchecked or unsafe operations.
[INFO] /home/runner/work/ozone/ozone/hadoop-ozone/httpfsgateway/src/main/java/org/apache/ozone/lib/wsrs/ParametersProvider.java: Recompile with -Xlint:unchecked for details.
[INFO] 
[INFO] --- antrun:3.2.0:run (create-web-xmls) @ ozone-httpfsgateway ---
[INFO] Executing tasks
[INFO]     [mkdir] Created dir: /home/runner/work/ozone/ozone/hadoop-ozone/httpfsgateway/target/test-classes/webapp
[INFO]      [copy] Copying 1 file to /home/runner/work/ozone/ozone/hadoop-ozone/httpfsgateway/target/test-classes/webapp
[INFO] Executed tasks
[INFO] 
[INFO] --- resources:3.5.0:testResources (default-testResources) @ ozone-httpfsgateway ---
[INFO] Copying 1 resource from src/test/resources to target/test-classes
[INFO] Copying 1 resource from src/test/resources to target/test-classes
[INFO] Copying 2 resources from target/maven-shared-archive-resources to target/test-classes
[INFO] The encoding used to copy filtered properties files has not been set. This means that the same encoding will be used to copy filtered properties files as when copying other filtered resources. This might not be what you want! Run your build with --debug to see which files might be affected. Read more at https://maven.apache.org/plugins/maven-resources-plugin/examples/filtering-properties-files.html
[INFO] 
[INFO] --- compiler:3.15.0:testCompile (default-testCompile) @ ozone-httpfsgateway ---
[INFO] Compiling 3 source files with javac [debug release 8] to target/test-classes
[WARNING] source value 8 is obsolete and will be removed in a future release
[WARNING] target value 8 is obsolete and will be removed in a future release
[WARNING] To suppress warnings about obsolete options, use -Xlint:-options.
[INFO] 
[INFO] --- surefire:3.5.2:test (default-test) @ ozone-httpfsgateway ---
[INFO] Using auto detected provider org.apache.maven.surefire.junitplatform.JUnitPlatformProvider
[INFO] Using auto detected provider org.apache.maven.surefire.junitplatform.JUnitPlatformProvider
[INFO] 
[INFO] --- dependency:3.11.0:copy-dependencies (copy-jars) @ ozone-httpfsgateway ---
[INFO] 
[INFO] --- jar:3.5.1:jar (default-jar) @ ozone-httpfsgateway ---
[INFO] Building jar: /home/runner/work/ozone/ozone/hadoop-ozone/httpfsgateway/target/ozone-httpfsgateway-2.3.0-SNAPSHOT.jar
[INFO] 
[INFO] --- jar:3.5.1:test-jar (default) @ ozone-httpfsgateway ---
[INFO] Building jar: /home/runner/work/ozone/ozone/hadoop-ozone/httpfsgateway/target/ozone-httpfsgateway-2.3.0-SNAPSHOT-tests.jar
[INFO] 
[INFO] --- dependency:3.11.0:analyze-only (analyze) @ ozone-httpfsgateway ---
[INFO] No dependency problems found
[INFO] 
[INFO] -------------------< org.apache.ozone:ozone-insight >-------------------
[INFO] Building Apache Ozone Insight Tool 2.3.0-SNAPSHOT                [42/55]
[INFO]   from hadoop-ozone/insight/pom.xml
[INFO] --------------------------------[ jar ]---------------------------------
[INFO] 
[INFO] --- sortpom:3.0.1:verify (default) @ ozone-insight ---
[INFO] Verifying file /home/runner/work/ozone/ozone/hadoop-ozone/insight/pom.xml
[INFO] 
[INFO] --- jacoco:0.8.15:prepare-agent (default-prepare-agent) @ ozone-insight ---
[INFO] argLine set to -javaagent:/home/runner/.m2/repository/org/jacoco/org.jacoco.agent/0.8.15/org.jacoco.agent-0.8.15-runtime.jar=destfile=/home/runner/work/ozone/ozone/hadoop-ozone/insight/target/jacoco.exec,includes=org.apache.hadoop.hdds.*:org.apache.hadoop.ozone.*:org.apache.hadoop.fs.ozone.*:org.apache.ozone.*:org.apache.hadoop.io_.*:org.apache.hadoop.ipc_.*:org.apache.hadoop.security_.*
[INFO] 
[INFO] --- enforcer:3.6.3:enforce (banned-rocksdb-imports) @ ozone-insight ---
[INFO] Rule 0: org.apache.maven.plugins.enforcer.RestrictImports passed
[INFO] 
[INFO] --- enforcer:3.6.3:enforce (ban-imports) @ ozone-insight ---
[INFO] Rule 0: org.apache.maven.plugins.enforcer.RestrictImports passed
[INFO] Rule 1: org.apache.maven.plugins.enforcer.RestrictImports passed
[INFO] Rule 2: org.apache.maven.plugins.enforcer.RestrictImports passed
[INFO] Rule 3: org.apache.maven.plugins.enforcer.RestrictImports passed
[INFO] Rule 4: org.apache.maven.plugins.enforcer.RestrictImports passed
[WARNING] EXPERIMENTAL FEATURE enabled. You have enabled full-compilation-unit parsing. Please be aware that experimental features might get removed or changed. Please share your feedback!
[INFO] Rule 5: org.apache.maven.plugins.enforcer.RestrictImports passed
[INFO] Rule 6: org.apache.maven.plugins.enforcer.RestrictImports passed
[INFO] Rule 7: org.apache.maven.plugins.enforcer.RestrictImports passed
[INFO] Rule 8: org.apache.maven.plugins.enforcer.RestrictImports passed
[INFO] Rule 9: org.apache.maven.plugins.enforcer.RestrictImports passed
[INFO] Rule 10: org.apache.maven.plugins.enforcer.RestrictImports passed
[INFO] Rule 11: org.apache.maven.plugins.enforcer.RestrictImports passed
[INFO] Rule 12: org.apache.maven.plugins.enforcer.RestrictImports passed
[INFO] 
[INFO] --- enforcer:3.6.3:enforce (ban-annotations) @ ozone-insight ---
[INFO] Rule 0: org.apache.maven.plugins.enforcer.RestrictImports passed
[INFO] 
[INFO] --- dependency:3.11.0:build-classpath (add-classpath-descriptor) @ ozone-insight ---
[INFO] Wrote classpath file '/home/runner/work/ozone/ozone/hadoop-ozone/insight/target/classes/ozone-insight.classpath'.
[INFO] 
[INFO] --- remote-resources:3.3.0:process (default) @ ozone-insight ---
[INFO] Preparing remote bundle org.apache.ozone:ozone-dev-support:2.3.0-SNAPSHOT
[INFO] Copying 2 resources from 1 bundle.
[INFO] 
[INFO] --- resources:3.5.0:resources (default-resources) @ ozone-insight ---
[INFO] skip non existing resourceDirectory /home/runner/work/ozone/ozone/hadoop-ozone/insight/src/main/resources
[INFO] Copying 2 resources from target/maven-shared-archive-resources to target/classes
[INFO] 
[INFO] --- compiler:3.15.0:compile (default-compile) @ ozone-insight ---
[INFO] Compiling 29 source files with javac [debug release 8] to target/classes
[WARNING] source value 8 is obsolete and will be removed in a future release
[WARNING] target value 8 is obsolete and will be removed in a future release
[WARNING] To suppress warnings about obsolete options, use -Xlint:-options.
[WARNING] The following options were not recognized by any processor: '[artifactId]'
[INFO] 
[INFO] --- resources:3.5.0:testResources (default-testResources) @ ozone-insight ---
[INFO] Copying 1 resource from src/test/resources to target/test-classes
[INFO] Copying 2 resources from target/maven-shared-archive-resources to target/test-classes
[INFO] 
[INFO] --- compiler:3.15.0:testCompile (default-testCompile) @ ozone-insight ---
[INFO] Compiling 4 source files with javac [debug release 8] to target/test-classes
[WARNING] source value 8 is obsolete and will be removed in a future release
[WARNING] target value 8 is obsolete and will be removed in a future release
[WARNING] To suppress warnings about obsolete options, use -Xlint:-options.
[INFO] 
[INFO] --- surefire:3.5.2:test (default-test) @ ozone-insight ---
[INFO] Using auto detected provider org.apache.maven.surefire.junitplatform.JUnitPlatformProvider
[INFO] Using auto detected provider org.apache.maven.surefire.junitplatform.JUnitPlatformProvider
[INFO] 
[INFO] --- dependency:3.11.0:copy-dependencies (copy-jars) @ ozone-insight ---
[INFO] 
[INFO] -------------< org.apache.ozone:ozone-multitenancy-ranger >-------------
[INFO] Building Apache Ozone Multitenancy with Ranger 2.3.0-SNAPSHOT    [43/55]
[INFO]   from hadoop-ozone/multitenancy-ranger/pom.xml
[INFO] --------------------------------[ jar ]---------------------------------
[INFO] 
[INFO] --- sortpom:3.0.1:verify (default) @ ozone-multitenancy-ranger ---
[INFO] Verifying file /home/runner/work/ozone/ozone/hadoop-ozone/multitenancy-ranger/pom.xml
[INFO] 
[INFO] --- jacoco:0.8.15:prepare-agent (default-prepare-agent) @ ozone-multitenancy-ranger ---
[INFO] argLine set to -javaagent:/home/runner/.m2/repository/org/jacoco/org.jacoco.agent/0.8.15/org.jacoco.agent-0.8.15-runtime.jar=destfile=/home/runner/work/ozone/ozone/hadoop-ozone/multitenancy-ranger/target/jacoco.exec,includes=org.apache.hadoop.hdds.*:org.apache.hadoop.ozone.*:org.apache.hadoop.fs.ozone.*:org.apache.ozone.*:org.apache.hadoop.io_.*:org.apache.hadoop.ipc_.*:org.apache.hadoop.security_.*
[INFO] 
[INFO] --- enforcer:3.6.3:enforce (banned-rocksdb-imports) @ ozone-multitenancy-ranger ---
[INFO] Rule 0: org.apache.maven.plugins.enforcer.RestrictImports passed
[INFO] 
[INFO] --- enforcer:3.6.3:enforce (ban-imports) @ ozone-multitenancy-ranger ---
[INFO] Rule 0: org.apache.maven.plugins.enforcer.RestrictImports passed
[INFO] Rule 1: org.apache.maven.plugins.enforcer.RestrictImports passed
[INFO] Rule 2: org.apache.maven.plugins.enforcer.RestrictImports passed
[INFO] Rule 3: org.apache.maven.plugins.enforcer.RestrictImports passed
[INFO] Rule 4: org.apache.maven.plugins.enforcer.RestrictImports passed
[WARNING] EXPERIMENTAL FEATURE enabled. You have enabled full-compilation-unit parsing. Please be aware that experimental features might get removed or changed. Please share your feedback!
[INFO] Rule 5: org.apache.maven.plugins.enforcer.RestrictImports passed
[INFO] Rule 6: org.apache.maven.plugins.enforcer.RestrictImports passed
[INFO] Rule 7: org.apache.maven.plugins.enforcer.RestrictImports passed
[INFO] Rule 8: org.apache.maven.plugins.enforcer.RestrictImports passed
[INFO] Rule 9: org.apache.maven.plugins.enforcer.RestrictImports passed
[INFO] Rule 10: org.apache.maven.plugins.enforcer.RestrictImports passed
[INFO] Rule 11: org.apache.maven.plugins.enforcer.RestrictImports passed
[INFO] Rule 12: org.apache.maven.plugins.enforcer.RestrictImports passed
[INFO] 
[INFO] --- enforcer:3.6.3:enforce (ban-annotations) @ ozone-multitenancy-ranger ---
[INFO] Rule 0: org.apache.maven.plugins.enforcer.RestrictImports passed
[INFO] 
[INFO] --- dependency:3.11.0:build-classpath (add-classpath-descriptor) @ ozone-multitenancy-ranger ---
[INFO] Wrote classpath file '/home/runner/work/ozone/ozone/hadoop-ozone/multitenancy-ranger/target/classes/ozone-multitenancy-ranger.classpath'.
[INFO] 
[INFO] --- remote-resources:3.3.0:process (default) @ ozone-multitenancy-ranger ---
[INFO] Preparing remote bundle org.apache.ozone:ozone-dev-support:2.3.0-SNAPSHOT
[INFO] Copying 2 resources from 1 bundle.
[INFO] 
[INFO] --- resources:3.5.0:resources (default-resources) @ ozone-multitenancy-ranger ---
[INFO] skip non existing resourceDirectory /home/runner/work/ozone/ozone/hadoop-ozone/multitenancy-ranger/src/main/resources
[INFO] Copying 2 resources from target/maven-shared-archive-resources to target/classes
[INFO] 
[INFO] --- compiler:3.15.0:compile (default-compile) @ ozone-multitenancy-ranger ---
[INFO] Compiling 2 source files with javac [debug release 8] to target/classes
[WARNING] source value 8 is obsolete and will be removed in a future release
[WARNING] target value 8 is obsolete and will be removed in a future release
[WARNING] To suppress warnings about obsolete options, use -Xlint:-options.
[INFO] 
[INFO] --- resources:3.5.0:testResources (default-testResources) @ ozone-multitenancy-ranger ---
[INFO] skip non existing resourceDirectory /home/runner/work/ozone/ozone/hadoop-ozone/multitenancy-ranger/src/test/resources
[INFO] Copying 2 resources from target/maven-shared-archive-resources to target/test-classes
[INFO] 
[INFO] --- compiler:3.15.0:testCompile (default-testCompile) @ ozone-multitenancy-ranger ---
[INFO] Compiling 2 source files with javac [debug release 8] to target/test-classes
[WARNING] source value 8 is obsolete and will be removed in a future release
[WARNING] target value 8 is obsolete and will be removed in a future release
[WARNING] To suppress warnings about obsolete options, use -Xlint:-options.
[INFO] 
[INFO] --- surefire:3.5.2:test (default-test) @ ozone-multitenancy-ranger ---
[INFO] Using auto detected provider org.apache.maven.surefire.junitplatform.JUnitPlatformProvider
[INFO] Using auto detected provider org.apache.maven.surefire.junitplatform.JUnitPlatformProvider
[INFO] Using auto detected provider org.apache.maven.surefire.junitplatform.JUnitPlatformProvider
[INFO] 
[INFO] -------------------------------------------------------
[INFO]  T E S T S
[INFO] -------------------------------------------------------
[INFO] Running org.apache.hadoop.ozone.om.multitenant.TestRangerClientMultiTenantAccessControllerMockClient
[INFO] Tests run: 6, Failures: 0, Errors: 0, Skipped: 0, Time elapsed: 2.179 s -- in org.apache.hadoop.ozone.om.multitenant.TestRangerClientMultiTenantAccessControllerMockClient
[INFO] 
[INFO] Results:
[INFO] 
[INFO] Tests run: 6, Failures: 0, Errors: 0, Skipped: 0
[INFO] 
[INFO] 
[INFO] --- dependency:3.11.0:copy-dependencies (copy-jars) @ ozone-multitenancy-ranger ---
[INFO] 
[INFO] --- jar:3.5.1:jar (default-jar) @ ozone-multitenancy-ranger ---
[INFO] Building jar: /home/runner/work/ozone/ozone/hadoop-ozone/multitenancy-ranger/target/ozone-multitenancy-ranger-2.3.0-SNAPSHOT.jar
[INFO] 
[INFO] --- jar:3.5.1:test-jar (default) @ ozone-multitenancy-ranger ---
[INFO] Building jar: /home/runner/work/ozone/ozone/hadoop-ozone/multitenancy-ranger/target/ozone-multitenancy-ranger-2.3.0-SNAPSHOT-tests.jar
[INFO] 
[INFO] --- dependency:3.11.0:analyze-only (analyze) @ ozone-multitenancy-ranger ---
[INFO] No dependency problems found
[INFO] 
[INFO] ---------------< org.apache.ozone:ozone-s3-secret-store >---------------
[INFO] Building Apache Ozone S3 Secret Store 2.3.0-SNAPSHOT             [44/55]
[INFO]   from hadoop-ozone/s3-secret-store/pom.xml
[INFO] --------------------------------[ jar ]---------------------------------
[INFO] 
[INFO] --- sortpom:3.0.1:verify (default) @ ozone-s3-secret-store ---
[INFO] Verifying file /home/runner/work/ozone/ozone/hadoop-ozone/s3-secret-store/pom.xml
[INFO] 
[INFO] --- jacoco:0.8.15:prepare-agent (default-prepare-agent) @ ozone-s3-secret-store ---
[INFO] argLine set to -javaagent:/home/runner/.m2/repository/org/jacoco/org.jacoco.agent/0.8.15/org.jacoco.agent-0.8.15-runtime.jar=destfile=/home/runner/work/ozone/ozone/hadoop-ozone/s3-secret-store/target/jacoco.exec,includes=org.apache.hadoop.hdds.*:org.apache.hadoop.ozone.*:org.apache.hadoop.fs.ozone.*:org.apache.ozone.*:org.apache.hadoop.io_.*:org.apache.hadoop.ipc_.*:org.apache.hadoop.security_.*
[INFO] 
[INFO] --- enforcer:3.6.3:enforce (banned-rocksdb-imports) @ ozone-s3-secret-store ---
[INFO] Rule 0: org.apache.maven.plugins.enforcer.RestrictImports passed
[INFO] 
[INFO] --- enforcer:3.6.3:enforce (ban-imports) @ ozone-s3-secret-store ---
[INFO] Rule 0: org.apache.maven.plugins.enforcer.RestrictImports passed
[INFO] Rule 1: org.apache.maven.plugins.enforcer.RestrictImports passed
[INFO] Rule 2: org.apache.maven.plugins.enforcer.RestrictImports passed
[INFO] Rule 3: org.apache.maven.plugins.enforcer.RestrictImports passed
[INFO] Rule 4: org.apache.maven.plugins.enforcer.RestrictImports passed
[WARNING] EXPERIMENTAL FEATURE enabled. You have enabled full-compilation-unit parsing. Please be aware that experimental features might get removed or changed. Please share your feedback!
[INFO] Rule 5: org.apache.maven.plugins.enforcer.RestrictImports passed
[INFO] Rule 6: org.apache.maven.plugins.enforcer.RestrictImports passed
[INFO] Rule 7: org.apache.maven.plugins.enforcer.RestrictImports passed
[INFO] Rule 8: org.apache.maven.plugins.enforcer.RestrictImports passed
[INFO] Rule 9: org.apache.maven.plugins.enforcer.RestrictImports passed
[INFO] Rule 10: org.apache.maven.plugins.enforcer.RestrictImports passed
[INFO] Rule 11: org.apache.maven.plugins.enforcer.RestrictImports passed
[INFO] Rule 12: org.apache.maven.plugins.enforcer.RestrictImports passed
[INFO] 
[INFO] --- enforcer:3.6.3:enforce (ban-annotations) @ ozone-s3-secret-store ---
[INFO] Rule 0: org.apache.maven.plugins.enforcer.RestrictImports passed
[INFO] 
[INFO] --- dependency:3.11.0:build-classpath (add-classpath-descriptor) @ ozone-s3-secret-store ---
[INFO] Skipping plugin execution
[INFO] 
[INFO] --- remote-resources:3.3.0:process (default) @ ozone-s3-secret-store ---
[INFO] Preparing remote bundle org.apache.ozone:ozone-dev-support:2.3.0-SNAPSHOT
[INFO] Copying 2 resources from 1 bundle.
[INFO] 
[INFO] --- resources:3.5.0:resources (default-resources) @ ozone-s3-secret-store ---
[INFO] skip non existing resourceDirectory /home/runner/work/ozone/ozone/hadoop-ozone/s3-secret-store/src/main/resources
[INFO] Copying 2 resources from target/maven-shared-archive-resources to target/classes
[INFO] 
[INFO] --- compiler:3.15.0:compile (default-compile) @ ozone-s3-secret-store ---
[INFO] Compiling 11 source files with javac [debug release 8] to target/classes
[WARNING] source value 8 is obsolete and will be removed in a future release
[WARNING] target value 8 is obsolete and will be removed in a future release
[WARNING] To suppress warnings about obsolete options, use -Xlint:-options.
[INFO] 
[INFO] --- resources:3.5.0:testResources (default-testResources) @ ozone-s3-secret-store ---
[INFO] skip non existing resourceDirectory /home/runner/work/ozone/ozone/hadoop-ozone/s3-secret-store/src/test/resources
[INFO] Copying 2 resources from target/maven-shared-archive-resources to target/test-classes
[INFO] 
[INFO] --- compiler:3.15.0:testCompile (default-testCompile) @ ozone-s3-secret-store ---
[INFO] Compiling 1 source file with javac [debug release 8] to target/test-classes
[WARNING] source value 8 is obsolete and will be removed in a future release
[WARNING] target value 8 is obsolete and will be removed in a future release
[WARNING] To suppress warnings about obsolete options, use -Xlint:-options.
[INFO] /home/runner/work/ozone/ozone/hadoop-ozone/s3-secret-store/src/test/java/org/apache/hadoop/ozone/s3/remote/vault/TestVaultS3SecretStore.java: /home/runner/work/ozone/ozone/hadoop-ozone/s3-secret-store/src/test/java/org/apache/hadoop/ozone/s3/remote/vault/TestVaultS3SecretStore.java uses unchecked or unsafe operations.
[INFO] /home/runner/work/ozone/ozone/hadoop-ozone/s3-secret-store/src/test/java/org/apache/hadoop/ozone/s3/remote/vault/TestVaultS3SecretStore.java: Recompile with -Xlint:unchecked for details.
[INFO] 
[INFO] --- surefire:3.5.2:test (default-test) @ ozone-s3-secret-store ---
[INFO] Using auto detected provider org.apache.maven.surefire.junitplatform.JUnitPlatformProvider
[INFO] Using auto detected provider org.apache.maven.surefire.junitplatform.JUnitPlatformProvider
[INFO] 
[INFO] --- dependency:3.11.0:copy-dependencies (copy-jars) @ ozone-s3-secret-store ---
[INFO] Skipping plugin execution
[INFO] 
[INFO] --- jar:3.5.1:jar (default-jar) @ ozone-s3-secret-store ---
[INFO] Building jar: /home/runner/work/ozone/ozone/hadoop-ozone/s3-secret-store/target/ozone-s3-secret-store-2.3.0-SNAPSHOT.jar
[INFO] 
[INFO] --- jar:3.5.1:test-jar (default) @ ozone-s3-secret-store ---
[INFO] Building jar: /home/runner/work/ozone/ozone/hadoop-ozone/s3-secret-store/target/ozone-s3-secret-store-2.3.0-SNAPSHOT-tests.jar
[INFO] 
[INFO] --- dependency:3.11.0:analyze-only (analyze) @ ozone-s3-secret-store ---
[INFO] No dependency problems found
[INFO] 
[INFO] ------------------< org.apache.ozone:ozone-s3gateway >------------------
[INFO] Building Apache Ozone S3 Gateway 2.3.0-SNAPSHOT                  [45/55]
[INFO]   from hadoop-ozone/s3gateway/pom.xml
[INFO] --------------------------------[ jar ]---------------------------------
[INFO] 
[INFO] --- sortpom:3.0.1:verify (default) @ ozone-s3gateway ---
[INFO] Verifying file /home/runner/work/ozone/ozone/hadoop-ozone/s3gateway/pom.xml
[INFO] 
[INFO] --- jacoco:0.8.15:prepare-agent (default-prepare-agent) @ ozone-s3gateway ---
[INFO] argLine set to -javaagent:/home/runner/.m2/repository/org/jacoco/org.jacoco.agent/0.8.15/org.jacoco.agent-0.8.15-runtime.jar=destfile=/home/runner/work/ozone/ozone/hadoop-ozone/s3gateway/target/jacoco.exec,includes=org.apache.hadoop.hdds.*:org.apache.hadoop.ozone.*:org.apache.hadoop.fs.ozone.*:org.apache.ozone.*:org.apache.hadoop.io_.*:org.apache.hadoop.ipc_.*:org.apache.hadoop.security_.*
[INFO] 
[INFO] --- enforcer:3.6.3:enforce (banned-rocksdb-imports) @ ozone-s3gateway ---
[INFO] Rule 0: org.apache.maven.plugins.enforcer.RestrictImports passed
[INFO] 
[INFO] --- enforcer:3.6.3:enforce (ban-imports) @ ozone-s3gateway ---
[INFO] Rule 0: org.apache.maven.plugins.enforcer.RestrictImports passed
[INFO] Rule 1: org.apache.maven.plugins.enforcer.RestrictImports passed
[INFO] Rule 2: org.apache.maven.plugins.enforcer.RestrictImports passed
[INFO] Rule 3: org.apache.maven.plugins.enforcer.RestrictImports passed
[INFO] Rule 4: org.apache.maven.plugins.enforcer.RestrictImports passed
[WARNING] EXPERIMENTAL FEATURE enabled. You have enabled full-compilation-unit parsing. Please be aware that experimental features might get removed or changed. Please share your feedback!
[INFO] Rule 5: org.apache.maven.plugins.enforcer.RestrictImports passed
[INFO] Rule 6: org.apache.maven.plugins.enforcer.RestrictImports passed
[INFO] Rule 7: org.apache.maven.plugins.enforcer.RestrictImports passed
[INFO] Rule 8: org.apache.maven.plugins.enforcer.RestrictImports passed
[INFO] Rule 9: org.apache.maven.plugins.enforcer.RestrictImports passed
[INFO] Rule 10: org.apache.maven.plugins.enforcer.RestrictImports passed
[INFO] Rule 11: org.apache.maven.plugins.enforcer.RestrictImports passed
[INFO] Rule 12: org.apache.maven.plugins.enforcer.RestrictImports passed
[INFO] 
[INFO] --- enforcer:3.6.3:enforce (ban-annotations) @ ozone-s3gateway ---
[INFO] Rule 0: org.apache.maven.plugins.enforcer.RestrictImports passed
[INFO] 
[INFO] --- dependency:3.11.0:build-classpath (add-classpath-descriptor) @ ozone-s3gateway ---
[INFO] Wrote classpath file '/home/runner/work/ozone/ozone/hadoop-ozone/s3gateway/target/classes/ozone-s3gateway.classpath'.
[INFO] 
[INFO] --- remote-resources:3.3.0:process (default) @ ozone-s3gateway ---
[INFO] Preparing remote bundle org.apache.ozone:ozone-dev-support:2.3.0-SNAPSHOT
[INFO] Copying 2 resources from 1 bundle.
[INFO] 
[INFO] --- resources:3.5.0:resources (default-resources) @ ozone-s3gateway ---
[INFO] Copying 6 resources from src/main/resources to target/classes
[INFO] Copying 2 resources from target/maven-shared-archive-resources to target/classes
[INFO] 
[INFO] --- compiler:3.15.0:compile (default-compile) @ ozone-s3gateway ---
[INFO] Compiling 121 source files with javac [debug release 8] to target/classes
[WARNING] source value 8 is obsolete and will be removed in a future release
[WARNING] target value 8 is obsolete and will be removed in a future release
[WARNING] To suppress warnings about obsolete options, use -Xlint:-options.
[INFO] /home/runner/work/ozone/ozone/hadoop-ozone/s3gateway/src/main/java/org/apache/hadoop/ozone/s3/endpoint/EndpointBase.java: Some input files use or override a deprecated API.
[INFO] /home/runner/work/ozone/ozone/hadoop-ozone/s3gateway/src/main/java/org/apache/hadoop/ozone/s3/endpoint/EndpointBase.java: Recompile with -Xlint:deprecation for details.
[INFO] 
[INFO] --- resources:3.5.0:testResources (default-testResources) @ ozone-s3gateway ---
[INFO] Copying 4 resources from src/test/resources to target/test-classes
[INFO] Copying 2 resources from target/maven-shared-archive-resources to target/test-classes
[INFO] 
[INFO] --- compiler:3.15.0:testCompile (default-testCompile) @ ozone-s3gateway ---
[INFO] Compiling 77 source files with javac [debug release 8] to target/test-classes
[WARNING] source value 8 is obsolete and will be removed in a future release
[WARNING] target value 8 is obsolete and will be removed in a future release
[WARNING] To suppress warnings about obsolete options, use -Xlint:-options.
[INFO] /home/runner/work/ozone/ozone/hadoop-ozone/s3gateway/src/test/java/org/apache/hadoop/ozone/client/ClientProtocolStub.java: Some input files use or override a deprecated API.
[INFO] /home/runner/work/ozone/ozone/hadoop-ozone/s3gateway/src/test/java/org/apache/hadoop/ozone/client/ClientProtocolStub.java: Recompile with -Xlint:deprecation for details.
[INFO] /home/runner/work/ozone/ozone/hadoop-ozone/s3gateway/src/test/java/org/apache/hadoop/ozone/client/OzoneVolumeStub.java: Some input files use unchecked or unsafe operations.
[INFO] /home/runner/work/ozone/ozone/hadoop-ozone/s3gateway/src/test/java/org/apache/hadoop/ozone/client/OzoneVolumeStub.java: Recompile with -Xlint:unchecked for details.
[INFO] 
[INFO] --- surefire:3.5.2:test (default-test) @ ozone-s3gateway ---
[INFO] Using auto detected provider org.apache.maven.surefire.junitplatform.JUnitPlatformProvider
[INFO] Using auto detected provider org.apache.maven.surefire.junitplatform.JUnitPlatformProvider
[INFO] 
[INFO] --- dependency:3.11.0:copy-dependencies (copy-jars) @ ozone-s3gateway ---
[INFO] 
[INFO] --- dependency:3.11.0:unpack (copy-common-html) @ ozone-s3gateway ---
[INFO] 
[INFO] --- jar:3.5.1:jar (default-jar) @ ozone-s3gateway ---
[INFO] Building jar: /home/runner/work/ozone/ozone/hadoop-ozone/s3gateway/target/ozone-s3gateway-2.3.0-SNAPSHOT.jar
[INFO] 
[INFO] --- jar:3.5.1:test-jar (default) @ ozone-s3gateway ---
[INFO] Building jar: /home/runner/work/ozone/ozone/hadoop-ozone/s3gateway/target/ozone-s3gateway-2.3.0-SNAPSHOT-tests.jar
[INFO] 
[INFO] --- dependency:3.11.0:analyze-only (analyze) @ ozone-s3gateway ---
[INFO] No dependency problems found
[INFO] 
[INFO] --------------------< org.apache.ozone:ozone-tools >--------------------
[INFO] Building Apache Ozone Tools 2.3.0-SNAPSHOT                       [46/55]
[INFO]   from hadoop-ozone/tools/pom.xml
[INFO] --------------------------------[ jar ]---------------------------------
[INFO] 
[INFO] --- sortpom:3.0.1:verify (default) @ ozone-tools ---
[INFO] Verifying file /home/runner/work/ozone/ozone/hadoop-ozone/tools/pom.xml
[INFO] 
[INFO] --- jacoco:0.8.15:prepare-agent (default-prepare-agent) @ ozone-tools ---
[INFO] argLine set to -javaagent:/home/runner/.m2/repository/org/jacoco/org.jacoco.agent/0.8.15/org.jacoco.agent-0.8.15-runtime.jar=destfile=/home/runner/work/ozone/ozone/hadoop-ozone/tools/target/jacoco.exec,includes=org.apache.hadoop.hdds.*:org.apache.hadoop.ozone.*:org.apache.hadoop.fs.ozone.*:org.apache.ozone.*:org.apache.hadoop.io_.*:org.apache.hadoop.ipc_.*:org.apache.hadoop.security_.*
[INFO] 
[INFO] --- enforcer:3.6.3:enforce (banned-rocksdb-imports) @ ozone-tools ---
[INFO] Rule 0: org.apache.maven.plugins.enforcer.RestrictImports passed
[INFO] 
[INFO] --- enforcer:3.6.3:enforce (ban-imports) @ ozone-tools ---
[INFO] Rule 0: org.apache.maven.plugins.enforcer.RestrictImports passed
[INFO] Rule 1: org.apache.maven.plugins.enforcer.RestrictImports passed
[INFO] Rule 2: org.apache.maven.plugins.enforcer.RestrictImports passed
[INFO] Rule 3: org.apache.maven.plugins.enforcer.RestrictImports passed
[INFO] Rule 4: org.apache.maven.plugins.enforcer.RestrictImports passed
[WARNING] EXPERIMENTAL FEATURE enabled. You have enabled full-compilation-unit parsing. Please be aware that experimental features might get removed or changed. Please share your feedback!
[INFO] Rule 5: org.apache.maven.plugins.enforcer.RestrictImports passed
[INFO] Rule 6: org.apache.maven.plugins.enforcer.RestrictImports passed
[INFO] Rule 7: org.apache.maven.plugins.enforcer.RestrictImports passed
[INFO] Rule 8: org.apache.maven.plugins.enforcer.RestrictImports passed
[INFO] Rule 9: org.apache.maven.plugins.enforcer.RestrictImports passed
[INFO] Rule 10: org.apache.maven.plugins.enforcer.RestrictImports passed
[INFO] Rule 11: org.apache.maven.plugins.enforcer.RestrictImports passed
[INFO] Rule 12: org.apache.maven.plugins.enforcer.RestrictImports passed
[INFO] 
[INFO] --- enforcer:3.6.3:enforce (ban-annotations) @ ozone-tools ---
[INFO] Rule 0: org.apache.maven.plugins.enforcer.RestrictImports passed
[INFO] 
[INFO] --- dependency:3.11.0:build-classpath (add-classpath-descriptor) @ ozone-tools ---
[INFO] Wrote classpath file '/home/runner/work/ozone/ozone/hadoop-ozone/tools/target/classes/ozone-tools.classpath'.
[INFO] 
[INFO] --- remote-resources:3.3.0:process (default) @ ozone-tools ---
[INFO] Preparing remote bundle org.apache.ozone:ozone-dev-support:2.3.0-SNAPSHOT
[INFO] Copying 2 resources from 1 bundle.
[INFO] 
[INFO] --- resources:3.5.0:resources (default-resources) @ ozone-tools ---
[INFO] Copying 2 resources from src/main/resources to target/classes
[INFO] Copying 2 resources from target/maven-shared-archive-resources to target/classes
[INFO] 
[INFO] --- compiler:3.15.0:compile (default-compile) @ ozone-tools ---
[INFO] Compiling 20 source files with javac [debug release 8] to target/classes
[WARNING] source value 8 is obsolete and will be removed in a future release
[WARNING] target value 8 is obsolete and will be removed in a future release
[WARNING] To suppress warnings about obsolete options, use -Xlint:-options.
[INFO] 
[INFO] --- resources:3.5.0:testResources (default-testResources) @ ozone-tools ---
[INFO] skip non existing resourceDirectory /home/runner/work/ozone/ozone/hadoop-ozone/tools/src/test/resources
[INFO] Copying 2 resources from target/maven-shared-archive-resources to target/test-classes
[INFO] 
[INFO] --- compiler:3.15.0:testCompile (default-testCompile) @ ozone-tools ---
[INFO] Compiling 8 source files with javac [debug release 8] to target/test-classes
[WARNING] source value 8 is obsolete and will be removed in a future release
[WARNING] target value 8 is obsolete and will be removed in a future release
[WARNING] To suppress warnings about obsolete options, use -Xlint:-options.
[INFO] /home/runner/work/ozone/ozone/hadoop-ozone/tools/src/test/java/org/apache/hadoop/ozone/genconf/TestGenerateOzoneRequiredConfigurations.java: /home/runner/work/ozone/ozone/hadoop-ozone/tools/src/test/java/org/apache/hadoop/ozone/genconf/TestGenerateOzoneRequiredConfigurations.java uses or overrides a deprecated API.
[INFO] /home/runner/work/ozone/ozone/hadoop-ozone/tools/src/test/java/org/apache/hadoop/ozone/genconf/TestGenerateOzoneRequiredConfigurations.java: Recompile with -Xlint:deprecation for details.
[INFO] /home/runner/work/ozone/ozone/hadoop-ozone/tools/src/test/java/org/apache/hadoop/ozone/genconf/TestGenerateOzoneRequiredConfigurations.java: /home/runner/work/ozone/ozone/hadoop-ozone/tools/src/test/java/org/apache/hadoop/ozone/genconf/TestGenerateOzoneRequiredConfigurations.java uses unchecked or unsafe operations.
[INFO] /home/runner/work/ozone/ozone/hadoop-ozone/tools/src/test/java/org/apache/hadoop/ozone/genconf/TestGenerateOzoneRequiredConfigurations.java: Recompile with -Xlint:unchecked for details.
[INFO] 
[INFO] --- surefire:3.5.2:test (default-test) @ ozone-tools ---
[INFO] Using auto detected provider org.apache.maven.surefire.junitplatform.JUnitPlatformProvider
[INFO] Using auto detected provider org.apache.maven.surefire.junitplatform.JUnitPlatformProvider
[INFO] 
[INFO] --- dependency:3.11.0:copy-dependencies (copy-jars) @ ozone-tools ---
[INFO] 
[INFO] --------------------< org.apache.ozone:ozone-vapor >--------------------
[INFO] Building Apache Ozone Vapor 2.3.0-SNAPSHOT                       [47/55]
[INFO]   from hadoop-ozone/vapor/pom.xml
[INFO] --------------------------------[ jar ]---------------------------------
[INFO] 
[INFO] --- sortpom:3.0.1:verify (default) @ ozone-vapor ---
[INFO] Verifying file /home/runner/work/ozone/ozone/hadoop-ozone/vapor/pom.xml
[INFO] 
[INFO] --- jacoco:0.8.15:prepare-agent (default-prepare-agent) @ ozone-vapor ---
[INFO] argLine set to -javaagent:/home/runner/.m2/repository/org/jacoco/org.jacoco.agent/0.8.15/org.jacoco.agent-0.8.15-runtime.jar=destfile=/home/runner/work/ozone/ozone/hadoop-ozone/vapor/target/jacoco.exec,includes=org.apache.hadoop.hdds.*:org.apache.hadoop.ozone.*:org.apache.hadoop.fs.ozone.*:org.apache.ozone.*:org.apache.hadoop.io_.*:org.apache.hadoop.ipc_.*:org.apache.hadoop.security_.*
[INFO] 
[INFO] --- enforcer:3.6.3:enforce (banned-rocksdb-imports) @ ozone-vapor ---
[INFO] Rule 0: org.apache.maven.plugins.enforcer.RestrictImports passed
[INFO] 
[INFO] --- enforcer:3.6.3:enforce (ban-imports) @ ozone-vapor ---
[INFO] Rule 0: org.apache.maven.plugins.enforcer.RestrictImports passed
[INFO] Rule 1: org.apache.maven.plugins.enforcer.RestrictImports passed
[INFO] Rule 2: org.apache.maven.plugins.enforcer.RestrictImports passed
[INFO] Rule 3: org.apache.maven.plugins.enforcer.RestrictImports passed
[INFO] Rule 4: org.apache.maven.plugins.enforcer.RestrictImports passed
[WARNING] EXPERIMENTAL FEATURE enabled. You have enabled full-compilation-unit parsing. Please be aware that experimental features might get removed or changed. Please share your feedback!
[INFO] Rule 5: org.apache.maven.plugins.enforcer.RestrictImports passed
[INFO] Rule 6: org.apache.maven.plugins.enforcer.RestrictImports passed
[INFO] Rule 7: org.apache.maven.plugins.enforcer.RestrictImports passed
[INFO] Rule 8: org.apache.maven.plugins.enforcer.RestrictImports passed
[INFO] Rule 9: org.apache.maven.plugins.enforcer.RestrictImports passed
[INFO] Rule 10: org.apache.maven.plugins.enforcer.RestrictImports passed
[INFO] Rule 11: org.apache.maven.plugins.enforcer.RestrictImports passed
[INFO] Rule 12: org.apache.maven.plugins.enforcer.RestrictImports passed
[INFO] 
[INFO] --- enforcer:3.6.3:enforce (ban-annotations) @ ozone-vapor ---
[INFO] Rule 0: org.apache.maven.plugins.enforcer.RestrictImports passed
[INFO] 
[INFO] --- dependency:3.11.0:build-classpath (add-classpath-descriptor) @ ozone-vapor ---
[INFO] Wrote classpath file '/home/runner/work/ozone/ozone/hadoop-ozone/vapor/target/classes/ozone-vapor.classpath'.
[INFO] 
[INFO] --- remote-resources:3.3.0:process (default) @ ozone-vapor ---
[INFO] Preparing remote bundle org.apache.ozone:ozone-dev-support:2.3.0-SNAPSHOT
[INFO] Copying 2 resources from 1 bundle.
[INFO] 
[INFO] --- resources:3.5.0:resources (default-resources) @ ozone-vapor ---
[INFO] skip non existing resourceDirectory /home/runner/work/ozone/ozone/hadoop-ozone/vapor/src/main/resources
[INFO] Copying 2 resources from target/maven-shared-archive-resources to target/classes
[INFO] 
[INFO] --- compiler:3.15.0:compile (default-compile) @ ozone-vapor ---
[INFO] Compiling 16 source files with javac [debug release 8] to target/classes
[WARNING] source value 8 is obsolete and will be removed in a future release
[WARNING] target value 8 is obsolete and will be removed in a future release
[WARNING] To suppress warnings about obsolete options, use -Xlint:-options.
[INFO] Writing META-INF/services/org.apache.hadoop.ozone.freon.VaporSubcommand
[INFO] /home/runner/work/ozone/ozone/hadoop-ozone/vapor/src/main/java/org/apache/hadoop/ozone/freon/FollowerAppendLogEntryGenerator.java: Some input files use or override a deprecated API.
[INFO] /home/runner/work/ozone/ozone/hadoop-ozone/vapor/src/main/java/org/apache/hadoop/ozone/freon/FollowerAppendLogEntryGenerator.java: Recompile with -Xlint:deprecation for details.
[INFO] 
[INFO] --- resources:3.5.0:testResources (default-testResources) @ ozone-vapor ---
[INFO] skip non existing resourceDirectory /home/runner/work/ozone/ozone/hadoop-ozone/vapor/src/test/resources
[INFO] Copying 2 resources from target/maven-shared-archive-resources to target/test-classes
[INFO] 
[INFO] --- compiler:3.15.0:testCompile (default-testCompile) @ ozone-vapor ---
[INFO] Compiling 1 source file with javac [debug release 8] to target/test-classes
[WARNING] source value 8 is obsolete and will be removed in a future release
[WARNING] target value 8 is obsolete and will be removed in a future release
[WARNING] To suppress warnings about obsolete options, use -Xlint:-options.
[INFO] 
[INFO] --- surefire:3.5.2:test (default-test) @ ozone-vapor ---
[INFO] Using auto detected provider org.apache.maven.surefire.junitplatform.JUnitPlatformProvider
[INFO] Using auto detected provider org.apache.maven.surefire.junitplatform.JUnitPlatformProvider
[INFO] 
[INFO] --- dependency:3.11.0:copy-dependencies (copy-jars) @ ozone-vapor ---
[INFO] 
[INFO] -------------------< org.apache.ozone:ozone-iceberg >-------------------
[INFO] Building Apache Ozone Iceberg Integration 2.3.0-SNAPSHOT         [48/55]
[INFO]   from hadoop-ozone/iceberg/pom.xml
[INFO] --------------------------------[ jar ]---------------------------------
[INFO] 
[INFO] --- sortpom:3.0.1:verify (default) @ ozone-iceberg ---
[INFO] Verifying file /home/runner/work/ozone/ozone/hadoop-ozone/iceberg/pom.xml
[INFO] 
[INFO] --- jacoco:0.8.15:prepare-agent (default-prepare-agent) @ ozone-iceberg ---
[INFO] argLine set to -javaagent:/home/runner/.m2/repository/org/jacoco/org.jacoco.agent/0.8.15/org.jacoco.agent-0.8.15-runtime.jar=destfile=/home/runner/work/ozone/ozone/hadoop-ozone/iceberg/target/jacoco.exec,includes=org.apache.hadoop.hdds.*:org.apache.hadoop.ozone.*:org.apache.hadoop.fs.ozone.*:org.apache.ozone.*:org.apache.hadoop.io_.*:org.apache.hadoop.ipc_.*:org.apache.hadoop.security_.*
[INFO] 
[INFO] --- enforcer:3.6.3:enforce (banned-rocksdb-imports) @ ozone-iceberg ---
[INFO] Rule 0: org.apache.maven.plugins.enforcer.RestrictImports passed
[INFO] 
[INFO] --- enforcer:3.6.3:enforce (ban-imports) @ ozone-iceberg ---
[INFO] Rule 0: org.apache.maven.plugins.enforcer.RestrictImports passed
[INFO] Rule 1: org.apache.maven.plugins.enforcer.RestrictImports passed
[INFO] Rule 2: org.apache.maven.plugins.enforcer.RestrictImports passed
[INFO] Rule 3: org.apache.maven.plugins.enforcer.RestrictImports passed
[INFO] Rule 4: org.apache.maven.plugins.enforcer.RestrictImports passed
[WARNING] EXPERIMENTAL FEATURE enabled. You have enabled full-compilation-unit parsing. Please be aware that experimental features might get removed or changed. Please share your feedback!
[INFO] Rule 5: org.apache.maven.plugins.enforcer.RestrictImports passed
[INFO] Rule 6: org.apache.maven.plugins.enforcer.RestrictImports passed
[INFO] Rule 7: org.apache.maven.plugins.enforcer.RestrictImports passed
[INFO] Rule 8: org.apache.maven.plugins.enforcer.RestrictImports passed
[INFO] Rule 9: org.apache.maven.plugins.enforcer.RestrictImports passed
[INFO] Rule 10: org.apache.maven.plugins.enforcer.RestrictImports passed
[INFO] Rule 11: org.apache.maven.plugins.enforcer.RestrictImports passed
[INFO] Rule 12: org.apache.maven.plugins.enforcer.RestrictImports passed
[INFO] 
[INFO] --- enforcer:3.6.3:enforce (ban-annotations) @ ozone-iceberg ---
[INFO] Rule 0: org.apache.maven.plugins.enforcer.RestrictImports passed
[INFO] 
[INFO] --- dependency:3.11.0:build-classpath (add-classpath-descriptor) @ ozone-iceberg ---
[INFO] Wrote classpath file '/home/runner/work/ozone/ozone/hadoop-ozone/iceberg/target/classes/ozone-iceberg.classpath'.
[INFO] 
[INFO] --- remote-resources:3.3.0:process (default) @ ozone-iceberg ---
[INFO] Preparing remote bundle org.apache.ozone:ozone-dev-support:2.3.0-SNAPSHOT
[INFO] Copying 2 resources from 1 bundle.
[INFO] 
[INFO] --- resources:3.5.0:resources (default-resources) @ ozone-iceberg ---
[INFO] skip non existing resourceDirectory /home/runner/work/ozone/ozone/hadoop-ozone/iceberg/src/main/resources
[INFO] Copying 2 resources from target/maven-shared-archive-resources to target/classes
[INFO] 
[INFO] --- compiler:3.15.0:compile (default-compile) @ ozone-iceberg ---
[INFO] Compiling 5 source files with javac [debug release 11] to target/classes
[WARNING] The following options were not recognized by any processor: '[artifactId]'
[INFO] /home/runner/work/ozone/ozone/hadoop-ozone/iceberg/src/main/java/org/apache/hadoop/ozone/iceberg/RewriteTablePathOzoneAction.java: /home/runner/work/ozone/ozone/hadoop-ozone/iceberg/src/main/java/org/apache/hadoop/ozone/iceberg/RewriteTablePathOzoneAction.java uses or overrides a deprecated API.
[INFO] /home/runner/work/ozone/ozone/hadoop-ozone/iceberg/src/main/java/org/apache/hadoop/ozone/iceberg/RewriteTablePathOzoneAction.java: Recompile with -Xlint:deprecation for details.
[INFO] 
[INFO] --- resources:3.5.0:testResources (default-testResources) @ ozone-iceberg ---
[INFO] skip non existing resourceDirectory /home/runner/work/ozone/ozone/hadoop-ozone/iceberg/src/test/resources
[INFO] Copying 2 resources from target/maven-shared-archive-resources to target/test-classes
[INFO] 
[INFO] --- compiler:3.15.0:testCompile (default-testCompile) @ ozone-iceberg ---
[INFO] Compiling 1 source file with javac [debug release 11] to target/test-classes
[INFO] 
[INFO] --- surefire:3.5.2:test (default-test) @ ozone-iceberg ---
[INFO] Using auto detected provider org.apache.maven.surefire.junitplatform.JUnitPlatformProvider
[INFO] Using auto detected provider org.apache.maven.surefire.junitplatform.JUnitPlatformProvider
[INFO] 
[INFO] --- dependency:3.11.0:copy-dependencies (copy-jars) @ ozone-iceberg ---
[INFO] 
[INFO] --- jar:3.5.1:jar (default-jar) @ ozone-iceberg ---
[INFO] Building jar: /home/runner/work/ozone/ozone/hadoop-ozone/iceberg/target/ozone-iceberg-2.3.0-SNAPSHOT.jar
[INFO] 
[INFO] --- jar:3.5.1:test-jar (default) @ ozone-iceberg ---
[INFO] Building jar: /home/runner/work/ozone/ozone/hadoop-ozone/iceberg/target/ozone-iceberg-2.3.0-SNAPSHOT-tests.jar
[INFO] 
[INFO] --- dependency:3.11.0:analyze-only (analyze) @ ozone-iceberg ---
[INFO] No dependency problems found
[INFO] 
[INFO] --------------------< org.apache.ozone:ozone-dist >---------------------
[INFO] Building Apache Ozone Distribution 2.3.0-SNAPSHOT                [49/55]
[INFO]   from hadoop-ozone/dist/pom.xml
[INFO] --------------------------------[ jar ]---------------------------------
[INFO] 
[INFO] --- sortpom:3.0.1:verify (default) @ ozone-dist ---
[INFO] Verifying file /home/runner/work/ozone/ozone/hadoop-ozone/dist/pom.xml
[INFO] 
[INFO] --- jacoco:0.8.15:prepare-agent (default-prepare-agent) @ ozone-dist ---
[INFO] argLine set to -javaagent:/home/runner/.m2/repository/org/jacoco/org.jacoco.agent/0.8.15/org.jacoco.agent-0.8.15-runtime.jar=destfile=/home/runner/work/ozone/ozone/hadoop-ozone/dist/target/jacoco.exec,includes=org.apache.hadoop.hdds.*:org.apache.hadoop.ozone.*:org.apache.hadoop.fs.ozone.*:org.apache.ozone.*:org.apache.hadoop.io_.*:org.apache.hadoop.ipc_.*:org.apache.hadoop.security_.*
[INFO] 
[INFO] --- enforcer:3.6.3:enforce (banned-rocksdb-imports) @ ozone-dist ---
[INFO] Rule 0: org.apache.maven.plugins.enforcer.RestrictImports passed
[INFO] 
[INFO] --- enforcer:3.6.3:enforce (ban-imports) @ ozone-dist ---
[INFO] Rule 0: org.apache.maven.plugins.enforcer.RestrictImports passed
[INFO] Rule 1: org.apache.maven.plugins.enforcer.RestrictImports passed
[INFO] Rule 2: org.apache.maven.plugins.enforcer.RestrictImports passed
[INFO] Rule 3: org.apache.maven.plugins.enforcer.RestrictImports passed
[INFO] Rule 4: org.apache.maven.plugins.enforcer.RestrictImports passed
[WARNING] EXPERIMENTAL FEATURE enabled. You have enabled full-compilation-unit parsing. Please be aware that experimental features might get removed or changed. Please share your feedback!
[INFO] Rule 5: org.apache.maven.plugins.enforcer.RestrictImports passed
[INFO] Rule 6: org.apache.maven.plugins.enforcer.RestrictImports passed
[INFO] Rule 7: org.apache.maven.plugins.enforcer.RestrictImports passed
[INFO] Rule 8: org.apache.maven.plugins.enforcer.RestrictImports passed
[INFO] Rule 9: org.apache.maven.plugins.enforcer.RestrictImports passed
[INFO] Rule 10: org.apache.maven.plugins.enforcer.RestrictImports passed
[INFO] Rule 11: org.apache.maven.plugins.enforcer.RestrictImports passed
[INFO] Rule 12: org.apache.maven.plugins.enforcer.RestrictImports passed
[INFO] 
[INFO] --- enforcer:3.6.3:enforce (ban-annotations) @ ozone-dist ---
[INFO] Rule 0: org.apache.maven.plugins.enforcer.RestrictImports passed
[INFO] 
[INFO] --- dependency:3.11.0:build-classpath (add-classpath-descriptor) @ ozone-dist ---
[INFO] Wrote classpath file '/home/runner/work/ozone/ozone/hadoop-ozone/dist/target/classes/ozone-dist.classpath'.
[INFO] 
[INFO] --- remote-resources:3.3.0:process (default) @ ozone-dist ---
[INFO] Preparing remote bundle org.apache.ozone:ozone-dev-support:2.3.0-SNAPSHOT
[INFO] Copying 2 resources from 1 bundle.
[INFO] 
[INFO] --- resources:3.5.0:resources (default-resources) @ ozone-dist ---
[INFO] skip non existing resourceDirectory /home/runner/work/ozone/ozone/hadoop-ozone/dist/src/main/resources
[INFO] Copying 2 resources from target/maven-shared-archive-resources to target/classes
[INFO] 
[INFO] --- compiler:3.15.0:compile (default-compile) @ ozone-dist ---
[INFO] No sources to compile
[INFO] 
[INFO] --- resources:3.5.0:copy-resources (copy-compose-files) @ ozone-dist ---
[INFO] Copying 193 resources from src/main/compose to target/compose
[INFO] 
[INFO] --- resources:3.5.0:copy-resources (copy-k8s) @ ozone-dist ---
[INFO] Copying 159 resources from src/main/k8s to target/k8s
[INFO] 
[INFO] --- resources:3.5.0:copy-resources (copy-smoketest-files) @ ozone-dist ---
[INFO] Copying 180 resources from src/main/smoketest to target/smoketest
[INFO] 
[INFO] --- resources:3.5.0:testResources (default-testResources) @ ozone-dist ---
[INFO] Not copying test resources
[INFO] 
[INFO] --- compiler:3.15.0:testCompile (default-testCompile) @ ozone-dist ---
[INFO] Skipped
[INFO] 
[INFO] --- surefire:3.5.2:test (default-test) @ ozone-dist ---
[INFO] Skipped
[INFO] 
[INFO] --- exec:3.6.3:exec (dist) @ ozone-dist ---

Current directory /home/runner/work/ozone/ozone/hadoop-ozone/dist/target

$ rm -rf ozone-2.3.0-SNAPSHOT
$ mkdir ozone-2.3.0-SNAPSHOT
$ cd ozone-2.3.0-SNAPSHOT
$ cp -p /home/runner/work/ozone/ozone/hadoop-ozone/dist/src/main/license/bin/NOTICE.txt NOTICE.txt
$ cp -p /home/runner/work/ozone/ozone/hadoop-ozone/dist/src/main/license/bin/LICENSE.txt LICENSE.txt
$ cp -pr /home/runner/work/ozone/ozone/hadoop-ozone/dist/src/main/license/bin/licenses licenses
$ cp -p /home/runner/work/ozone/ozone/hadoop-ozone/recon/src/main/resources/webapps/recon/ozone-recon-web/LICENSE licenses/LICENSE-ozone-recon.txt
$ cp -p /home/runner/work/ozone/ozone/README.md .
$ cp -p /home/runner/work/ozone/ozone/HISTORY.md .
$ cp -p /home/runner/work/ozone/ozone/SECURITY.md .
$ cp -p /home/runner/work/ozone/ozone/CONTRIBUTING.md .
$ mkdir -p ./share/ozone/classpath
$ mkdir -p ./share/ozone/lib
$ mkdir -p ./share/ozone/web
$ mkdir -p ./bin
$ mkdir -p ./sbin
$ mkdir -p ./etc
$ mkdir -p ./libexec
$ mkdir -p ./log
$ mkdir -p ./temp
$ mkdir -p ./tests
$ cp -r /home/runner/work/ozone/ozone/hadoop-hdds/common/src/main/conf/ etc/hadoop
$ cp /home/runner/work/ozone/ozone/hadoop-ozone/dist/src/shell/conf/om-audit-log4j2.properties etc/hadoop
$ cp /home/runner/work/ozone/ozone/hadoop-ozone/dist/src/shell/conf/dn-audit-log4j2.properties etc/hadoop
$ cp /home/runner/work/ozone/ozone/hadoop-ozone/dist/src/shell/conf/dn-container-log4j2.properties etc/hadoop
$ cp /home/runner/work/ozone/ozone/hadoop-ozone/dist/src/shell/conf/scm-audit-log4j2.properties etc/hadoop
$ cp /home/runner/work/ozone/ozone/hadoop-ozone/dist/src/shell/conf/s3g-audit-log4j2.properties etc/hadoop
$ cp /home/runner/work/ozone/ozone/hadoop-ozone/dist/src/shell/conf/ozone-site.xml etc/hadoop
$ cp /home/runner/work/ozone/ozone/hadoop-ozone/dist/src/shell/conf/shell-logging.properties etc/hadoop
$ cp -f /home/runner/work/ozone/ozone/hadoop-ozone/dist/src/shell/conf/log4j.properties etc/hadoop
$ cp /home/runner/work/ozone/ozone/hadoop-hdds/framework/src/main/resources/network-topology-default.xml etc/hadoop
$ cp /home/runner/work/ozone/ozone/hadoop-hdds/framework/src/main/resources/network-topology-nodegroup.xml etc/hadoop
$ cp -r /home/runner/work/ozone/ozone/hadoop-ozone/dist/src/main/dockerlibexec/. libexec/
$ cp /home/runner/work/ozone/ozone/hadoop-ozone/dist/src/shell/ozone/ozone bin/
$ cp /home/runner/work/ozone/ozone/hadoop-ozone/dist/src/shell/ozone/ozone-config.sh libexec/
$ cp /home/runner/work/ozone/ozone/hadoop-ozone/dist/src/shell/ozone/ozone-functions.sh libexec/
$ cp -r /home/runner/work/ozone/ozone/hadoop-ozone/dist/src/shell/shellprofile.d libexec/
$ cp -r /home/runner/work/ozone/ozone/hadoop-ozone/dist/src/shell/upgrade libexec/
$ cp /home/runner/work/ozone/ozone/hadoop-ozone/dist/src/shell/hdds/hadoop-daemons.sh sbin/
$ cp /home/runner/work/ozone/ozone/hadoop-ozone/dist/src/shell/hdds/workers.sh sbin/
$ cp /home/runner/work/ozone/ozone/hadoop-ozone/dist/src/shell/ozone/start-ozone.sh sbin/
$ cp /home/runner/work/ozone/ozone/hadoop-ozone/dist/src/shell/ozone/stop-ozone.sh sbin/
$ cp -r /home/runner/work/ozone/ozone/hadoop-ozone/fault-injection-test/network-tests/src/test/blockade tests
$ cp -r /home/runner/work/ozone/ozone/dev-support/byteman share/ozone/
$ cp -p -R /home/runner/work/ozone/ozone/hadoop-ozone/dist/target/compose .
$ cp -p -r /home/runner/work/ozone/ozone/hadoop-ozone/dist/target/smoketest .
$ cp -p -r /home/runner/work/ozone/ozone/hadoop-ozone/dist/target/k8s kubernetes
$ mkdir compose/_keytabs
$ cp -p /home/runner/work/ozone/ozone/hadoop-hdds/framework/target/classes/hdds-server-framework.classpath share/ozone/classpath/
$ cp -p /home/runner/work/ozone/ozone/hadoop-hdds/server-scm/target/classes/hdds-server-scm.classpath share/ozone/classpath/
$ cp -p /home/runner/work/ozone/ozone/hadoop-ozone/cli-admin/target/classes/ozone-cli-admin.classpath share/ozone/classpath/
$ cp -p /home/runner/work/ozone/ozone/hadoop-ozone/cli-debug/target/classes/ozone-cli-debug.classpath share/ozone/classpath/
$ cp -p /home/runner/work/ozone/ozone/hadoop-ozone/cli-interactive/target/classes/ozone-cli-interactive.classpath share/ozone/classpath/
$ cp -p /home/runner/work/ozone/ozone/hadoop-ozone/cli-repair/target/classes/ozone-cli-repair.classpath share/ozone/classpath/
$ cp -p /home/runner/work/ozone/ozone/hadoop-ozone/cli-shell/target/classes/ozone-cli-shell.classpath share/ozone/classpath/
$ cp -p /home/runner/work/ozone/ozone/hadoop-ozone/datanode/target/classes/ozone-datanode.classpath share/ozone/classpath/
$ cp -p /home/runner/work/ozone/ozone/hadoop-ozone/dist/target/classes/ozone-dist.classpath share/ozone/classpath/
$ cp -p /home/runner/work/ozone/ozone/hadoop-ozone/freon/target/classes/ozone-freon.classpath share/ozone/classpath/
$ cp -p /home/runner/work/ozone/ozone/hadoop-ozone/httpfsgateway/target/classes/ozone-httpfsgateway.classpath share/ozone/classpath/
$ cp -p /home/runner/work/ozone/ozone/hadoop-ozone/iceberg/target/classes/ozone-iceberg.classpath share/ozone/classpath/
$ cp -p /home/runner/work/ozone/ozone/hadoop-ozone/insight/target/classes/ozone-insight.classpath share/ozone/classpath/
$ cp -p /home/runner/work/ozone/ozone/hadoop-ozone/multitenancy-ranger/target/classes/ozone-multitenancy-ranger.classpath share/ozone/classpath/
$ cp -p /home/runner/work/ozone/ozone/hadoop-ozone/ozone-manager/target/classes/ozone-manager.classpath share/ozone/classpath/
$ cp -p /home/runner/work/ozone/ozone/hadoop-ozone/recon/target/classes/ozone-recon.classpath share/ozone/classpath/
$ cp -p /home/runner/work/ozone/ozone/hadoop-ozone/s3gateway/target/classes/ozone-s3gateway.classpath share/ozone/classpath/
$ cp -p /home/runner/work/ozone/ozone/hadoop-ozone/tools/target/classes/ozone-tools.classpath share/ozone/classpath/
$ cp -p /home/runner/work/ozone/ozone/hadoop-ozone/vapor/target/classes/ozone-vapor.classpath share/ozone/classpath/
Found Hadoop native libraries. Copying to distribution...
$ mkdir -p ./lib/native
$ cp -rP /home/runner/work/ozone/ozone/target/native-lib/libhadoop.dylib /home/runner/work/ozone/ozone/target/native-lib/libhadoop.so /home/runner/work/ozone/ozone/target/native-lib/libhadoop_linux_aarch_64.so /home/runner/work/ozone/ozone/target/native-lib/libhadoop_linux_x86_64.so /home/runner/work/ozone/ozone/target/native-lib/libhadoop_osx_aarch_64.dylib ./lib/native
[INFO] 
[INFO] --- dependency:3.11.0:copy-dependencies (copy-jars) @ ozone-dist ---
[INFO] 
[INFO] ------------< org.apache.ozone:ozone-fault-injection-test >-------------
[INFO] Building Apache Ozone Fault Injection Tests 2.3.0-SNAPSHOT       [50/55]
[INFO]   from hadoop-ozone/fault-injection-test/pom.xml
[INFO] --------------------------------[ pom ]---------------------------------
[INFO] 
[INFO] --- sortpom:3.0.1:verify (default) @ ozone-fault-injection-test ---
[INFO] Verifying file /home/runner/work/ozone/ozone/hadoop-ozone/fault-injection-test/pom.xml
[INFO] 
[INFO] --- jacoco:0.8.15:prepare-agent (default-prepare-agent) @ ozone-fault-injection-test ---
[INFO] argLine set to -javaagent:/home/runner/.m2/repository/org/jacoco/org.jacoco.agent/0.8.15/org.jacoco.agent-0.8.15-runtime.jar=destfile=/home/runner/work/ozone/ozone/hadoop-ozone/fault-injection-test/target/jacoco.exec,includes=org.apache.hadoop.hdds.*:org.apache.hadoop.ozone.*:org.apache.hadoop.fs.ozone.*:org.apache.ozone.*:org.apache.hadoop.io_.*:org.apache.hadoop.ipc_.*:org.apache.hadoop.security_.*
[INFO] 
[INFO] --- enforcer:3.6.3:enforce (banned-rocksdb-imports) @ ozone-fault-injection-test ---
[INFO] Rule 0: org.apache.maven.plugins.enforcer.RestrictImports passed
[INFO] 
[INFO] --- enforcer:3.6.3:enforce (ban-imports) @ ozone-fault-injection-test ---
[INFO] Rule 0: org.apache.maven.plugins.enforcer.RestrictImports passed
[INFO] Rule 1: org.apache.maven.plugins.enforcer.RestrictImports passed
[INFO] Rule 2: org.apache.maven.plugins.enforcer.RestrictImports passed
[INFO] Rule 3: org.apache.maven.plugins.enforcer.RestrictImports passed
[INFO] Rule 4: org.apache.maven.plugins.enforcer.RestrictImports passed
[WARNING] EXPERIMENTAL FEATURE enabled. You have enabled full-compilation-unit parsing. Please be aware that experimental features might get removed or changed. Please share your feedback!
[INFO] Rule 5: org.apache.maven.plugins.enforcer.RestrictImports passed
[INFO] Rule 6: org.apache.maven.plugins.enforcer.RestrictImports passed
[INFO] Rule 7: org.apache.maven.plugins.enforcer.RestrictImports passed
[INFO] Rule 8: org.apache.maven.plugins.enforcer.RestrictImports passed
[INFO] Rule 9: org.apache.maven.plugins.enforcer.RestrictImports passed
[INFO] Rule 10: org.apache.maven.plugins.enforcer.RestrictImports passed
[INFO] Rule 11: org.apache.maven.plugins.enforcer.RestrictImports passed
[INFO] Rule 12: org.apache.maven.plugins.enforcer.RestrictImports passed
[INFO] 
[INFO] --- enforcer:3.6.3:enforce (ban-annotations) @ ozone-fault-injection-test ---
[INFO] Rule 0: org.apache.maven.plugins.enforcer.RestrictImports passed
[INFO] 
[INFO] --- dependency:3.11.0:build-classpath (add-classpath-descriptor) @ ozone-fault-injection-test ---
[INFO] Skipping plugin execution
[INFO] 
[INFO] --- remote-resources:3.3.0:process (default) @ ozone-fault-injection-test ---
[INFO] Preparing remote bundle org.apache.ozone:ozone-dev-support:2.3.0-SNAPSHOT
[INFO] Copying 2 resources from 1 bundle.
[INFO] 
[INFO] --- dependency:3.11.0:copy-dependencies (copy-jars) @ ozone-fault-injection-test ---
[INFO] Skipping plugin execution
[INFO] 
[INFO] --- jar:3.5.1:test-jar (default) @ ozone-fault-injection-test ---
[WARNING] JAR will be empty - no content was marked for inclusion!
[INFO] Building jar: /home/runner/work/ozone/ozone/hadoop-ozone/fault-injection-test/target/ozone-fault-injection-test-2.3.0-SNAPSHOT-tests.jar
[INFO] 
[INFO] --- dependency:3.11.0:analyze-only (analyze) @ ozone-fault-injection-test ---
[INFO] Skipping pom project
[INFO] 
[INFO] ----------------< org.apache.ozone:ozone-network-tests >----------------
[INFO] Building Apache Ozone Network Tests 2.3.0-SNAPSHOT               [51/55]
[INFO]   from hadoop-ozone/fault-injection-test/network-tests/pom.xml
[INFO] --------------------------------[ jar ]---------------------------------
[INFO] 
[INFO] --- sortpom:3.0.1:verify (default) @ ozone-network-tests ---
[INFO] Verifying file /home/runner/work/ozone/ozone/hadoop-ozone/fault-injection-test/network-tests/pom.xml
[INFO] 
[INFO] --- jacoco:0.8.15:prepare-agent (default-prepare-agent) @ ozone-network-tests ---
[INFO] argLine set to -javaagent:/home/runner/.m2/repository/org/jacoco/org.jacoco.agent/0.8.15/org.jacoco.agent-0.8.15-runtime.jar=destfile=/home/runner/work/ozone/ozone/hadoop-ozone/fault-injection-test/network-tests/target/jacoco.exec,includes=org.apache.hadoop.hdds.*:org.apache.hadoop.ozone.*:org.apache.hadoop.fs.ozone.*:org.apache.ozone.*:org.apache.hadoop.io_.*:org.apache.hadoop.ipc_.*:org.apache.hadoop.security_.*
[INFO] 
[INFO] --- enforcer:3.6.3:enforce (banned-rocksdb-imports) @ ozone-network-tests ---
[INFO] Rule 0: org.apache.maven.plugins.enforcer.RestrictImports passed
[INFO] 
[INFO] --- enforcer:3.6.3:enforce (ban-imports) @ ozone-network-tests ---
[INFO] Rule 0: org.apache.maven.plugins.enforcer.RestrictImports passed
[INFO] Rule 1: org.apache.maven.plugins.enforcer.RestrictImports passed
[INFO] Rule 2: org.apache.maven.plugins.enforcer.RestrictImports passed
[INFO] Rule 3: org.apache.maven.plugins.enforcer.RestrictImports passed
[INFO] Rule 4: org.apache.maven.plugins.enforcer.RestrictImports passed
[WARNING] EXPERIMENTAL FEATURE enabled. You have enabled full-compilation-unit parsing. Please be aware that experimental features might get removed or changed. Please share your feedback!
[INFO] Rule 5: org.apache.maven.plugins.enforcer.RestrictImports passed
[INFO] Rule 6: org.apache.maven.plugins.enforcer.RestrictImports passed
[INFO] Rule 7: org.apache.maven.plugins.enforcer.RestrictImports passed
[INFO] Rule 8: org.apache.maven.plugins.enforcer.RestrictImports passed
[INFO] Rule 9: org.apache.maven.plugins.enforcer.RestrictImports passed
[INFO] Rule 10: org.apache.maven.plugins.enforcer.RestrictImports passed
[INFO] Rule 11: org.apache.maven.plugins.enforcer.RestrictImports passed
[INFO] Rule 12: org.apache.maven.plugins.enforcer.RestrictImports passed
[INFO] 
[INFO] --- enforcer:3.6.3:enforce (ban-annotations) @ ozone-network-tests ---
[INFO] Rule 0: org.apache.maven.plugins.enforcer.RestrictImports passed
[INFO] 
[INFO] --- dependency:3.11.0:build-classpath (add-classpath-descriptor) @ ozone-network-tests ---
[INFO] Skipping plugin execution
[INFO] 
[INFO] --- remote-resources:3.3.0:process (default) @ ozone-network-tests ---
[INFO] Preparing remote bundle org.apache.ozone:ozone-dev-support:2.3.0-SNAPSHOT
[INFO] Copying 2 resources from 1 bundle.
[INFO] 
[INFO] --- resources:3.5.0:resources (default-resources) @ ozone-network-tests ---
[INFO] skip non existing resourceDirectory /home/runner/work/ozone/ozone/hadoop-ozone/fault-injection-test/network-tests/src/main/resources
[INFO] Copying 2 resources from target/maven-shared-archive-resources to target/classes
[INFO] 
[INFO] --- resources:3.5.0:copy-resources (copy-resources) @ ozone-network-tests ---
[INFO] Copying 2 resources from src/test/compose to target
[INFO] 
[INFO] --- compiler:3.15.0:compile (default-compile) @ ozone-network-tests ---
[INFO] No sources to compile
[INFO] 
[INFO] --- resources:3.5.0:testResources (default-testResources) @ ozone-network-tests ---
[INFO] Not copying test resources
[INFO] 
[INFO] --- compiler:3.15.0:testCompile (default-testCompile) @ ozone-network-tests ---
[INFO] Skipped
[INFO] 
[INFO] --- surefire:3.5.2:test (default-test) @ ozone-network-tests ---
[INFO] Skipped
[INFO] 
[INFO] --- dependency:3.11.0:copy-dependencies (copy-jars) @ ozone-network-tests ---
[INFO] Skipping plugin execution
[INFO] 
[INFO] --- jar:3.5.1:jar (default-jar) @ ozone-network-tests ---
[INFO] Building jar: /home/runner/work/ozone/ozone/hadoop-ozone/fault-injection-test/network-tests/target/ozone-network-tests-2.3.0-SNAPSHOT.jar
[INFO] 
[INFO] --- jar:3.5.1:test-jar (default) @ ozone-network-tests ---
[INFO] Skipping packaging of the test-jar
[INFO] 
[INFO] --- dependency:3.11.0:analyze-only (analyze) @ ozone-network-tests ---
[INFO] No dependency problems found
[INFO] 
[INFO] ----------------< org.apache.ozone:ozone-mini-cluster >-----------------
[INFO] Building Apache Ozone Mini Cluster 2.3.0-SNAPSHOT                [52/55]
[INFO]   from hadoop-ozone/mini-cluster/pom.xml
[INFO] --------------------------------[ jar ]---------------------------------
[INFO] 
[INFO] --- sortpom:3.0.1:verify (default) @ ozone-mini-cluster ---
[INFO] Verifying file /home/runner/work/ozone/ozone/hadoop-ozone/mini-cluster/pom.xml
[INFO] 
[INFO] --- jacoco:0.8.15:prepare-agent (default-prepare-agent) @ ozone-mini-cluster ---
[INFO] argLine set to -javaagent:/home/runner/.m2/repository/org/jacoco/org.jacoco.agent/0.8.15/org.jacoco.agent-0.8.15-runtime.jar=destfile=/home/runner/work/ozone/ozone/hadoop-ozone/mini-cluster/target/jacoco.exec,includes=org.apache.hadoop.hdds.*:org.apache.hadoop.ozone.*:org.apache.hadoop.fs.ozone.*:org.apache.ozone.*:org.apache.hadoop.io_.*:org.apache.hadoop.ipc_.*:org.apache.hadoop.security_.*
[INFO] 
[INFO] --- enforcer:3.6.3:enforce (banned-rocksdb-imports) @ ozone-mini-cluster ---
[INFO] Rule 0: org.apache.maven.plugins.enforcer.RestrictImports passed
[INFO] 
[INFO] --- enforcer:3.6.3:enforce (ban-imports) @ ozone-mini-cluster ---
[INFO] Rule 0: org.apache.maven.plugins.enforcer.RestrictImports passed
[INFO] Rule 1: org.apache.maven.plugins.enforcer.RestrictImports passed
[INFO] Rule 2: org.apache.maven.plugins.enforcer.RestrictImports passed
[INFO] Rule 3: org.apache.maven.plugins.enforcer.RestrictImports passed
[INFO] Rule 4: org.apache.maven.plugins.enforcer.RestrictImports passed
[WARNING] EXPERIMENTAL FEATURE enabled. You have enabled full-compilation-unit parsing. Please be aware that experimental features might get removed or changed. Please share your feedback!
[INFO] Rule 5: org.apache.maven.plugins.enforcer.RestrictImports passed
[INFO] Rule 6: org.apache.maven.plugins.enforcer.RestrictImports passed
[INFO] Rule 7: org.apache.maven.plugins.enforcer.RestrictImports passed
[INFO] Rule 8: org.apache.maven.plugins.enforcer.RestrictImports passed
[INFO] Rule 9: org.apache.maven.plugins.enforcer.RestrictImports passed
[INFO] Rule 10: org.apache.maven.plugins.enforcer.RestrictImports passed
[INFO] Rule 11: org.apache.maven.plugins.enforcer.RestrictImports passed
[INFO] Rule 12: org.apache.maven.plugins.enforcer.RestrictImports passed
[INFO] 
[INFO] --- enforcer:3.6.3:enforce (ban-annotations) @ ozone-mini-cluster ---
[INFO] Rule 0: org.apache.maven.plugins.enforcer.RestrictImports passed
[INFO] 
[INFO] --- dependency:3.11.0:build-classpath (add-classpath-descriptor) @ ozone-mini-cluster ---
[INFO] Skipping plugin execution
[INFO] 
[INFO] --- remote-resources:3.3.0:process (default) @ ozone-mini-cluster ---
[INFO] Preparing remote bundle org.apache.ozone:ozone-dev-support:2.3.0-SNAPSHOT
[INFO] Copying 2 resources from 1 bundle.
[INFO] 
[INFO] --- resources:3.5.0:resources (default-resources) @ ozone-mini-cluster ---
[INFO] skip non existing resourceDirectory /home/runner/work/ozone/ozone/hadoop-ozone/mini-cluster/src/main/resources
[INFO] Copying 2 resources from target/maven-shared-archive-resources to target/classes
[INFO] 
[INFO] --- compiler:3.15.0:compile (default-compile) @ ozone-mini-cluster ---
[INFO] Compiling 7 source files with javac [debug release 8] to target/classes
[WARNING] source value 8 is obsolete and will be removed in a future release
[WARNING] target value 8 is obsolete and will be removed in a future release
[WARNING] To suppress warnings about obsolete options, use -Xlint:-options.
[INFO] 
[INFO] --- resources:3.5.0:testResources (default-testResources) @ ozone-mini-cluster ---
[INFO] skip non existing resourceDirectory /home/runner/work/ozone/ozone/hadoop-ozone/mini-cluster/src/test/resources
[INFO] Copying 2 resources from target/maven-shared-archive-resources to target/test-classes
[INFO] 
[INFO] --- compiler:3.15.0:testCompile (default-testCompile) @ ozone-mini-cluster ---
[INFO] No sources to compile
[INFO] 
[INFO] --- surefire:3.5.2:test (default-test) @ ozone-mini-cluster ---
[INFO] Using auto detected provider org.apache.maven.surefire.junitplatform.JUnitPlatformProvider
[INFO] 
[INFO] --- dependency:3.11.0:copy-dependencies (copy-jars) @ ozone-mini-cluster ---
[INFO] Skipping plugin execution
[INFO] 
[INFO] --- jar:3.5.1:jar (default-jar) @ ozone-mini-cluster ---
[INFO] Building jar: /home/runner/work/ozone/ozone/hadoop-ozone/mini-cluster/target/ozone-mini-cluster-2.3.0-SNAPSHOT.jar
[INFO] 
[INFO] --- jar:3.5.1:test-jar (default) @ ozone-mini-cluster ---
[INFO] Building jar: /home/runner/work/ozone/ozone/hadoop-ozone/mini-cluster/target/ozone-mini-cluster-2.3.0-SNAPSHOT-tests.jar
[INFO] 
[INFO] --- dependency:3.11.0:analyze-only (analyze) @ ozone-mini-cluster ---
[INFO] No dependency problems found
[INFO] 
[INFO] --------------< org.apache.ozone:ozone-integration-test >---------------
[INFO] Building Apache Ozone Integration Tests 2.3.0-SNAPSHOT           [53/55]
[INFO]   from hadoop-ozone/integration-test/pom.xml
[INFO] --------------------------------[ jar ]---------------------------------
[INFO] 
[INFO] --- sortpom:3.0.1:verify (default) @ ozone-integration-test ---
[INFO] Verifying file /home/runner/work/ozone/ozone/hadoop-ozone/integration-test/pom.xml
[INFO] 
[INFO] --- jacoco:0.8.15:prepare-agent (default-prepare-agent) @ ozone-integration-test ---
[INFO] argLine set to -javaagent:/home/runner/.m2/repository/org/jacoco/org.jacoco.agent/0.8.15/org.jacoco.agent-0.8.15-runtime.jar=destfile=/home/runner/work/ozone/ozone/hadoop-ozone/integration-test/target/jacoco.exec,includes=org.apache.hadoop.hdds.*:org.apache.hadoop.ozone.*:org.apache.hadoop.fs.ozone.*:org.apache.ozone.*:org.apache.hadoop.io_.*:org.apache.hadoop.ipc_.*:org.apache.hadoop.security_.*
[INFO] 
[INFO] --- enforcer:3.6.3:enforce (banned-rocksdb-imports) @ ozone-integration-test ---
[INFO] Rule 0: org.apache.maven.plugins.enforcer.RestrictImports passed
[INFO] 
[INFO] --- enforcer:3.6.3:enforce (ban-imports) @ ozone-integration-test ---
[INFO] Rule 0: org.apache.maven.plugins.enforcer.RestrictImports passed
[INFO] Rule 1: org.apache.maven.plugins.enforcer.RestrictImports passed
[INFO] Rule 2: org.apache.maven.plugins.enforcer.RestrictImports passed
[INFO] Rule 3: org.apache.maven.plugins.enforcer.RestrictImports passed
[INFO] Rule 4: org.apache.maven.plugins.enforcer.RestrictImports passed
[WARNING] EXPERIMENTAL FEATURE enabled. You have enabled full-compilation-unit parsing. Please be aware that experimental features might get removed or changed. Please share your feedback!
[INFO] Rule 5: org.apache.maven.plugins.enforcer.RestrictImports passed
[INFO] Rule 6: org.apache.maven.plugins.enforcer.RestrictImports passed
[INFO] Rule 7: org.apache.maven.plugins.enforcer.RestrictImports passed
[INFO] Rule 8: org.apache.maven.plugins.enforcer.RestrictImports passed
[INFO] Rule 9: org.apache.maven.plugins.enforcer.RestrictImports passed
[INFO] Rule 10: org.apache.maven.plugins.enforcer.RestrictImports passed
[INFO] Rule 11: org.apache.maven.plugins.enforcer.RestrictImports passed
[INFO] Rule 12: org.apache.maven.plugins.enforcer.RestrictImports passed
[INFO] 
[INFO] --- enforcer:3.6.3:enforce (ban-annotations) @ ozone-integration-test ---
[INFO] Rule 0: org.apache.maven.plugins.enforcer.RestrictImports passed
[INFO] 
[INFO] --- dependency:3.11.0:build-classpath (add-classpath-descriptor) @ ozone-integration-test ---
[INFO] Skipping plugin execution
[INFO] 
[INFO] --- remote-resources:3.3.0:process (default) @ ozone-integration-test ---
[INFO] Preparing remote bundle org.apache.ozone:ozone-dev-support:2.3.0-SNAPSHOT
[INFO] Copying 2 resources from 1 bundle.
[INFO] 
[INFO] --- resources:3.5.0:resources (default-resources) @ ozone-integration-test ---
[INFO] skip non existing resourceDirectory /home/runner/work/ozone/ozone/hadoop-ozone/integration-test/src/main/resources
[INFO] Copying 2 resources from target/maven-shared-archive-resources to target/classes
[INFO] 
[INFO] --- compiler:3.15.0:compile (default-compile) @ ozone-integration-test ---
[INFO] No sources to compile
[INFO] 
[INFO] --- resources:3.5.0:testResources (default-testResources) @ ozone-integration-test ---
[INFO] Copying 22 resources from src/test/resources to target/test-classes
[INFO] Copying 2 resources from target/maven-shared-archive-resources to target/test-classes
[INFO] 
[INFO] --- compiler:3.15.0:testCompile (default-testCompile) @ ozone-integration-test ---
[INFO] Compiling 349 source files with javac [debug release 8] to target/test-classes
[WARNING] source value 8 is obsolete and will be removed in a future release
[WARNING] target value 8 is obsolete and will be removed in a future release
[WARNING] To suppress warnings about obsolete options, use -Xlint:-options.
[INFO] /home/runner/work/ozone/ozone/hadoop-ozone/integration-test/src/test/java/org/apache/hadoop/ozone/shell/TestOzoneDatanodeShell.java: Some input files use or override a deprecated API.
[INFO] /home/runner/work/ozone/ozone/hadoop-ozone/integration-test/src/test/java/org/apache/hadoop/ozone/shell/TestOzoneDatanodeShell.java: Recompile with -Xlint:deprecation for details.
[INFO] /home/runner/work/ozone/ozone/hadoop-ozone/integration-test/src/test/java/org/apache/hadoop/ozone/om/TestListKeys.java: Some input files use unchecked or unsafe operations.
[INFO] /home/runner/work/ozone/ozone/hadoop-ozone/integration-test/src/test/java/org/apache/hadoop/ozone/om/TestListKeys.java: Recompile with -Xlint:unchecked for details.
[INFO] 
[INFO] --- surefire:3.5.2:test (default-test) @ ozone-integration-test ---
[INFO] Using auto detected provider org.apache.maven.surefire.junitplatform.JUnitPlatformProvider
[INFO] Using auto detected provider org.apache.maven.surefire.junitplatform.JUnitPlatformProvider
[INFO] Using auto detected provider org.apache.maven.surefire.junitplatform.JUnitPlatformProvider
[INFO] 
[INFO] -------------------------------------------------------
[INFO]  T E S T S
[INFO] -------------------------------------------------------
[INFO] Running org.apache.hadoop.ozone.om.TestOMDbCheckpointServletInodeBasedXfer
[INFO] Tests run: 15, Failures: 0, Errors: 0, Skipped: 0, Time elapsed: 45.37 s -- in org.apache.hadoop.ozone.om.TestOMDbCheckpointServletInodeBasedXfer
[INFO] Running org.apache.hadoop.ozone.om.TestAddRemoveOzoneManager
[INFO] Tests run: 6, Failures: 0, Errors: 0, Skipped: 0, Time elapsed: 252.5 s -- in org.apache.hadoop.ozone.om.TestAddRemoveOzoneManager
[INFO] Running org.apache.hadoop.ozone.om.TestOmInit
[INFO] Tests run: 1, Failures: 0, Errors: 0, Skipped: 0, Time elapsed: 21.44 s -- in org.apache.hadoop.ozone.om.TestOmInit
[INFO] Running org.apache.hadoop.ozone.om.TestOmConf
[INFO] Tests run: 1, Failures: 0, Errors: 0, Skipped: 0, Time elapsed: 0.378 s -- in org.apache.hadoop.ozone.om.TestOmConf
[INFO] Running org.apache.hadoop.ozone.om.TestOmStartupSlvLessThanMlv
[INFO] Tests run: 1, Failures: 0, Errors: 0, Skipped: 0, Time elapsed: 6.764 s -- in org.apache.hadoop.ozone.om.TestOmStartupSlvLessThanMlv
[INFO] Running org.apache.hadoop.ozone.om.TestOzoneManagerHAWithStoppedNodes
[INFO] Tests run: 13, Failures: 0, Errors: 0, Skipped: 0, Time elapsed: 178.1 s -- in org.apache.hadoop.ozone.om.TestOzoneManagerHAWithStoppedNodes
[INFO] Running org.apache.hadoop.ozone.om.TestOMUpgradeFinalization
[INFO] Tests run: 1, Failures: 0, Errors: 0, Skipped: 0, Time elapsed: 93.39 s -- in org.apache.hadoop.ozone.om.TestOMUpgradeFinalization
[INFO] Running org.apache.hadoop.ozone.om.TestOzoneManagerRestart
[INFO] Tests run: 3, Failures: 0, Errors: 0, Skipped: 0, Time elapsed: 59.00 s -- in org.apache.hadoop.ozone.om.TestOzoneManagerRestart
[INFO] Running org.apache.hadoop.ozone.om.multitenant.TestMultiTenantVolume
[INFO] Tests run: 5, Failures: 0, Errors: 0, Skipped: 0, Time elapsed: 14.85 s -- in org.apache.hadoop.ozone.om.multitenant.TestMultiTenantVolume
[INFO] Running org.apache.hadoop.ozone.om.TestKeyManagerImpl
[INFO] Tests run: 38, Failures: 0, Errors: 0, Skipped: 0, Time elapsed: 198.8 s -- in org.apache.hadoop.ozone.om.TestKeyManagerImpl
[INFO] Running org.apache.hadoop.ozone.om.TestOmContainerLocationCache
[INFO] Tests run: 15, Failures: 0, Errors: 0, Skipped: 0, Time elapsed: 25.43 s -- in org.apache.hadoop.ozone.om.TestOmContainerLocationCache
[INFO] Running org.apache.hadoop.ozone.om.TestOzoneManagerRocksDBLogging
[INFO] Tests run: 1, Failures: 0, Errors: 0, Skipped: 0, Time elapsed: 54.71 s -- in org.apache.hadoop.ozone.om.TestOzoneManagerRocksDBLogging
[INFO] Running org.apache.hadoop.ozone.om.TestOMRatisSnapshotTransfer
[INFO] Running org.apache.hadoop.ozone.om.TestOMRatisSnapshotTransfer
[INFO] Tests run: 1, Failures: 0, Errors: 0, Skipped: 0, Time elapsed: 80.32 s -- in org.apache.hadoop.ozone.om.TestOMRatisSnapshotTransfer
[INFO] Running org.apache.hadoop.ozone.om.TestOMRatisSnapshotTransfer
[INFO] Tests run: 1, Failures: 0, Errors: 0, Skipped: 0, Time elapsed: 62.10 s -- in org.apache.hadoop.ozone.om.TestOMRatisSnapshotTransfer
[INFO] Tests run: 0, Failures: 0, Errors: 0, Skipped: 0, Time elapsed: 142.5 s -- in org.apache.hadoop.ozone.om.TestOMRatisSnapshotTransfer
[INFO] Running org.apache.hadoop.ozone.om.TestOmAcls
[INFO] Tests run: 9, Failures: 0, Errors: 0, Skipped: 0, Time elapsed: 26.00 s -- in org.apache.hadoop.ozone.om.TestOmAcls
[INFO] Running org.apache.hadoop.ozone.om.TestSecureOzoneManager
[INFO] Tests run: 2, Failures: 0, Errors: 0, Skipped: 0, Time elapsed: 1.959 s -- in org.apache.hadoop.ozone.om.TestSecureOzoneManager
[INFO] Running org.apache.hadoop.ozone.om.TestOzoneManagerConfiguration
[INFO] Tests run: 9, Failures: 0, Errors: 0, Skipped: 0, Time elapsed: 52.51 s -- in org.apache.hadoop.ozone.om.TestOzoneManagerConfiguration
[INFO] Running org.apache.hadoop.ozone.om.service.TestDirectoryDeletingServiceWithFSO
[INFO] Tests run: 8, Failures: 0, Errors: 0, Skipped: 0, Time elapsed: 73.65 s -- in org.apache.hadoop.ozone.om.service.TestDirectoryDeletingServiceWithFSO
[INFO] Running org.apache.hadoop.ozone.om.service.TestBlockDeletionService
[INFO] Tests run: 7, Failures: 0, Errors: 0, Skipped: 0, Time elapsed: 38.02 s -- in org.apache.hadoop.ozone.om.service.TestBlockDeletionService
[INFO] Running org.apache.hadoop.ozone.om.service.TestRootedDDSWithFSO
[INFO] Tests run: 1, Failures: 0, Errors: 0, Skipped: 0, Time elapsed: 30.04 s -- in org.apache.hadoop.ozone.om.service.TestRootedDDSWithFSO
[INFO] Running org.apache.hadoop.ozone.om.TestOMStartupWithBucketLayout
[INFO] Tests run: 2, Failures: 0, Errors: 0, Skipped: 0, Time elapsed: 52.54 s -- in org.apache.hadoop.ozone.om.TestOMStartupWithBucketLayout
[INFO] Running org.apache.hadoop.ozone.om.TestOzoneManagerHAFollowerReadWithStoppedNodes
[INFO] Tests run: 8, Failures: 0, Errors: 0, Skipped: 0, Time elapsed: 193.2 s -- in org.apache.hadoop.ozone.om.TestOzoneManagerHAFollowerReadWithStoppedNodes
[INFO] Running org.apache.hadoop.ozone.om.TestOmMetrics
[INFO] Tests run: 8, Failures: 0, Errors: 0, Skipped: 0, Time elapsed: 29.29 s -- in org.apache.hadoop.ozone.om.TestOmMetrics
[INFO] Running org.apache.hadoop.ozone.om.TestOzoneManagerHAWithAllRunning
[INFO] Tests run: 30, Failures: 0, Errors: 0, Skipped: 0, Time elapsed: 77.74 s -- in org.apache.hadoop.ozone.om.TestOzoneManagerHAWithAllRunning
[INFO] Running org.apache.hadoop.ozone.om.TestOMBucketLayoutUpgrade
[INFO] Tests run: 8, Failures: 0, Errors: 0, Skipped: 0, Time elapsed: 26.27 s -- in org.apache.hadoop.ozone.om.TestOMBucketLayoutUpgrade
[INFO] Running org.apache.hadoop.ozone.om.TestOMHALeaderSpecificACLEnforcement
[INFO] Tests run: 2, Failures: 0, Errors: 0, Skipped: 0, Time elapsed: 44.94 s -- in org.apache.hadoop.ozone.om.TestOMHALeaderSpecificACLEnforcement
[INFO] Running org.apache.hadoop.ozone.om.TestOMDbCheckpointServlet
[INFO] Tests run: 2, Failures: 0, Errors: 0, Skipped: 0, Time elapsed: 46.36 s -- in org.apache.hadoop.ozone.om.TestOMDbCheckpointServlet
[INFO] Running org.apache.hadoop.ozone.om.TestOzoneManagerListVolumesSecure
[INFO] Running org.apache.hadoop.ozone.om.TestOzoneManagerListVolumesSecure$AclDisabled
[INFO] Tests run: 2, Failures: 0, Errors: 0, Skipped: 0, Time elapsed: 12.45 s -- in org.apache.hadoop.ozone.om.TestOzoneManagerListVolumesSecure$AclDisabled
[INFO] Running org.apache.hadoop.ozone.om.TestOzoneManagerListVolumesSecure$AclEnabled
[INFO] Tests run: 4, Failures: 0, Errors: 0, Skipped: 0, Time elapsed: 8.123 s -- in org.apache.hadoop.ozone.om.TestOzoneManagerListVolumesSecure$AclEnabled
[INFO] Tests run: 0, Failures: 0, Errors: 0, Skipped: 0, Time elapsed: 22.22 s -- in org.apache.hadoop.ozone.om.TestOzoneManagerListVolumesSecure
[INFO] Running org.apache.hadoop.ozone.om.TestOMBootstrap
[INFO] Running org.apache.hadoop.ozone.om.TestOMBootstrap
[INFO] Tests run: 1, Failures: 0, Errors: 0, Skipped: 0, Time elapsed: 38.96 s -- in org.apache.hadoop.ozone.om.TestOMBootstrap
[INFO] Running org.apache.hadoop.ozone.om.TestOMBootstrap
[INFO] Tests run: 1, Failures: 0, Errors: 0, Skipped: 0, Time elapsed: 31.13 s -- in org.apache.hadoop.ozone.om.TestOMBootstrap
[INFO] Tests run: 0, Failures: 0, Errors: 0, Skipped: 0, Time elapsed: 70.17 s -- in org.apache.hadoop.ozone.om.TestOMBootstrap
[INFO] Running org.apache.hadoop.ozone.om.TestOMRatisSnapshots
[INFO] Tests run: 7, Failures: 0, Errors: 0, Skipped: 0, Time elapsed: 194.3 s -- in org.apache.hadoop.ozone.om.TestOMRatisSnapshots
[INFO] Running org.apache.hadoop.ozone.om.TestOzoneManagerHAFollowerReadWithAllRunning
[INFO] Tests run: 13, Failures: 0, Errors: 0, Skipped: 0, Time elapsed: 61.51 s -- in org.apache.hadoop.ozone.om.TestOzoneManagerHAFollowerReadWithAllRunning
[INFO] Running org.apache.hadoop.ozone.om.TestKeyPurging
[INFO] Tests run: 1, Failures: 0, Errors: 0, Skipped: 0, Time elapsed: 21.40 s -- in org.apache.hadoop.ozone.om.TestKeyPurging
[INFO] Running org.apache.hadoop.ozone.om.TestOMInstallSnapshotDuringBootstrapping
[INFO] Tests run: 1, Failures: 0, Errors: 0, Skipped: 0, Time elapsed: 35.71 s -- in org.apache.hadoop.ozone.om.TestOMInstallSnapshotDuringBootstrapping
[INFO] 
[INFO] Results:
[INFO] 
[INFO] Tests run: 228, Failures: 0, Errors: 0, Skipped: 0
[INFO] 
[INFO] 
[INFO] --- dependency:3.11.0:copy-dependencies (copy-jars) @ ozone-integration-test ---
[INFO] Skipping plugin execution
[INFO] 
[INFO] --- jar:3.5.1:jar (default-jar) @ ozone-integration-test ---
[INFO] Building jar: /home/runner/work/ozone/ozone/hadoop-ozone/integration-test/target/ozone-integration-test-2.3.0-SNAPSHOT.jar
[INFO] 
[INFO] --- jar:3.5.1:test-jar (default) @ ozone-integration-test ---
[INFO] Building jar: /home/runner/work/ozone/ozone/hadoop-ozone/integration-test/target/ozone-integration-test-2.3.0-SNAPSHOT-tests.jar
[INFO] 
[INFO] --- dependency:3.11.0:analyze-only (analyze) @ ozone-integration-test ---
[INFO] No dependency problems found
[INFO] 
[INFO] -----------< org.apache.ozone:ozone-integration-test-recon >------------
[INFO] Building Apache Ozone Recon Integration Tests 2.3.0-SNAPSHOT     [54/55]
[INFO]   from hadoop-ozone/integration-test-recon/pom.xml
[INFO] --------------------------------[ jar ]---------------------------------
[INFO] 
[INFO] --- sortpom:3.0.1:verify (default) @ ozone-integration-test-recon ---
[INFO] Verifying file /home/runner/work/ozone/ozone/hadoop-ozone/integration-test-recon/pom.xml
[INFO] 
[INFO] --- jacoco:0.8.15:prepare-agent (default-prepare-agent) @ ozone-integration-test-recon ---
[INFO] argLine set to -javaagent:/home/runner/.m2/repository/org/jacoco/org.jacoco.agent/0.8.15/org.jacoco.agent-0.8.15-runtime.jar=destfile=/home/runner/work/ozone/ozone/hadoop-ozone/integration-test-recon/target/jacoco.exec,includes=org.apache.hadoop.hdds.*:org.apache.hadoop.ozone.*:org.apache.hadoop.fs.ozone.*:org.apache.ozone.*:org.apache.hadoop.io_.*:org.apache.hadoop.ipc_.*:org.apache.hadoop.security_.*
[INFO] 
[INFO] --- enforcer:3.6.3:enforce (banned-rocksdb-imports) @ ozone-integration-test-recon ---
[INFO] Rule 0: org.apache.maven.plugins.enforcer.RestrictImports passed
[INFO] 
[INFO] --- enforcer:3.6.3:enforce (ban-imports) @ ozone-integration-test-recon ---
[INFO] Rule 0: org.apache.maven.plugins.enforcer.RestrictImports passed
[INFO] Rule 1: org.apache.maven.plugins.enforcer.RestrictImports passed
[INFO] Rule 2: org.apache.maven.plugins.enforcer.RestrictImports passed
[INFO] Rule 3: org.apache.maven.plugins.enforcer.RestrictImports passed
[INFO] Rule 4: org.apache.maven.plugins.enforcer.RestrictImports passed
[WARNING] EXPERIMENTAL FEATURE enabled. You have enabled full-compilation-unit parsing. Please be aware that experimental features might get removed or changed. Please share your feedback!
[INFO] Rule 5: org.apache.maven.plugins.enforcer.RestrictImports passed
[INFO] Rule 6: org.apache.maven.plugins.enforcer.RestrictImports passed
[INFO] Rule 7: org.apache.maven.plugins.enforcer.RestrictImports passed
[INFO] Rule 8: org.apache.maven.plugins.enforcer.RestrictImports passed
[INFO] Rule 9: org.apache.maven.plugins.enforcer.RestrictImports passed
[INFO] Rule 10: org.apache.maven.plugins.enforcer.RestrictImports passed
[INFO] Rule 11: org.apache.maven.plugins.enforcer.RestrictImports passed
[INFO] Rule 12: org.apache.maven.plugins.enforcer.RestrictImports passed
[INFO] 
[INFO] --- enforcer:3.6.3:enforce (ban-annotations) @ ozone-integration-test-recon ---
[INFO] Rule 0: org.apache.maven.plugins.enforcer.RestrictImports passed
[INFO] 
[INFO] --- dependency:3.11.0:build-classpath (add-classpath-descriptor) @ ozone-integration-test-recon ---
[INFO] Skipping plugin execution
[INFO] 
[INFO] --- remote-resources:3.3.0:process (default) @ ozone-integration-test-recon ---
[INFO] Preparing remote bundle org.apache.ozone:ozone-dev-support:2.3.0-SNAPSHOT
[INFO] Copying 2 resources from 1 bundle.
[INFO] 
[INFO] --- resources:3.5.0:resources (default-resources) @ ozone-integration-test-recon ---
[INFO] skip non existing resourceDirectory /home/runner/work/ozone/ozone/hadoop-ozone/integration-test-recon/src/main/resources
[INFO] Copying 2 resources from target/maven-shared-archive-resources to target/classes
[INFO] 
[INFO] --- compiler:3.15.0:compile (default-compile) @ ozone-integration-test-recon ---
[INFO] No sources to compile
[INFO] 
[INFO] --- resources:3.5.0:testResources (default-testResources) @ ozone-integration-test-recon ---
[INFO] Copying 1 resource from src/test/resources to target/test-classes
[INFO] Copying 2 resources from target/maven-shared-archive-resources to target/test-classes
[INFO] 
[INFO] --- compiler:3.15.0:testCompile (default-testCompile) @ ozone-integration-test-recon ---
[INFO] Compiling 21 source files with javac [debug release 8] to target/test-classes
[WARNING] source value 8 is obsolete and will be removed in a future release
[WARNING] target value 8 is obsolete and will be removed in a future release
[WARNING] To suppress warnings about obsolete options, use -Xlint:-options.
[INFO] /home/runner/work/ozone/ozone/hadoop-ozone/integration-test-recon/src/test/java/org/apache/hadoop/ozone/recon/TestReconWithOzoneManager.java: Some input files use or override a deprecated API.
[INFO] /home/runner/work/ozone/ozone/hadoop-ozone/integration-test-recon/src/test/java/org/apache/hadoop/ozone/recon/TestReconWithOzoneManager.java: Recompile with -Xlint:deprecation for details.
[INFO] /home/runner/work/ozone/ozone/hadoop-ozone/integration-test-recon/src/test/java/org/apache/hadoop/ozone/recon/AbstractTestStorageDistributionEndpoint.java: /home/runner/work/ozone/ozone/hadoop-ozone/integration-test-recon/src/test/java/org/apache/hadoop/ozone/recon/AbstractTestStorageDistributionEndpoint.java uses unchecked or unsafe operations.
[INFO] /home/runner/work/ozone/ozone/hadoop-ozone/integration-test-recon/src/test/java/org/apache/hadoop/ozone/recon/AbstractTestStorageDistributionEndpoint.java: Recompile with -Xlint:unchecked for details.
[INFO] 
[INFO] --- surefire:3.5.2:test (default-test) @ ozone-integration-test-recon ---
[INFO] Using auto detected provider org.apache.maven.surefire.junitplatform.JUnitPlatformProvider
[INFO] Using auto detected provider org.apache.maven.surefire.junitplatform.JUnitPlatformProvider
[INFO] 
[INFO] --- dependency:3.11.0:copy-dependencies (copy-jars) @ ozone-integration-test-recon ---
[INFO] Skipping plugin execution
[INFO] 
[INFO] --- jar:3.5.1:jar (default-jar) @ ozone-integration-test-recon ---
[INFO] Building jar: /home/runner/work/ozone/ozone/hadoop-ozone/integration-test-recon/target/ozone-integration-test-recon-2.3.0-SNAPSHOT.jar
[INFO] 
[INFO] --- jar:3.5.1:test-jar (default) @ ozone-integration-test-recon ---
[INFO] Building jar: /home/runner/work/ozone/ozone/hadoop-ozone/integration-test-recon/target/ozone-integration-test-recon-2.3.0-SNAPSHOT-tests.jar
[INFO] 
[INFO] --- dependency:3.11.0:analyze-only (analyze) @ ozone-integration-test-recon ---
[INFO] No dependency problems found
[INFO] 
[INFO] -------------< org.apache.ozone:ozone-integration-test-s3 >-------------
[INFO] Building Apache Ozone S3 Integration Tests 2.3.0-SNAPSHOT        [55/55]
[INFO]   from hadoop-ozone/integration-test-s3/pom.xml
[INFO] --------------------------------[ jar ]---------------------------------
[INFO] 
[INFO] --- sortpom:3.0.1:verify (default) @ ozone-integration-test-s3 ---
[INFO] Verifying file /home/runner/work/ozone/ozone/hadoop-ozone/integration-test-s3/pom.xml
[INFO] 
[INFO] --- jacoco:0.8.15:prepare-agent (default-prepare-agent) @ ozone-integration-test-s3 ---
[INFO] argLine set to -javaagent:/home/runner/.m2/repository/org/jacoco/org.jacoco.agent/0.8.15/org.jacoco.agent-0.8.15-runtime.jar=destfile=/home/runner/work/ozone/ozone/hadoop-ozone/integration-test-s3/target/jacoco.exec,includes=org.apache.hadoop.hdds.*:org.apache.hadoop.ozone.*:org.apache.hadoop.fs.ozone.*:org.apache.ozone.*:org.apache.hadoop.io_.*:org.apache.hadoop.ipc_.*:org.apache.hadoop.security_.*
[INFO] 
[INFO] --- enforcer:3.6.3:enforce (banned-rocksdb-imports) @ ozone-integration-test-s3 ---
[INFO] Rule 0: org.apache.maven.plugins.enforcer.RestrictImports passed
[INFO] 
[INFO] --- enforcer:3.6.3:enforce (ban-imports) @ ozone-integration-test-s3 ---
[INFO] Rule 0: org.apache.maven.plugins.enforcer.RestrictImports passed
[INFO] Rule 1: org.apache.maven.plugins.enforcer.RestrictImports passed
[INFO] Rule 2: org.apache.maven.plugins.enforcer.RestrictImports passed
[INFO] Rule 3: org.apache.maven.plugins.enforcer.RestrictImports passed
[INFO] Rule 4: org.apache.maven.plugins.enforcer.RestrictImports passed
[WARNING] EXPERIMENTAL FEATURE enabled. You have enabled full-compilation-unit parsing. Please be aware that experimental features might get removed or changed. Please share your feedback!
[INFO] Rule 5: org.apache.maven.plugins.enforcer.RestrictImports passed
[INFO] Rule 6: org.apache.maven.plugins.enforcer.RestrictImports passed
[INFO] Rule 7: org.apache.maven.plugins.enforcer.RestrictImports passed
[INFO] Rule 8: org.apache.maven.plugins.enforcer.RestrictImports passed
[INFO] Rule 9: org.apache.maven.plugins.enforcer.RestrictImports passed
[INFO] Rule 10: org.apache.maven.plugins.enforcer.RestrictImports passed
[INFO] Rule 11: org.apache.maven.plugins.enforcer.RestrictImports passed
[INFO] Rule 12: org.apache.maven.plugins.enforcer.RestrictImports passed
[INFO] 
[INFO] --- enforcer:3.6.3:enforce (ban-annotations) @ ozone-integration-test-s3 ---
[INFO] Rule 0: org.apache.maven.plugins.enforcer.RestrictImports passed
[INFO] 
[INFO] --- dependency:3.11.0:build-classpath (add-classpath-descriptor) @ ozone-integration-test-s3 ---
[INFO] Skipping plugin execution
[INFO] 
[INFO] --- remote-resources:3.3.0:process (default) @ ozone-integration-test-s3 ---
[INFO] Preparing remote bundle org.apache.ozone:ozone-dev-support:2.3.0-SNAPSHOT
[INFO] Copying 2 resources from 1 bundle.
[INFO] 
[INFO] --- resources:3.5.0:resources (default-resources) @ ozone-integration-test-s3 ---
[INFO] skip non existing resourceDirectory /home/runner/work/ozone/ozone/hadoop-ozone/integration-test-s3/src/main/resources
[INFO] Copying 2 resources from target/maven-shared-archive-resources to target/classes
[INFO] 
[INFO] --- compiler:3.15.0:compile (default-compile) @ ozone-integration-test-s3 ---
[INFO] No sources to compile
[INFO] 
[INFO] --- resources:3.5.0:testResources (default-testResources) @ ozone-integration-test-s3 ---
[INFO] Copying 2 resources from src/test/resources to target/test-classes
[INFO] Copying 2 resources from target/maven-shared-archive-resources to target/test-classes
[INFO] 
[INFO] --- compiler:3.15.0:testCompile (default-testCompile) @ ozone-integration-test-s3 ---
[INFO] Compiling 13 source files with javac [debug release 8] to target/test-classes
[WARNING] source value 8 is obsolete and will be removed in a future release
[WARNING] target value 8 is obsolete and will be removed in a future release
[WARNING] To suppress warnings about obsolete options, use -Xlint:-options.
[INFO] /home/runner/work/ozone/ozone/hadoop-ozone/integration-test-s3/src/test/java/org/apache/hadoop/ozone/s3/awssdk/v1/AbstractS3SDKV1Tests.java: Some input files use or override a deprecated API.
[INFO] /home/runner/work/ozone/ozone/hadoop-ozone/integration-test-s3/src/test/java/org/apache/hadoop/ozone/s3/awssdk/v1/AbstractS3SDKV1Tests.java: Recompile with -Xlint:deprecation for details.
[INFO] 
[INFO] --- surefire:3.5.2:test (default-test) @ ozone-integration-test-s3 ---
[INFO] Using auto detected provider org.apache.maven.surefire.junitplatform.JUnitPlatformProvider
[INFO] Using auto detected provider org.apache.maven.surefire.junitplatform.JUnitPlatformProvider
[INFO] 
[INFO] --- dependency:3.11.0:copy-dependencies (copy-jars) @ ozone-integration-test-s3 ---
[INFO] Skipping plugin execution
[INFO] 
[INFO] --- jar:3.5.1:jar (default-jar) @ ozone-integration-test-s3 ---
[INFO] Building jar: /home/runner/work/ozone/ozone/hadoop-ozone/integration-test-s3/target/ozone-integration-test-s3-2.3.0-SNAPSHOT.jar
[INFO] 
[INFO] --- jar:3.5.1:test-jar (default) @ ozone-integration-test-s3 ---
[INFO] Building jar: /home/runner/work/ozone/ozone/hadoop-ozone/integration-test-s3/target/ozone-integration-test-s3-2.3.0-SNAPSHOT-tests.jar
[INFO] 
[INFO] --- dependency:3.11.0:analyze-only (analyze) @ ozone-integration-test-s3 ---
[INFO] No dependency problems found
[INFO] ------------------------------------------------------------------------
[INFO] Reactor Summary for Apache Ozone Main 2.3.0-SNAPSHOT:
[INFO] 
[INFO] Apache Ozone Main .................................. SUCCESS [  2.578 s]
[INFO] Apache Ozone Dev Support ........................... SUCCESS [  1.969 s]
[INFO] Apache Ozone HDDS .................................. SUCCESS [  0.353 s]
[INFO] Apache Ozone Annotation Processing ................. SUCCESS [  1.381 s]
[INFO] Apache Ozone HDDS Config ........................... SUCCESS [  2.215 s]
[INFO] Apache Ozone HDDS Client Interface ................. SUCCESS [ 12.650 s]
[INFO] Apache Ozone HDDS Test Utils ....................... SUCCESS [  1.527 s]
[INFO] Apache Ozone HDDS Hadoop Client dependencies ....... SUCCESS [  0.124 s]
[INFO] Apache Ozone HDDS Common ........................... SUCCESS [  7.265 s]
[INFO] Apache Ozone CLI Common ............................ SUCCESS [  0.934 s]
[INFO] Apache Ozone HDDS Erasurecode ...................... SUCCESS [  0.841 s]
[INFO] Apache Ozone HDDS Client ........................... SUCCESS [  2.203 s]
[INFO] Apache Ozone HDDS Server Interface ................. SUCCESS [  5.983 s]
[INFO] Apache Ozone HDDS Managed RocksDB .................. SUCCESS [  2.297 s]
[INFO] Apache Ozone HDDS Admin Interface .................. SUCCESS [  2.938 s]
[INFO] Apache Ozone HDDS RocksDB Tools .................... SUCCESS [ 37.930 s]
[INFO] Apache Ozone Checkpoint Differ for RocksDB ......... SUCCESS [  1.349 s]
[INFO] Apache Ozone HDDS Server Framework ................. SUCCESS [  5.516 s]
[INFO] Apache Ozone Documentation ......................... SUCCESS [  0.201 s]
[INFO] Apache Ozone HDDS Container Service ................ SUCCESS [  6.752 s]
[INFO] Apache Ozone HDDS Crypto ........................... SUCCESS [  0.183 s]
[INFO] Apache Ozone HDDS Crypto - Default ................. SUCCESS [  0.183 s]
[INFO] Apache Ozone HDDS SCM Server ....................... SUCCESS [  8.031 s]
[INFO] Apache Ozone ....................................... SUCCESS [  0.124 s]
[INFO] Apache Ozone Client Interface ...................... SUCCESS [ 12.798 s]
[INFO] Apache Ozone Common ................................ SUCCESS [01:06 min]
[INFO] Apache Ozone Client ................................ SUCCESS [  1.687 s]
[INFO] Apache Ozone FileSystem Common ..................... SUCCESS [  1.039 s]
[INFO] Apache Ozone FileSystem ............................ SUCCESS [  0.573 s]
[INFO] Apache Ozone CLI Shell ............................. SUCCESS [  1.408 s]
[INFO] Apache Ozone CLI Admin ............................. SUCCESS [  1.996 s]
[INFO] Apache Ozone Storage Interface ..................... SUCCESS [ 14.976 s]
[INFO] Apache Ozone Manager Server ........................ FAILURE [23:44 min]
[INFO] Apache Ozone Recon CodeGen ......................... SUCCESS [  2.675 s]
[INFO] Apache Ozone Recon ................................. FAILURE [ 16.088 s]
[INFO] Apache Ozone Debug Tools ........................... FAILURE [  3.679 s]
[INFO] Apache Ozone CLI Interactive ....................... FAILURE [  0.857 s]
[INFO] Apache Ozone Repair Tools .......................... FAILURE [  2.143 s]
[INFO] Apache Ozone Datanode .............................. SUCCESS [  0.509 s]
[INFO] Apache Ozone Freon ................................. SUCCESS [  2.289 s]
[INFO] Apache Ozone HttpFS ................................ SUCCESS [  2.121 s]
[INFO] Apache Ozone Insight Tool .......................... FAILURE [  1.058 s]
[INFO] Apache Ozone Multitenancy with Ranger .............. SUCCESS [  5.188 s]
[INFO] Apache Ozone S3 Secret Store ....................... SUCCESS [  0.912 s]
[INFO] Apache Ozone S3 Gateway ............................ SUCCESS [  3.256 s]
[INFO] Apache Ozone Tools ................................. FAILURE [  1.299 s]
[INFO] Apache Ozone Vapor ................................. FAILURE [  1.237 s]
[INFO] Apache Ozone Iceberg Integration ................... SUCCESS [  3.036 s]
[INFO] Apache Ozone Distribution .......................... FAILURE [  8.457 s]
[INFO] Apache Ozone Fault Injection Tests ................. SUCCESS [  0.110 s]
[INFO] Apache Ozone Network Tests ......................... SUCCESS [  0.199 s]
[INFO] Apache Ozone Mini Cluster .......................... SUCCESS [  0.659 s]
[INFO] Apache Ozone Integration Tests ..................... SUCCESS [37:18 min]
[INFO] Apache Ozone Recon Integration Tests ............... SUCCESS [  3.315 s]
[INFO] Apache Ozone S3 Integration Tests .................. SUCCESS [  3.597 s]
[INFO] ------------------------------------------------------------------------
[INFO] BUILD FAILURE
[INFO] ------------------------------------------------------------------------
[INFO] Total time:  01:05 h
[INFO] Finished at: 2026-08-14T07:00:08Z
[INFO] ------------------------------------------------------------------------
[INFO] 888 goals, 888 executed
[INFO] 
[INFO] Publishing Build Scan to Develocity...
[INFO] https://develocity.apache.org/s/24w24fmzkhw6o
[INFO] 
[ERROR] Failed to execute goal org.apache.maven.plugins:maven-surefire-plugin:3.5.2:test (default-test) on project ozone-manager: 
[ERROR] 
[ERROR] See /home/runner/work/ozone/ozone/hadoop-ozone/ozone-manager/target/surefire-reports for the individual test results.
[ERROR] See dump files (if any exist) [date].dump, [date]-jvmRun[N].dump and [date].dumpstream.
[ERROR] -> [Help 1]
[ERROR] Failed to execute goal org.apache.maven.plugins:maven-dependency-plugin:3.11.0:copy-dependencies (copy-jars) on project ozone-recon: Artifact 'org.apache.ozone:ozone-manager:jar:2.3.0-SNAPSHOT:compile' has not been packaged yet (is a directory). When used on reactor artifact, copy should be executed after packaging: see MDEP-187. -> [Help 2]
[ERROR] Failed to execute goal org.apache.maven.plugins:maven-dependency-plugin:3.11.0:copy-dependencies (copy-jars) on project ozone-cli-debug: Artifact 'org.apache.ozone:ozone-manager:jar:2.3.0-SNAPSHOT:compile' has not been packaged yet (is a directory). When used on reactor artifact, copy should be executed after packaging: see MDEP-187. -> [Help 2]
[ERROR] Failed to execute goal org.apache.maven.plugins:maven-dependency-plugin:3.11.0:copy-dependencies (copy-jars) on project ozone-cli-interactive: Artifact 'org.apache.ozone:ozone-cli-debug:jar:2.3.0-SNAPSHOT:compile' has not been packaged yet (is a directory). When used on reactor artifact, copy should be executed after packaging: see MDEP-187. -> [Help 2]
[ERROR] Failed to execute goal org.apache.maven.plugins:maven-dependency-plugin:3.11.0:copy-dependencies (copy-jars) on project ozone-cli-repair: Artifact 'org.apache.ozone:ozone-cli-debug:jar:2.3.0-SNAPSHOT:compile' has not been packaged yet (is a directory). When used on reactor artifact, copy should be executed after packaging: see MDEP-187. -> [Help 2]
[ERROR] Failed to execute goal org.apache.maven.plugins:maven-dependency-plugin:3.11.0:copy-dependencies (copy-jars) on project ozone-insight: Artifact 'org.apache.ozone:ozone-manager:jar:2.3.0-SNAPSHOT:compile' has not been packaged yet (is a directory). When used on reactor artifact, copy should be executed after packaging: see MDEP-187. -> [Help 2]
[ERROR] Failed to execute goal org.apache.maven.plugins:maven-dependency-plugin:3.11.0:copy-dependencies (copy-jars) on project ozone-tools: Artifact 'org.apache.ozone:ozone-manager:jar:2.3.0-SNAPSHOT:compile' has not been packaged yet (is a directory). When used on reactor artifact, copy should be executed after packaging: see MDEP-187. -> [Help 2]
[ERROR] Failed to execute goal org.apache.maven.plugins:maven-dependency-plugin:3.11.0:copy-dependencies (copy-jars) on project ozone-vapor: Artifact 'org.apache.ozone:ozone-manager:jar:2.3.0-SNAPSHOT:compile' has not been packaged yet (is a directory). When used on reactor artifact, copy should be executed after packaging: see MDEP-187. -> [Help 2]
[ERROR] Failed to execute goal org.apache.maven.plugins:maven-dependency-plugin:3.11.0:copy-dependencies (copy-jars) on project ozone-dist: Artifact 'org.apache.ozone:ozone-cli-debug:jar:2.3.0-SNAPSHOT:runtime' has not been packaged yet (is a directory). When used on reactor artifact, copy should be executed after packaging: see MDEP-187. -> [Help 2]
[ERROR] 
[ERROR] To see the full stack trace of the errors, re-run Maven with the -e switch.
[ERROR] Re-run Maven using the -X switch to enable full debug logging.
[ERROR] 
[ERROR] For more information about the errors and possible solutions, please read the following articles:
[ERROR] [Help 1] http://cwiki.apache.org/confluence/display/MAVEN/MojoFailureException
[ERROR] [Help 2] http://cwiki.apache.org/confluence/display/MAVEN/MojoExecutionException
[ERROR] 
[ERROR] After correcting the problems, you can resume the build with the command
[ERROR]   mvn <args> -rf :ozone-manager
[INFO] Build failures were ignored.
