rm: cannot remove '/home/runner/work/ozone/ozone/hadoop-ozone/dist/target/ozone-2.3.0-SNAPSHOT/kubernetes/examples/result/*': No such file or directory

#### Executing tests of getting-started #####


**** Modifying Kubernetes resources file for test ****

   (mounting current Ozone directory to the containers, scheduling containers to one node, ...)

WARNING: this test can be executed only with local Kubernetes cluster
   (source dir should be available from K8s nodes)


**** Deleting existing k8s resources ****

===== PV/PVC before delete =====
No resources found
----- PV finalizers / status -----
NAME   STATUS   CLAIM   FINALIZERS   DELETION
----- Recent events (last 30) -----
default       4s          Normal    Synced                           node/runnervmgx7h7                             Node synced successfully
kube-system   4s          Normal    AppliedManifest                  addon/auth-reader                              Applied manifest at "/var/lib/rancher/k3s/server/manifests/metrics-server/auth-reader.yaml"
kube-system   4s          Normal    AppliedManifest                  addon/traefik                                  Applied manifest at "/var/lib/rancher/k3s/server/manifests/traefik.yaml"
kube-system   4s          Normal    ApplyingManifest                 addon/traefik                                  Applying manifest at "/var/lib/rancher/k3s/server/manifests/traefik.yaml"
kube-system   4s          Normal    AppliedManifest                  addon/resource-reader                          Applied manifest at "/var/lib/rancher/k3s/server/manifests/metrics-server/resource-reader.yaml"
kube-system   4s          Normal    AppliedManifest                  addon/runtimes                                 Applied manifest at "/var/lib/rancher/k3s/server/manifests/runtimes.yaml"
kube-system   4s          Normal    ApplyingManifest                 addon/resource-reader                          Applying manifest at "/var/lib/rancher/k3s/server/manifests/metrics-server/resource-reader.yaml"
kube-system   4s          Normal    ApplyingManifest                 addon/runtimes                                 Applying manifest at "/var/lib/rancher/k3s/server/manifests/runtimes.yaml"
kube-system   4s          Normal    AppliedManifest                  addon/rolebindings                             Applied manifest at "/var/lib/rancher/k3s/server/manifests/rolebindings.yaml"
kube-system   4s          Normal    AppliedManifest                  addon/auth-delegator                           Applied manifest at "/var/lib/rancher/k3s/server/manifests/metrics-server/auth-delegator.yaml"
kube-system   4s          Normal    ApplyingManifest                 addon/auth-reader                              Applying manifest at "/var/lib/rancher/k3s/server/manifests/metrics-server/auth-reader.yaml"
kube-system   4s          Normal    ApplyingManifest                 addon/metrics-apiservice                       Applying manifest at "/var/lib/rancher/k3s/server/manifests/metrics-server/metrics-apiservice.yaml"
kube-system   4s          Normal    AppliedManifest                  addon/metrics-apiservice                       Applied manifest at "/var/lib/rancher/k3s/server/manifests/metrics-server/metrics-apiservice.yaml"
default       4s          Normal    NodePasswordValidationComplete   node/runnervmgx7h7                             Deferred node password secret validation complete
kube-system   4s          Normal    ApplyingManifest                 addon/rolebindings                             Applying manifest at "/var/lib/rancher/k3s/server/manifests/rolebindings.yaml"
kube-system   4s          Normal    ApplyingManifest                 addon/metrics-server-deployment                Applying manifest at "/var/lib/rancher/k3s/server/manifests/metrics-server/metrics-server-deployment.yaml"
kube-system   4s          Normal    AppliedManifest                  addon/metrics-server-deployment                Applied manifest at "/var/lib/rancher/k3s/server/manifests/metrics-server/metrics-server-deployment.yaml"
kube-system   4s          Normal    ApplyingManifest                 addon/metrics-server-service                   Applying manifest at "/var/lib/rancher/k3s/server/manifests/metrics-server/metrics-server-service.yaml"
kube-system   4s          Normal    AppliedManifest                  addon/metrics-server-service                   Applied manifest at "/var/lib/rancher/k3s/server/manifests/metrics-server/metrics-server-service.yaml"
default       2s          Normal    RegisteredNode                   node/runnervmgx7h7                             Node runnervmgx7h7 event: Registered Node runnervmgx7h7 in Controller
kube-system   1s          Normal    ScalingReplicaSet                deployment/coredns                             Scaled up replica set coredns-7566b5ff58 from 0 to 1
kube-system   1s          Normal    ScalingReplicaSet                deployment/metrics-server                      Scaled up replica set metrics-server-786d997795 from 0 to 1
kube-system   1s          Normal    SuccessfulCreate                 replicaset/metrics-server-786d997795           Created pod: metrics-server-786d997795-llxqf
kube-system   1s          Normal    ScalingReplicaSet                deployment/local-path-provisioner              Scaled up replica set local-path-provisioner-6bc6568469 from 0 to 1
kube-system   1s          Normal    SuccessfulCreate                 replicaset/local-path-provisioner-6bc6568469   Created pod: local-path-provisioner-6bc6568469-5lph9
kube-system   1s          Normal    SuccessfulCreate                 job/helm-install-traefik                       Created pod: helm-install-traefik-w29cr
kube-system   1s          Normal    ApplyJob                         helmchart/traefik-crd                          Applying HelmChart using Job kube-system/helm-install-traefik-crd
kube-system   1s          Normal    SuccessfulCreate                 job/helm-install-traefik-crd                   Created pod: helm-install-traefik-crd-mnd75
kube-system   1s          Normal    SuccessfulCreate                 replicaset/coredns-7566b5ff58                  Created pod: coredns-7566b5ff58-4v4x7
kube-system   1s          Normal    ApplyJob                         helmchart/traefik                              Applying HelmChart using Job kube-system/helm-install-traefik
===== end before delete =====
No resources found
No resources found
No resources found
service "kubernetes" deleted from default namespace
configmap "kube-root-ca.crt" deleted from default namespace
No resources found
No resources found
===== PV/PVC after pvc delete =====
No resources found
----- PV finalizers / status -----
NAME   STATUS   CLAIM   FINALIZERS   DELETION
----- Recent events (last 30) -----
default       4s          Normal    Synced                           node/runnervmgx7h7                             Node synced successfully
kube-system   4s          Normal    AppliedManifest                  addon/auth-reader                              Applied manifest at "/var/lib/rancher/k3s/server/manifests/metrics-server/auth-reader.yaml"
kube-system   4s          Normal    AppliedManifest                  addon/traefik                                  Applied manifest at "/var/lib/rancher/k3s/server/manifests/traefik.yaml"
kube-system   4s          Normal    ApplyingManifest                 addon/traefik                                  Applying manifest at "/var/lib/rancher/k3s/server/manifests/traefik.yaml"
kube-system   4s          Normal    AppliedManifest                  addon/resource-reader                          Applied manifest at "/var/lib/rancher/k3s/server/manifests/metrics-server/resource-reader.yaml"
kube-system   4s          Normal    AppliedManifest                  addon/runtimes                                 Applied manifest at "/var/lib/rancher/k3s/server/manifests/runtimes.yaml"
kube-system   4s          Normal    ApplyingManifest                 addon/resource-reader                          Applying manifest at "/var/lib/rancher/k3s/server/manifests/metrics-server/resource-reader.yaml"
kube-system   4s          Normal    ApplyingManifest                 addon/runtimes                                 Applying manifest at "/var/lib/rancher/k3s/server/manifests/runtimes.yaml"
kube-system   4s          Normal    AppliedManifest                  addon/rolebindings                             Applied manifest at "/var/lib/rancher/k3s/server/manifests/rolebindings.yaml"
kube-system   4s          Normal    AppliedManifest                  addon/auth-delegator                           Applied manifest at "/var/lib/rancher/k3s/server/manifests/metrics-server/auth-delegator.yaml"
kube-system   4s          Normal    ApplyingManifest                 addon/auth-reader                              Applying manifest at "/var/lib/rancher/k3s/server/manifests/metrics-server/auth-reader.yaml"
kube-system   4s          Normal    ApplyingManifest                 addon/metrics-apiservice                       Applying manifest at "/var/lib/rancher/k3s/server/manifests/metrics-server/metrics-apiservice.yaml"
kube-system   4s          Normal    AppliedManifest                  addon/metrics-apiservice                       Applied manifest at "/var/lib/rancher/k3s/server/manifests/metrics-server/metrics-apiservice.yaml"
default       4s          Normal    NodePasswordValidationComplete   node/runnervmgx7h7                             Deferred node password secret validation complete
kube-system   4s          Normal    ApplyingManifest                 addon/rolebindings                             Applying manifest at "/var/lib/rancher/k3s/server/manifests/rolebindings.yaml"
kube-system   4s          Normal    ApplyingManifest                 addon/metrics-server-deployment                Applying manifest at "/var/lib/rancher/k3s/server/manifests/metrics-server/metrics-server-deployment.yaml"
kube-system   4s          Normal    AppliedManifest                  addon/metrics-server-deployment                Applied manifest at "/var/lib/rancher/k3s/server/manifests/metrics-server/metrics-server-deployment.yaml"
kube-system   4s          Normal    ApplyingManifest                 addon/metrics-server-service                   Applying manifest at "/var/lib/rancher/k3s/server/manifests/metrics-server/metrics-server-service.yaml"
kube-system   4s          Normal    AppliedManifest                  addon/metrics-server-service                   Applied manifest at "/var/lib/rancher/k3s/server/manifests/metrics-server/metrics-server-service.yaml"
default       2s          Normal    RegisteredNode                   node/runnervmgx7h7                             Node runnervmgx7h7 event: Registered Node runnervmgx7h7 in Controller
kube-system   1s          Normal    ScalingReplicaSet                deployment/coredns                             Scaled up replica set coredns-7566b5ff58 from 0 to 1
kube-system   1s          Normal    ScalingReplicaSet                deployment/metrics-server                      Scaled up replica set metrics-server-786d997795 from 0 to 1
kube-system   1s          Normal    SuccessfulCreate                 replicaset/metrics-server-786d997795           Created pod: metrics-server-786d997795-llxqf
kube-system   1s          Normal    ScalingReplicaSet                deployment/local-path-provisioner              Scaled up replica set local-path-provisioner-6bc6568469 from 0 to 1
kube-system   1s          Normal    SuccessfulCreate                 replicaset/local-path-provisioner-6bc6568469   Created pod: local-path-provisioner-6bc6568469-5lph9
kube-system   1s          Normal    SuccessfulCreate                 job/helm-install-traefik                       Created pod: helm-install-traefik-w29cr
kube-system   1s          Normal    ApplyJob                         helmchart/traefik-crd                          Applying HelmChart using Job kube-system/helm-install-traefik-crd
kube-system   1s          Normal    SuccessfulCreate                 job/helm-install-traefik-crd                   Created pod: helm-install-traefik-crd-mnd75
kube-system   1s          Normal    SuccessfulCreate                 replicaset/coredns-7566b5ff58                  Created pod: coredns-7566b5ff58-4v4x7
kube-system   1s          Normal    ApplyJob                         helmchart/traefik                              Applying HelmChart using Job kube-system/helm-install-traefik
===== end after pvc delete =====
No resources found
===== PV/PVC after pv delete =====
No resources found
----- PV finalizers / status -----
NAME   STATUS   CLAIM   FINALIZERS   DELETION
----- Recent events (last 30) -----
default       5s          Normal    Synced                           node/runnervmgx7h7                             Node synced successfully
kube-system   5s          Normal    AppliedManifest                  addon/auth-reader                              Applied manifest at "/var/lib/rancher/k3s/server/manifests/metrics-server/auth-reader.yaml"
kube-system   5s          Normal    AppliedManifest                  addon/traefik                                  Applied manifest at "/var/lib/rancher/k3s/server/manifests/traefik.yaml"
kube-system   5s          Normal    ApplyingManifest                 addon/traefik                                  Applying manifest at "/var/lib/rancher/k3s/server/manifests/traefik.yaml"
kube-system   5s          Normal    AppliedManifest                  addon/resource-reader                          Applied manifest at "/var/lib/rancher/k3s/server/manifests/metrics-server/resource-reader.yaml"
kube-system   5s          Normal    AppliedManifest                  addon/runtimes                                 Applied manifest at "/var/lib/rancher/k3s/server/manifests/runtimes.yaml"
kube-system   5s          Normal    ApplyingManifest                 addon/resource-reader                          Applying manifest at "/var/lib/rancher/k3s/server/manifests/metrics-server/resource-reader.yaml"
kube-system   5s          Normal    ApplyingManifest                 addon/runtimes                                 Applying manifest at "/var/lib/rancher/k3s/server/manifests/runtimes.yaml"
kube-system   5s          Normal    AppliedManifest                  addon/rolebindings                             Applied manifest at "/var/lib/rancher/k3s/server/manifests/rolebindings.yaml"
kube-system   5s          Normal    AppliedManifest                  addon/auth-delegator                           Applied manifest at "/var/lib/rancher/k3s/server/manifests/metrics-server/auth-delegator.yaml"
kube-system   5s          Normal    ApplyingManifest                 addon/auth-reader                              Applying manifest at "/var/lib/rancher/k3s/server/manifests/metrics-server/auth-reader.yaml"
kube-system   5s          Normal    ApplyingManifest                 addon/metrics-apiservice                       Applying manifest at "/var/lib/rancher/k3s/server/manifests/metrics-server/metrics-apiservice.yaml"
kube-system   5s          Normal    AppliedManifest                  addon/metrics-apiservice                       Applied manifest at "/var/lib/rancher/k3s/server/manifests/metrics-server/metrics-apiservice.yaml"
default       5s          Normal    NodePasswordValidationComplete   node/runnervmgx7h7                             Deferred node password secret validation complete
kube-system   5s          Normal    ApplyingManifest                 addon/rolebindings                             Applying manifest at "/var/lib/rancher/k3s/server/manifests/rolebindings.yaml"
kube-system   5s          Normal    ApplyingManifest                 addon/metrics-server-deployment                Applying manifest at "/var/lib/rancher/k3s/server/manifests/metrics-server/metrics-server-deployment.yaml"
kube-system   5s          Normal    AppliedManifest                  addon/metrics-server-deployment                Applied manifest at "/var/lib/rancher/k3s/server/manifests/metrics-server/metrics-server-deployment.yaml"
kube-system   5s          Normal    ApplyingManifest                 addon/metrics-server-service                   Applying manifest at "/var/lib/rancher/k3s/server/manifests/metrics-server/metrics-server-service.yaml"
kube-system   5s          Normal    AppliedManifest                  addon/metrics-server-service                   Applied manifest at "/var/lib/rancher/k3s/server/manifests/metrics-server/metrics-server-service.yaml"
default       3s          Normal    RegisteredNode                   node/runnervmgx7h7                             Node runnervmgx7h7 event: Registered Node runnervmgx7h7 in Controller
kube-system   2s          Normal    ScalingReplicaSet                deployment/coredns                             Scaled up replica set coredns-7566b5ff58 from 0 to 1
kube-system   2s          Normal    ScalingReplicaSet                deployment/metrics-server                      Scaled up replica set metrics-server-786d997795 from 0 to 1
kube-system   2s          Normal    SuccessfulCreate                 replicaset/metrics-server-786d997795           Created pod: metrics-server-786d997795-llxqf
kube-system   2s          Normal    ScalingReplicaSet                deployment/local-path-provisioner              Scaled up replica set local-path-provisioner-6bc6568469 from 0 to 1
kube-system   2s          Normal    SuccessfulCreate                 replicaset/local-path-provisioner-6bc6568469   Created pod: local-path-provisioner-6bc6568469-5lph9
kube-system   2s          Normal    SuccessfulCreate                 job/helm-install-traefik                       Created pod: helm-install-traefik-w29cr
kube-system   2s          Normal    ApplyJob                         helmchart/traefik-crd                          Applying HelmChart using Job kube-system/helm-install-traefik-crd
kube-system   2s          Normal    SuccessfulCreate                 job/helm-install-traefik-crd                   Created pod: helm-install-traefik-crd-mnd75
kube-system   2s          Normal    SuccessfulCreate                 replicaset/coredns-7566b5ff58                  Created pod: coredns-7566b5ff58-4v4x7
kube-system   2s          Normal    ApplyJob                         helmchart/traefik                              Applying HelmChart using Job kube-system/helm-install-traefik
===== end after pv delete =====

**** Applying k8s resources from getting-started ****

configmap/config created
service/datanode created
service/datanode-public created
service/httpfs created
service/httpfs-public created
service/om created
service/om-public created
service/recon created
service/recon-public created
service/s3g created
service/s3g-public created
service/scm created
service/scm-public created
statefulset.apps/datanode created
statefulset.apps/httpfs created
statefulset.apps/om created
statefulset.apps/recon created
statefulset.apps/s3g created
statefulset.apps/scm created

**** Waiting until the k8s cluster is running ****

No resources found in default namespace.
0 pods are running. Waiting for more.
1 'all_pods_are_running' is failed...
No resources found in default namespace.
0 pods are running. Waiting for more.
2 'all_pods_are_running' is failed...
No resources found in default namespace.
0 pods are running. Waiting for more.
3 'all_pods_are_running' is failed...
No resources found in default namespace.
0 pods are running. Waiting for more.
4 'all_pods_are_running' is failed...
No resources found in default namespace.
0 pods are running. Waiting for more.
5 'all_pods_are_running' is failed...
No resources found in default namespace.
0 pods are running. Waiting for more.
6 'all_pods_are_running' is failed...
6 / 8 pods are running
7 'all_pods_are_running' is failed...
7 / 8 pods are running
8 'all_pods_are_running' is failed...
7 / 8 pods are running
9 'all_pods_are_running' is failed...
7 / 8 pods are running
10 'all_pods_are_running' is failed...
7 / 8 pods are running
11 'all_pods_are_running' is failed...
Defaulted container "scm" out of: scm, init (init)
1 'grep_log scm-0 SCM exiting safe mode.' is failed...
Defaulted container "scm" out of: scm, init (init)
2 'grep_log scm-0 SCM exiting safe mode.' is failed...
Defaulted container "scm" out of: scm, init (init)
3 'grep_log scm-0 SCM exiting safe mode.' is failed...
Defaulted container "scm" out of: scm, init (init)
4 'grep_log scm-0 SCM exiting safe mode.' is failed...
Defaulted container "scm" out of: scm, init (init)
5 'grep_log scm-0 SCM exiting safe mode.' is failed...
Defaulted container "scm" out of: scm, init (init)
6 'grep_log scm-0 SCM exiting safe mode.' is failed...
Defaulted container "scm" out of: scm, init (init)
7 'grep_log scm-0 SCM exiting safe mode.' is failed...
Defaulted container "scm" out of: scm, init (init)
8 'grep_log scm-0 SCM exiting safe mode.' is failed...
Defaulted container "scm" out of: scm, init (init)
2026-08-26 20:11:53 INFO  SCMSafeModeManager:218 - SCM exiting safe mode.
2026-08-26 20:11:46 INFO  BaseHttpServer:363 - HTTP server of ozoneManager listening at http://om-0:9874

**** Cluster is up and running ****


**** Executing robot tests scm-0 ****

Defaulted container "scm" out of: scm, init (init)
Unable to use a TTY - input is not a terminal or the right kind of file
Defaulted container "scm" out of: scm, init (init)
Unable to use a TTY - input is not a terminal or the right kind of file
Defaulted container "scm" out of: scm, init (init)
Unable to use a TTY - input is not a terminal or the right kind of file
==============================================================================
Basic :: Smoketest ozone cluster startup                                      
==============================================================================
Check webui static resources                                          | PASS |
------------------------------------------------------------------------------
Basic Freon smoketest                                                 | PASS |
------------------------------------------------------------------------------
Basic :: Smoketest ozone cluster startup                              | PASS |
2 tests, 2 passed, 0 failed
==============================================================================
Output:  /tmp/report/output.xml
Log:     /tmp/report/log.html
Report:  /tmp/report/report.html
Defaulted container "scm" out of: scm, init (init)
tar: Removing leading `/' from member names
Unable to find image 'ghcr.io/apache/ozone-runner:20260626-1-jdk25' locally
20260626-1-jdk25: Pulling from apache/ozone-runner
99c753a880cc: Pulling fs layer
f799868ba522: Pulling fs layer
2c9005dc87f9: Pulling fs layer
f3ba1f2701b1: Pulling fs layer
8752167ed825: Pulling fs layer
1518b9cc838a: Pulling fs layer
292b59cc35d0: Pulling fs layer
809ff6d32003: Pulling fs layer
7f8f7e87fd11: Pulling fs layer
e8c839473c6a: Pulling fs layer
27a7d46cb759: Pulling fs layer
e1a38cf0b3ba: Pulling fs layer
cdd585dc1ebc: Pulling fs layer
315e4a90fb71: Pulling fs layer
0fa2daba8ce4: Pulling fs layer
9594c4387a19: Pulling fs layer
f0a548f2c01e: Pulling fs layer
e38e9f9b7a4e: Pulling fs layer
a2d183c6567b: Pulling fs layer
9380f14f1bec: Pulling fs layer
76c48a50dea3: Pulling fs layer
4f4fb700ef54: Pulling fs layer
f3ba1f2701b1: Waiting
8752167ed825: Waiting
1518b9cc838a: Waiting
292b59cc35d0: Waiting
809ff6d32003: Waiting
e8c839473c6a: Waiting
27a7d46cb759: Waiting
e1a38cf0b3ba: Waiting
cdd585dc1ebc: Waiting
315e4a90fb71: Waiting
7f8f7e87fd11: Waiting
f0a548f2c01e: Waiting
e38e9f9b7a4e: Waiting
a2d183c6567b: Waiting
9380f14f1bec: Waiting
76c48a50dea3: Waiting
9594c4387a19: Waiting
2c9005dc87f9: Verifying Checksum
2c9005dc87f9: Download complete
99c753a880cc: Verifying Checksum
99c753a880cc: Download complete
f799868ba522: Verifying Checksum
f799868ba522: Download complete
f3ba1f2701b1: Verifying Checksum
f3ba1f2701b1: Download complete
1518b9cc838a: Verifying Checksum
1518b9cc838a: Download complete
809ff6d32003: Verifying Checksum
809ff6d32003: Download complete
292b59cc35d0: Verifying Checksum
292b59cc35d0: Download complete
7f8f7e87fd11: Verifying Checksum
7f8f7e87fd11: Download complete
8752167ed825: Verifying Checksum
8752167ed825: Download complete
e8c839473c6a: Verifying Checksum
e8c839473c6a: Download complete
cdd585dc1ebc: Verifying Checksum
cdd585dc1ebc: Download complete
e1a38cf0b3ba: Verifying Checksum
e1a38cf0b3ba: Download complete
0fa2daba8ce4: Verifying Checksum
0fa2daba8ce4: Download complete
315e4a90fb71: Verifying Checksum
315e4a90fb71: Download complete
9594c4387a19: Verifying Checksum
9594c4387a19: Download complete
f0a548f2c01e: Verifying Checksum
f0a548f2c01e: Download complete
e38e9f9b7a4e: Verifying Checksum
e38e9f9b7a4e: Download complete
a2d183c6567b: Verifying Checksum
a2d183c6567b: Download complete
27a7d46cb759: Verifying Checksum
27a7d46cb759: Download complete
76c48a50dea3: Verifying Checksum
76c48a50dea3: Download complete
9380f14f1bec: Verifying Checksum
9380f14f1bec: Download complete
4f4fb700ef54: Verifying Checksum
4f4fb700ef54: Download complete
99c753a880cc: Pull complete
f799868ba522: Pull complete
2c9005dc87f9: Pull complete
f3ba1f2701b1: Pull complete
8752167ed825: Pull complete
1518b9cc838a: Pull complete
292b59cc35d0: Pull complete
809ff6d32003: Pull complete
7f8f7e87fd11: Pull complete
e8c839473c6a: Pull complete
27a7d46cb759: Pull complete
e1a38cf0b3ba: Pull complete
cdd585dc1ebc: Pull complete
315e4a90fb71: Pull complete
0fa2daba8ce4: Pull complete
9594c4387a19: Pull complete
f0a548f2c01e: Pull complete
e38e9f9b7a4e: Pull complete
a2d183c6567b: Pull complete
9380f14f1bec: Pull complete
76c48a50dea3: Pull complete
4f4fb700ef54: Pull complete
Digest: sha256:7bd028c440272c65868c5aef15273c2e19107ed1faec116bb75b333671b185f7
Status: Downloaded newer image for ghcr.io/apache/ozone-runner:20260626-1-jdk25
Output:  /rebot-output/output.xml
Log:     /rebot-output/log.html
Report:  /rebot-output/report.html
renamed '/home/runner/work/ozone/ozone/hadoop-ozone/dist/target/ozone-2.3.0-SNAPSHOT/kubernetes/examples/getting-started/result/rebot-b2qOew/log.html' -> '/home/runner/work/ozone/ozone/hadoop-ozone/dist/target/ozone-2.3.0-SNAPSHOT/kubernetes/examples/getting-started/result/log.html'
renamed '/home/runner/work/ozone/ozone/hadoop-ozone/dist/target/ozone-2.3.0-SNAPSHOT/kubernetes/examples/getting-started/result/rebot-b2qOew/output.xml' -> '/home/runner/work/ozone/ozone/hadoop-ozone/dist/target/ozone-2.3.0-SNAPSHOT/kubernetes/examples/getting-started/result/output.xml'
renamed '/home/runner/work/ozone/ozone/hadoop-ozone/dist/target/ozone-2.3.0-SNAPSHOT/kubernetes/examples/getting-started/result/rebot-b2qOew/report.html' -> '/home/runner/work/ozone/ozone/hadoop-ozone/dist/target/ozone-2.3.0-SNAPSHOT/kubernetes/examples/getting-started/result/report.html'

**** Collecting container logs ****

Defaulted container "scm" out of: scm, init (init)

**** Deleting k8s resources ****

configmap "config" deleted from default namespace
service "datanode" deleted from default namespace
service "datanode-public" deleted from default namespace
service "httpfs" deleted from default namespace
service "httpfs-public" deleted from default namespace
service "om" deleted from default namespace
service "om-public" deleted from default namespace
service "recon" deleted from default namespace
service "recon-public" deleted from default namespace
service "s3g" deleted from default namespace
service "s3g-public" deleted from default namespace
service "scm" deleted from default namespace
service "scm-public" deleted from default namespace
statefulset.apps "datanode" deleted from default namespace
statefulset.apps "httpfs" deleted from default namespace
statefulset.apps "om" deleted from default namespace
statefulset.apps "recon" deleted from default namespace
statefulset.apps "s3g" deleted from default namespace
statefulset.apps "scm" deleted from default namespace

**** Regenerating original Kubernetes resource files ****


#### Executing tests of minikube #####


**** Modifying Kubernetes resources file for test ****

   (mounting current Ozone directory to the containers, scheduling containers to one node, ...)

WARNING: this test can be executed only with local Kubernetes cluster
   (source dir should be available from K8s nodes)


**** Deleting existing k8s resources ****

===== PV/PVC before delete =====
No resources found
----- PV finalizers / status -----
NAME   STATUS   CLAIM   FINALIZERS   DELETION
----- Recent events (last 30) -----
default       76s         Normal    Started                          pod/httpfs-0                                   Container started
default       76s         Normal    Pulled                           pod/s3g-0                                      Successfully pulled image "ghcr.io/apache/ozone-runner:20260626-1-jdk25" in 16.455s (16.455s including waiting). Image size: 450427543 bytes.
default       76s         Normal    Started                          pod/datanode-0                                 Container started
default       76s         Normal    Started                          pod/recon-0                                    Container started
default       76s         Normal    Pulled                           pod/recon-0                                    Successfully pulled image "ghcr.io/apache/ozone-runner:20260626-1-jdk25" in 16.451s (16.451s including waiting). Image size: 450427543 bytes.
default       76s         Normal    Started                          pod/om-0                                       Container started
default       75s         Normal    SuccessfulCreate                 statefulset/datanode                           Create Pod datanode-1 in StatefulSet datanode successful
default       74s         Normal    Created                          pod/datanode-2                                 Container created
default       74s         Normal    Pulled                           pod/datanode-2                                 Container image "ghcr.io/apache/ozone-runner:20260626-1-jdk25" already present on machine and can be accessed by the pod
default       74s         Normal    SuccessfulCreate                 statefulset/datanode                           Create Pod datanode-2 in StatefulSet datanode successful
default       74s         Normal    Pulled                           pod/datanode-1                                 Container image "ghcr.io/apache/ozone-runner:20260626-1-jdk25" already present on machine and can be accessed by the pod
default       74s         Normal    Started                          pod/datanode-1                                 Container started
default       74s         Normal    Created                          pod/datanode-1                                 Container created
default       73s         Normal    Started                          pod/datanode-2                                 Container started
kube-system   68s         Warning   Unhealthy                        pod/metrics-server-786d997795-llxqf            Readiness probe failed: HTTP probe failed with statuscode: 500
default       59s         Normal    Pulled                           pod/scm-0                                      Container image "ghcr.io/apache/ozone-runner:20260626-1-jdk25" already present on machine and can be accessed by the pod
default       59s         Normal    Created                          pod/scm-0                                      Container created
default       59s         Normal    Started                          pod/scm-0                                      Container started
default       41s         Warning   Unhealthy                        pod/httpfs-0                                   Liveness probe failed: Get "http://10.42.0.8:14000/webhdfs/v1/?op=LISTSTATUS&user.name=hadoop": context deadline exceeded (Client.Timeout exceeded while awaiting headers)
default       22s         Normal    Created                          pod/s3g-0                                      Container created
default       22s         Normal    Started                          pod/s3g-0                                      Container started
default       22s         Normal    Pulled                           pod/s3g-0                                      Container image "ghcr.io/apache/ozone-runner:20260626-1-jdk25" already present on machine and can be accessed by the pod
default       10s         Warning   BackOff                          pod/s3g-0                                      Back-off restarting failed container s3g in pod s3g-0_default(93cc1db6-7956-4924-bdda-b04f0b6301af)
default       2s          Normal    Killing                          pod/scm-0                                      Stopping container scm
default       2s          Normal    Killing                          pod/datanode-2                                 Stopping container datanode
default       2s          Normal    Killing                          pod/recon-0                                    Stopping container recon
default       2s          Normal    Killing                          pod/datanode-1                                 Stopping container datanode
default       2s          Normal    Killing                          pod/httpfs-0                                   Stopping container httpfs
default       2s          Normal    Killing                          pod/om-0                                       Stopping container om
default       2s          Normal    Killing                          pod/datanode-0                                 Stopping container datanode
===== end before delete =====
No resources found
No resources found
No resources found
service "kubernetes" deleted from default namespace
configmap "kube-root-ca.crt" deleted from default namespace
pod "datanode-0" deleted from default namespace
pod "datanode-1" deleted from default namespace
pod "datanode-2" deleted from default namespace
pod "om-0" deleted from default namespace
pod "recon-0" deleted from default namespace
pod "scm-0" deleted from default namespace
No resources found
===== PV/PVC after pvc delete =====
No resources found
----- PV finalizers / status -----
NAME   STATUS   CLAIM   FINALIZERS   DELETION
----- Recent events (last 30) -----
default       82s         Normal    Started                          pod/httpfs-0                                   Container started
default       82s         Normal    Pulled                           pod/s3g-0                                      Successfully pulled image "ghcr.io/apache/ozone-runner:20260626-1-jdk25" in 16.455s (16.455s including waiting). Image size: 450427543 bytes.
default       82s         Normal    Started                          pod/datanode-0                                 Container started
default       82s         Normal    Started                          pod/recon-0                                    Container started
default       82s         Normal    Pulled                           pod/recon-0                                    Successfully pulled image "ghcr.io/apache/ozone-runner:20260626-1-jdk25" in 16.451s (16.451s including waiting). Image size: 450427543 bytes.
default       82s         Normal    Started                          pod/om-0                                       Container started
default       81s         Normal    SuccessfulCreate                 statefulset/datanode                           Create Pod datanode-1 in StatefulSet datanode successful
default       80s         Normal    Created                          pod/datanode-2                                 Container created
default       80s         Normal    Pulled                           pod/datanode-2                                 Container image "ghcr.io/apache/ozone-runner:20260626-1-jdk25" already present on machine and can be accessed by the pod
default       80s         Normal    SuccessfulCreate                 statefulset/datanode                           Create Pod datanode-2 in StatefulSet datanode successful
default       80s         Normal    Pulled                           pod/datanode-1                                 Container image "ghcr.io/apache/ozone-runner:20260626-1-jdk25" already present on machine and can be accessed by the pod
default       80s         Normal    Started                          pod/datanode-1                                 Container started
default       80s         Normal    Created                          pod/datanode-1                                 Container created
default       79s         Normal    Started                          pod/datanode-2                                 Container started
kube-system   74s         Warning   Unhealthy                        pod/metrics-server-786d997795-llxqf            Readiness probe failed: HTTP probe failed with statuscode: 500
default       65s         Normal    Pulled                           pod/scm-0                                      Container image "ghcr.io/apache/ozone-runner:20260626-1-jdk25" already present on machine and can be accessed by the pod
default       65s         Normal    Created                          pod/scm-0                                      Container created
default       65s         Normal    Started                          pod/scm-0                                      Container started
default       47s         Warning   Unhealthy                        pod/httpfs-0                                   Liveness probe failed: Get "http://10.42.0.8:14000/webhdfs/v1/?op=LISTSTATUS&user.name=hadoop": context deadline exceeded (Client.Timeout exceeded while awaiting headers)
default       28s         Normal    Created                          pod/s3g-0                                      Container created
default       28s         Normal    Started                          pod/s3g-0                                      Container started
default       28s         Normal    Pulled                           pod/s3g-0                                      Container image "ghcr.io/apache/ozone-runner:20260626-1-jdk25" already present on machine and can be accessed by the pod
default       16s         Warning   BackOff                          pod/s3g-0                                      Back-off restarting failed container s3g in pod s3g-0_default(93cc1db6-7956-4924-bdda-b04f0b6301af)
default       8s          Normal    Killing                          pod/scm-0                                      Stopping container scm
default       8s          Normal    Killing                          pod/datanode-2                                 Stopping container datanode
default       8s          Normal    Killing                          pod/recon-0                                    Stopping container recon
default       8s          Normal    Killing                          pod/datanode-1                                 Stopping container datanode
default       8s          Normal    Killing                          pod/httpfs-0                                   Stopping container httpfs
default       8s          Normal    Killing                          pod/om-0                                       Stopping container om
default       8s          Normal    Killing                          pod/datanode-0                                 Stopping container datanode
===== end after pvc delete =====
No resources found
===== PV/PVC after pv delete =====
No resources found
----- PV finalizers / status -----
NAME   STATUS   CLAIM   FINALIZERS   DELETION
----- Recent events (last 30) -----
default       82s         Normal    Started                          pod/httpfs-0                                   Container started
default       82s         Normal    Pulled                           pod/s3g-0                                      Successfully pulled image "ghcr.io/apache/ozone-runner:20260626-1-jdk25" in 16.455s (16.455s including waiting). Image size: 450427543 bytes.
default       82s         Normal    Started                          pod/datanode-0                                 Container started
default       82s         Normal    Started                          pod/recon-0                                    Container started
default       82s         Normal    Pulled                           pod/recon-0                                    Successfully pulled image "ghcr.io/apache/ozone-runner:20260626-1-jdk25" in 16.451s (16.451s including waiting). Image size: 450427543 bytes.
default       82s         Normal    Started                          pod/om-0                                       Container started
default       81s         Normal    SuccessfulCreate                 statefulset/datanode                           Create Pod datanode-1 in StatefulSet datanode successful
default       80s         Normal    Created                          pod/datanode-2                                 Container created
default       80s         Normal    Pulled                           pod/datanode-2                                 Container image "ghcr.io/apache/ozone-runner:20260626-1-jdk25" already present on machine and can be accessed by the pod
default       80s         Normal    SuccessfulCreate                 statefulset/datanode                           Create Pod datanode-2 in StatefulSet datanode successful
default       80s         Normal    Pulled                           pod/datanode-1                                 Container image "ghcr.io/apache/ozone-runner:20260626-1-jdk25" already present on machine and can be accessed by the pod
default       80s         Normal    Started                          pod/datanode-1                                 Container started
default       80s         Normal    Created                          pod/datanode-1                                 Container created
default       79s         Normal    Started                          pod/datanode-2                                 Container started
kube-system   74s         Warning   Unhealthy                        pod/metrics-server-786d997795-llxqf            Readiness probe failed: HTTP probe failed with statuscode: 500
default       65s         Normal    Pulled                           pod/scm-0                                      Container image "ghcr.io/apache/ozone-runner:20260626-1-jdk25" already present on machine and can be accessed by the pod
default       65s         Normal    Created                          pod/scm-0                                      Container created
default       65s         Normal    Started                          pod/scm-0                                      Container started
default       47s         Warning   Unhealthy                        pod/httpfs-0                                   Liveness probe failed: Get "http://10.42.0.8:14000/webhdfs/v1/?op=LISTSTATUS&user.name=hadoop": context deadline exceeded (Client.Timeout exceeded while awaiting headers)
default       28s         Normal    Created                          pod/s3g-0                                      Container created
default       28s         Normal    Started                          pod/s3g-0                                      Container started
default       28s         Normal    Pulled                           pod/s3g-0                                      Container image "ghcr.io/apache/ozone-runner:20260626-1-jdk25" already present on machine and can be accessed by the pod
default       16s         Warning   BackOff                          pod/s3g-0                                      Back-off restarting failed container s3g in pod s3g-0_default(93cc1db6-7956-4924-bdda-b04f0b6301af)
default       8s          Normal    Killing                          pod/scm-0                                      Stopping container scm
default       8s          Normal    Killing                          pod/datanode-2                                 Stopping container datanode
default       8s          Normal    Killing                          pod/recon-0                                    Stopping container recon
default       8s          Normal    Killing                          pod/datanode-1                                 Stopping container datanode
default       8s          Normal    Killing                          pod/httpfs-0                                   Stopping container httpfs
default       8s          Normal    Killing                          pod/om-0                                       Stopping container om
default       8s          Normal    Killing                          pod/datanode-0                                 Stopping container datanode
===== end after pv delete =====

**** Applying k8s resources from minikube ****

configmap/config created
service/datanode created
service/datanode-public created
service/httpfs created
service/httpfs-public created
service/om created
service/om-public created
service/recon created
service/recon-public created
service/s3g created
service/s3g-public created
service/scm created
service/scm-public created
statefulset.apps/datanode created
statefulset.apps/httpfs created
statefulset.apps/om created
statefulset.apps/recon created
statefulset.apps/s3g created
statefulset.apps/scm created

**** Waiting until the k8s cluster is running ****

No resources found in default namespace.
0 pods are running. Waiting for more.
1 'all_pods_are_running' is failed...
6 / 8 pods are running
2 'all_pods_are_running' is failed...
7 / 8 pods are running
3 'all_pods_are_running' is failed...
7 / 8 pods are running
4 'all_pods_are_running' is failed...
7 / 8 pods are running
5 'all_pods_are_running' is failed...
7 / 8 pods are running
6 'all_pods_are_running' is failed...
7 / 8 pods are running
7 'all_pods_are_running' is failed...
Defaulted container "scm" out of: scm, init (init)
1 'grep_log scm-0 SCM exiting safe mode.' is failed...
Defaulted container "scm" out of: scm, init (init)
2 'grep_log scm-0 SCM exiting safe mode.' is failed...
Defaulted container "scm" out of: scm, init (init)
3 'grep_log scm-0 SCM exiting safe mode.' is failed...
Defaulted container "scm" out of: scm, init (init)
4 'grep_log scm-0 SCM exiting safe mode.' is failed...
Defaulted container "scm" out of: scm, init (init)
5 'grep_log scm-0 SCM exiting safe mode.' is failed...
Defaulted container "scm" out of: scm, init (init)
6 'grep_log scm-0 SCM exiting safe mode.' is failed...
Defaulted container "scm" out of: scm, init (init)
7 'grep_log scm-0 SCM exiting safe mode.' is failed...
Defaulted container "scm" out of: scm, init (init)
2026-08-26 20:13:17 INFO  SCMSafeModeManager:218 - SCM exiting safe mode.
2026-08-26 20:13:10 INFO  BaseHttpServer:363 - HTTP server of ozoneManager listening at http://om-0:9874

**** Cluster is up and running ****


**** Executing robot tests scm-0 ****

Defaulted container "scm" out of: scm, init (init)
Unable to use a TTY - input is not a terminal or the right kind of file
Defaulted container "scm" out of: scm, init (init)
Unable to use a TTY - input is not a terminal or the right kind of file
Defaulted container "scm" out of: scm, init (init)
Unable to use a TTY - input is not a terminal or the right kind of file
==============================================================================
Basic :: Smoketest ozone cluster startup                                      
==============================================================================
Check webui static resources                                          | PASS |
------------------------------------------------------------------------------
Basic Freon smoketest                                                 | PASS |
------------------------------------------------------------------------------
Basic :: Smoketest ozone cluster startup                              | PASS |
2 tests, 2 passed, 0 failed
==============================================================================
Output:  /tmp/report/output.xml
Log:     /tmp/report/log.html
Report:  /tmp/report/report.html
Defaulted container "scm" out of: scm, init (init)
tar: Removing leading `/' from member names
Output:  /rebot-output/output.xml
Log:     /rebot-output/log.html
Report:  /rebot-output/report.html
renamed '/home/runner/work/ozone/ozone/hadoop-ozone/dist/target/ozone-2.3.0-SNAPSHOT/kubernetes/examples/minikube/result/rebot-elrFPQ/log.html' -> '/home/runner/work/ozone/ozone/hadoop-ozone/dist/target/ozone-2.3.0-SNAPSHOT/kubernetes/examples/minikube/result/log.html'
renamed '/home/runner/work/ozone/ozone/hadoop-ozone/dist/target/ozone-2.3.0-SNAPSHOT/kubernetes/examples/minikube/result/rebot-elrFPQ/output.xml' -> '/home/runner/work/ozone/ozone/hadoop-ozone/dist/target/ozone-2.3.0-SNAPSHOT/kubernetes/examples/minikube/result/output.xml'
renamed '/home/runner/work/ozone/ozone/hadoop-ozone/dist/target/ozone-2.3.0-SNAPSHOT/kubernetes/examples/minikube/result/rebot-elrFPQ/report.html' -> '/home/runner/work/ozone/ozone/hadoop-ozone/dist/target/ozone-2.3.0-SNAPSHOT/kubernetes/examples/minikube/result/report.html'

**** Collecting container logs ****

Defaulted container "scm" out of: scm, init (init)

**** Deleting k8s resources ****

configmap "config" deleted from default namespace
service "datanode" deleted from default namespace
service "datanode-public" deleted from default namespace
service "httpfs" deleted from default namespace
service "httpfs-public" deleted from default namespace
service "om" deleted from default namespace
service "om-public" deleted from default namespace
service "recon" deleted from default namespace
service "recon-public" deleted from default namespace
service "s3g" deleted from default namespace
service "s3g-public" deleted from default namespace
service "scm" deleted from default namespace
service "scm-public" deleted from default namespace
statefulset.apps "datanode" deleted from default namespace
statefulset.apps "httpfs" deleted from default namespace
statefulset.apps "om" deleted from default namespace
statefulset.apps "recon" deleted from default namespace
statefulset.apps "s3g" deleted from default namespace
statefulset.apps "scm" deleted from default namespace

**** Regenerating original Kubernetes resource files ****


#### Executing tests of ozone-dev #####


**** Modifying Kubernetes resources file for test ****

   (mounting current Ozone directory to the containers, scheduling containers to one node, ...)

WARNING: this test can be executed only with local Kubernetes cluster
   (source dir should be available from K8s nodes)


**** Deleting existing k8s resources ****

===== PV/PVC before delete =====
No resources found
----- PV finalizers / status -----
NAME   STATUS   CLAIM   FINALIZERS   DELETION
----- Recent events (last 30) -----
default       58s         Normal    Pulled                           pod/httpfs-0                                   Container image "ghcr.io/apache/ozone-runner:20260626-1-jdk25" already present on machine and can be accessed by the pod
default       58s         Normal    SuccessfulCreate                 statefulset/datanode                           Create Pod datanode-0 in StatefulSet datanode successful
default       58s         Normal    Started                          pod/httpfs-0                                   Container started
default       58s         Normal    Created                          pod/datanode-0                                 Container created
default       58s         Normal    Pulled                           pod/datanode-0                                 Container image "ghcr.io/apache/ozone-runner:20260626-1-jdk25" already present on machine and can be accessed by the pod
default       58s         Normal    SuccessfulCreate                 statefulset/httpfs                             Create Pod httpfs-0 in StatefulSet httpfs successful
default       57s         Normal    SuccessfulCreate                 statefulset/datanode                           Create Pod datanode-1 in StatefulSet datanode successful
default       56s         Normal    SuccessfulCreate                 statefulset/datanode                           Create Pod datanode-2 in StatefulSet datanode successful
default       56s         Normal    Started                          pod/datanode-1                                 Container started
default       56s         Normal    Created                          pod/datanode-1                                 Container created
default       56s         Normal    Pulled                           pod/datanode-1                                 Container image "ghcr.io/apache/ozone-runner:20260626-1-jdk25" already present on machine and can be accessed by the pod
default       55s         Normal    Created                          pod/datanode-2                                 Container created
default       55s         Normal    Pulled                           pod/datanode-2                                 Container image "ghcr.io/apache/ozone-runner:20260626-1-jdk25" already present on machine and can be accessed by the pod
default       55s         Normal    Started                          pod/datanode-2                                 Container started
default       40s         Normal    Started                          pod/scm-0                                      Container started
default       40s         Normal    Created                          pod/scm-0                                      Container created
default       40s         Normal    Pulled                           pod/scm-0                                      Container image "ghcr.io/apache/ozone-runner:20260626-1-jdk25" already present on machine and can be accessed by the pod
default       28s         Warning   Unhealthy                        pod/om-0                                       Liveness probe failed: dial tcp 10.42.0.19:9862: connect: connection refused
default       17s         Warning   Unhealthy                        pod/httpfs-0                                   Liveness probe failed: Get "http://10.42.0.18:14000/webhdfs/v1/?op=LISTSTATUS&user.name=hadoop": context deadline exceeded (Client.Timeout exceeded while awaiting headers)
default       8s          Normal    Started                          pod/s3g-0                                      Container started
default       8s          Normal    Pulled                           pod/s3g-0                                      Container image "ghcr.io/apache/ozone-runner:20260626-1-jdk25" already present on machine and can be accessed by the pod
default       8s          Normal    Created                          pod/s3g-0                                      Container created
default       5s          Warning   BackOff                          pod/s3g-0                                      Back-off restarting failed container s3g in pod s3g-0_default(22ce9657-7e34-411f-9121-617ff0239dc4)
default       2s          Normal    Killing                          pod/datanode-0                                 Stopping container datanode
default       2s          Normal    Killing                          pod/scm-0                                      Stopping container scm
default       2s          Normal    Killing                          pod/httpfs-0                                   Stopping container httpfs
default       2s          Normal    Killing                          pod/recon-0                                    Stopping container recon
default       2s          Normal    Killing                          pod/om-0                                       Stopping container om
default       2s          Normal    Killing                          pod/datanode-2                                 Stopping container datanode
default       2s          Normal    Killing                          pod/datanode-1                                 Stopping container datanode
===== end before delete =====
No resources found
No resources found
No resources found
service "kubernetes" deleted from default namespace
configmap "kube-root-ca.crt" deleted from default namespace
pod "datanode-0" deleted from default namespace
pod "datanode-1" deleted from default namespace
pod "datanode-2" deleted from default namespace
pod "om-0" deleted from default namespace
No resources found
===== PV/PVC after pvc delete =====
No resources found
----- PV finalizers / status -----
NAME   STATUS   CLAIM   FINALIZERS   DELETION
----- Recent events (last 30) -----
default       62s         Normal    Pulled                           pod/httpfs-0                                   Container image "ghcr.io/apache/ozone-runner:20260626-1-jdk25" already present on machine and can be accessed by the pod
default       62s         Normal    SuccessfulCreate                 statefulset/datanode                           Create Pod datanode-0 in StatefulSet datanode successful
default       62s         Normal    Started                          pod/httpfs-0                                   Container started
default       62s         Normal    Created                          pod/datanode-0                                 Container created
default       62s         Normal    Pulled                           pod/datanode-0                                 Container image "ghcr.io/apache/ozone-runner:20260626-1-jdk25" already present on machine and can be accessed by the pod
default       62s         Normal    SuccessfulCreate                 statefulset/httpfs                             Create Pod httpfs-0 in StatefulSet httpfs successful
default       61s         Normal    SuccessfulCreate                 statefulset/datanode                           Create Pod datanode-1 in StatefulSet datanode successful
default       60s         Normal    SuccessfulCreate                 statefulset/datanode                           Create Pod datanode-2 in StatefulSet datanode successful
default       60s         Normal    Started                          pod/datanode-1                                 Container started
default       60s         Normal    Created                          pod/datanode-1                                 Container created
default       60s         Normal    Pulled                           pod/datanode-1                                 Container image "ghcr.io/apache/ozone-runner:20260626-1-jdk25" already present on machine and can be accessed by the pod
default       59s         Normal    Created                          pod/datanode-2                                 Container created
default       59s         Normal    Pulled                           pod/datanode-2                                 Container image "ghcr.io/apache/ozone-runner:20260626-1-jdk25" already present on machine and can be accessed by the pod
default       59s         Normal    Started                          pod/datanode-2                                 Container started
default       44s         Normal    Started                          pod/scm-0                                      Container started
default       44s         Normal    Created                          pod/scm-0                                      Container created
default       44s         Normal    Pulled                           pod/scm-0                                      Container image "ghcr.io/apache/ozone-runner:20260626-1-jdk25" already present on machine and can be accessed by the pod
default       32s         Warning   Unhealthy                        pod/om-0                                       Liveness probe failed: dial tcp 10.42.0.19:9862: connect: connection refused
default       21s         Warning   Unhealthy                        pod/httpfs-0                                   Liveness probe failed: Get "http://10.42.0.18:14000/webhdfs/v1/?op=LISTSTATUS&user.name=hadoop": context deadline exceeded (Client.Timeout exceeded while awaiting headers)
default       12s         Normal    Started                          pod/s3g-0                                      Container started
default       12s         Normal    Pulled                           pod/s3g-0                                      Container image "ghcr.io/apache/ozone-runner:20260626-1-jdk25" already present on machine and can be accessed by the pod
default       12s         Normal    Created                          pod/s3g-0                                      Container created
default       9s          Warning   BackOff                          pod/s3g-0                                      Back-off restarting failed container s3g in pod s3g-0_default(22ce9657-7e34-411f-9121-617ff0239dc4)
default       6s          Normal    Killing                          pod/datanode-0                                 Stopping container datanode
default       6s          Normal    Killing                          pod/scm-0                                      Stopping container scm
default       6s          Normal    Killing                          pod/httpfs-0                                   Stopping container httpfs
default       6s          Normal    Killing                          pod/recon-0                                    Stopping container recon
default       6s          Normal    Killing                          pod/om-0                                       Stopping container om
default       6s          Normal    Killing                          pod/datanode-2                                 Stopping container datanode
default       6s          Normal    Killing                          pod/datanode-1                                 Stopping container datanode
===== end after pvc delete =====
No resources found
===== PV/PVC after pv delete =====
No resources found
----- PV finalizers / status -----
NAME   STATUS   CLAIM   FINALIZERS   DELETION
----- Recent events (last 30) -----
default       63s         Normal    Pulled                           pod/httpfs-0                                   Container image "ghcr.io/apache/ozone-runner:20260626-1-jdk25" already present on machine and can be accessed by the pod
default       63s         Normal    SuccessfulCreate                 statefulset/datanode                           Create Pod datanode-0 in StatefulSet datanode successful
default       63s         Normal    Started                          pod/httpfs-0                                   Container started
default       63s         Normal    Created                          pod/datanode-0                                 Container created
default       63s         Normal    Pulled                           pod/datanode-0                                 Container image "ghcr.io/apache/ozone-runner:20260626-1-jdk25" already present on machine and can be accessed by the pod
default       63s         Normal    SuccessfulCreate                 statefulset/httpfs                             Create Pod httpfs-0 in StatefulSet httpfs successful
default       62s         Normal    SuccessfulCreate                 statefulset/datanode                           Create Pod datanode-1 in StatefulSet datanode successful
default       61s         Normal    SuccessfulCreate                 statefulset/datanode                           Create Pod datanode-2 in StatefulSet datanode successful
default       61s         Normal    Started                          pod/datanode-1                                 Container started
default       61s         Normal    Created                          pod/datanode-1                                 Container created
default       61s         Normal    Pulled                           pod/datanode-1                                 Container image "ghcr.io/apache/ozone-runner:20260626-1-jdk25" already present on machine and can be accessed by the pod
default       60s         Normal    Created                          pod/datanode-2                                 Container created
default       60s         Normal    Pulled                           pod/datanode-2                                 Container image "ghcr.io/apache/ozone-runner:20260626-1-jdk25" already present on machine and can be accessed by the pod
default       60s         Normal    Started                          pod/datanode-2                                 Container started
default       45s         Normal    Started                          pod/scm-0                                      Container started
default       45s         Normal    Created                          pod/scm-0                                      Container created
default       45s         Normal    Pulled                           pod/scm-0                                      Container image "ghcr.io/apache/ozone-runner:20260626-1-jdk25" already present on machine and can be accessed by the pod
default       33s         Warning   Unhealthy                        pod/om-0                                       Liveness probe failed: dial tcp 10.42.0.19:9862: connect: connection refused
default       22s         Warning   Unhealthy                        pod/httpfs-0                                   Liveness probe failed: Get "http://10.42.0.18:14000/webhdfs/v1/?op=LISTSTATUS&user.name=hadoop": context deadline exceeded (Client.Timeout exceeded while awaiting headers)
default       13s         Normal    Started                          pod/s3g-0                                      Container started
default       13s         Normal    Pulled                           pod/s3g-0                                      Container image "ghcr.io/apache/ozone-runner:20260626-1-jdk25" already present on machine and can be accessed by the pod
default       13s         Normal    Created                          pod/s3g-0                                      Container created
default       10s         Warning   BackOff                          pod/s3g-0                                      Back-off restarting failed container s3g in pod s3g-0_default(22ce9657-7e34-411f-9121-617ff0239dc4)
default       7s          Normal    Killing                          pod/datanode-0                                 Stopping container datanode
default       7s          Normal    Killing                          pod/scm-0                                      Stopping container scm
default       7s          Normal    Killing                          pod/httpfs-0                                   Stopping container httpfs
default       7s          Normal    Killing                          pod/recon-0                                    Stopping container recon
default       7s          Normal    Killing                          pod/om-0                                       Stopping container om
default       7s          Normal    Killing                          pod/datanode-2                                 Stopping container datanode
default       7s          Normal    Killing                          pod/datanode-1                                 Stopping container datanode
===== end after pv delete =====

**** Applying k8s resources from ozone-dev ****

serviceaccount/prometheus-operator created
clusterrole.rbac.authorization.k8s.io/prometheus-default created
clusterrolebinding.rbac.authorization.k8s.io/prometheus-operator-default created
configmap/config created
configmap/prometheusconf created
service/datanode created
service/datanode-public created
service/httpfs created
service/httpfs-public created
service/jaeger created
service/jaeger-public created
service/om created
service/om-public created
service/prometheus created
service/recon created
service/recon-public created
service/s3g created
service/s3g-public created
service/scm created
service/scm-public created
deployment.apps/prometheus created
statefulset.apps/datanode created
statefulset.apps/httpfs created
statefulset.apps/jaeger created
statefulset.apps/om created
statefulset.apps/recon created
statefulset.apps/s3g created
statefulset.apps/scm created

**** Waiting until the k8s cluster is running ****

No resources found in default namespace.
0 pods are running. Waiting for more.
1 'all_pods_are_running' is failed...
9 / 10 pods are running
2 'all_pods_are_running' is failed...
9 / 10 pods are running
3 'all_pods_are_running' is failed...
9 / 10 pods are running
4 'all_pods_are_running' is failed...
9 / 10 pods are running
5 'all_pods_are_running' is failed...
9 / 10 pods are running
6 'all_pods_are_running' is failed...
9 / 10 pods are running
7 'all_pods_are_running' is failed...
Defaulted container "scm" out of: scm, init (init)
1 'grep_log scm-0 SCM exiting safe mode.' is failed...
Defaulted container "scm" out of: scm, init (init)
2 'grep_log scm-0 SCM exiting safe mode.' is failed...
Defaulted container "scm" out of: scm, init (init)
3 'grep_log scm-0 SCM exiting safe mode.' is failed...
Defaulted container "scm" out of: scm, init (init)
4 'grep_log scm-0 SCM exiting safe mode.' is failed...
Defaulted container "scm" out of: scm, init (init)
5 'grep_log scm-0 SCM exiting safe mode.' is failed...
Defaulted container "scm" out of: scm, init (init)
6 'grep_log scm-0 SCM exiting safe mode.' is failed...
Defaulted container "scm" out of: scm, init (init)
7 'grep_log scm-0 SCM exiting safe mode.' is failed...
Defaulted container "scm" out of: scm, init (init)
8 'grep_log scm-0 SCM exiting safe mode.' is failed...
Defaulted container "scm" out of: scm, init (init)
2026-08-26 20:14:22 INFO  SCMSafeModeManager:218 - SCM exiting safe mode.
2026-08-26 20:14:15 INFO  BaseHttpServer:363 - HTTP server of ozoneManager listening at http://om-0:9874

**** Cluster is up and running ****


**** Executing robot tests scm-0 ****

Defaulted container "scm" out of: scm, init (init)
Unable to use a TTY - input is not a terminal or the right kind of file
Defaulted container "scm" out of: scm, init (init)
Unable to use a TTY - input is not a terminal or the right kind of file
Defaulted container "scm" out of: scm, init (init)
Unable to use a TTY - input is not a terminal or the right kind of file
==============================================================================
Basic :: Smoketest ozone cluster startup                                      
==============================================================================
Check webui static resources                                          | PASS |
------------------------------------------------------------------------------
Basic Freon smoketest                                                 | PASS |
------------------------------------------------------------------------------
Basic :: Smoketest ozone cluster startup                              | PASS |
2 tests, 2 passed, 0 failed
==============================================================================
Output:  /tmp/report/output.xml
Log:     /tmp/report/log.html
Report:  /tmp/report/report.html
Defaulted container "scm" out of: scm, init (init)
tar: Removing leading `/' from member names
Output:  /rebot-output/output.xml
Log:     /rebot-output/log.html
Report:  /rebot-output/report.html
renamed '/home/runner/work/ozone/ozone/hadoop-ozone/dist/target/ozone-2.3.0-SNAPSHOT/kubernetes/examples/ozone-dev/result/rebot-8fWSzr/log.html' -> '/home/runner/work/ozone/ozone/hadoop-ozone/dist/target/ozone-2.3.0-SNAPSHOT/kubernetes/examples/ozone-dev/result/log.html'
renamed '/home/runner/work/ozone/ozone/hadoop-ozone/dist/target/ozone-2.3.0-SNAPSHOT/kubernetes/examples/ozone-dev/result/rebot-8fWSzr/output.xml' -> '/home/runner/work/ozone/ozone/hadoop-ozone/dist/target/ozone-2.3.0-SNAPSHOT/kubernetes/examples/ozone-dev/result/output.xml'
renamed '/home/runner/work/ozone/ozone/hadoop-ozone/dist/target/ozone-2.3.0-SNAPSHOT/kubernetes/examples/ozone-dev/result/rebot-8fWSzr/report.html' -> '/home/runner/work/ozone/ozone/hadoop-ozone/dist/target/ozone-2.3.0-SNAPSHOT/kubernetes/examples/ozone-dev/result/report.html'

**** Collecting container logs ****

Defaulted container "scm" out of: scm, init (init)

**** Deleting k8s resources ****

serviceaccount "prometheus-operator" deleted from default namespace
clusterrole.rbac.authorization.k8s.io "prometheus-default" deleted
clusterrolebinding.rbac.authorization.k8s.io "prometheus-operator-default" deleted
configmap "config" deleted from default namespace
configmap "prometheusconf" deleted from default namespace
service "datanode" deleted from default namespace
service "datanode-public" deleted from default namespace
service "httpfs" deleted from default namespace
service "httpfs-public" deleted from default namespace
service "jaeger" deleted from default namespace
service "jaeger-public" deleted from default namespace
service "om" deleted from default namespace
service "om-public" deleted from default namespace
service "prometheus" deleted from default namespace
service "recon" deleted from default namespace
service "recon-public" deleted from default namespace
service "s3g" deleted from default namespace
service "s3g-public" deleted from default namespace
service "scm" deleted from default namespace
service "scm-public" deleted from default namespace
deployment.apps "prometheus" deleted from default namespace
statefulset.apps "datanode" deleted from default namespace
statefulset.apps "httpfs" deleted from default namespace
statefulset.apps "jaeger" deleted from default namespace
statefulset.apps "om" deleted from default namespace
statefulset.apps "recon" deleted from default namespace
statefulset.apps "s3g" deleted from default namespace
statefulset.apps "scm" deleted from default namespace

**** Regenerating original Kubernetes resource files ****


#### Executing tests of ozone-ha #####


**** Modifying Kubernetes resources file for test ****

   (mounting current Ozone directory to the containers, scheduling containers to one node, ...)

WARNING: this test can be executed only with local Kubernetes cluster
   (source dir should be available from K8s nodes)


**** Deleting existing k8s resources ****

===== PV/PVC before delete =====
No resources found
----- PV finalizers / status -----
NAME   STATUS   CLAIM   FINALIZERS   DELETION
----- Recent events (last 30) -----
default       61s         Normal    Created                          pod/datanode-1                                 Container created
default       61s         Normal    SuccessfulCreate                 statefulset/datanode                           Create Pod datanode-2 in StatefulSet datanode successful
default       61s         Normal    Started                          pod/datanode-1                                 Container started
default       61s         Normal    Pulled                           pod/datanode-1                                 Container image "ghcr.io/apache/ozone-runner:20260626-1-jdk25" already present on machine and can be accessed by the pod
default       60s         Normal    Started                          pod/datanode-2                                 Container started
default       60s         Normal    Created                          pod/datanode-2                                 Container created
default       60s         Normal    Pulled                           pod/datanode-2                                 Container image "ghcr.io/apache/ozone-runner:20260626-1-jdk25" already present on machine and can be accessed by the pod
default       44s         Normal    Created                          pod/scm-0                                      Container created
default       44s         Normal    Pulled                           pod/scm-0                                      Container image "ghcr.io/apache/ozone-runner:20260626-1-jdk25" already present on machine and can be accessed by the pod
default       44s         Normal    Started                          pod/scm-0                                      Container started
default       25s         Normal    Pulled                           pod/prometheus-cb99b57df-dx6x4                 Container image "ghcr.io/apache/ozone-runner:20260626-1-jdk25" already present on machine and can be accessed by the pod
default       25s         Normal    Created                          pod/prometheus-cb99b57df-dx6x4                 Container created
default       25s         Normal    Started                          pod/prometheus-cb99b57df-dx6x4                 Container started
default       25s         Warning   BackOff                          pod/prometheus-cb99b57df-dx6x4                 Back-off restarting failed container prometheus in pod prometheus-cb99b57df-dx6x4_default(2fa75eb4-4831-45c0-8326-ed4bffdb2bdc)
default       22s         Normal    Started                          pod/jaeger-0                                   Container started
default       22s         Warning   BackOff                          pod/jaeger-0                                   Back-off restarting failed container jaeger in pod jaeger-0_default(041eaf3b-ecf5-4024-b6df-b90201c5c9fa)
default       22s         Warning   Unhealthy                        pod/httpfs-0                                   Liveness probe failed: Get "http://10.42.0.27:14000/webhdfs/v1/?op=LISTSTATUS&user.name=hadoop": context deadline exceeded (Client.Timeout exceeded while awaiting headers)
default       22s         Normal    Pulled                           pod/jaeger-0                                   Container image "ghcr.io/apache/ozone-runner:20260626-1-jdk25" already present on machine and can be accessed by the pod
default       22s         Normal    Created                          pod/jaeger-0                                   Container created
default       10s         Normal    Pulled                           pod/s3g-0                                      Container image "ghcr.io/apache/ozone-runner:20260626-1-jdk25" already present on machine and can be accessed by the pod
default       10s         Normal    Created                          pod/s3g-0                                      Container created
default       10s         Normal    Started                          pod/s3g-0                                      Container started
default       7s          Warning   BackOff                          pod/s3g-0                                      Back-off restarting failed container s3g in pod s3g-0_default(91680494-6384-438a-b2c8-44f33b9cf07c)
default       4s          Normal    Killing                          pod/om-0                                       Stopping container om
default       4s          Normal    Killing                          pod/datanode-1                                 Stopping container datanode
default       4s          Normal    Killing                          pod/recon-0                                    Stopping container recon
default       4s          Normal    Killing                          pod/datanode-0                                 Stopping container datanode
default       4s          Normal    Killing                          pod/httpfs-0                                   Stopping container httpfs
default       4s          Normal    Killing                          pod/datanode-2                                 Stopping container datanode
default       4s          Normal    Killing                          pod/scm-0                                      Stopping container scm
===== end before delete =====
No resources found
No resources found
No resources found
service "kubernetes" deleted from default namespace
configmap "kube-root-ca.crt" deleted from default namespace
pod "om-0" deleted from default namespace
No resources found
===== PV/PVC after pvc delete =====
No resources found
----- PV finalizers / status -----
NAME   STATUS   CLAIM   FINALIZERS   DELETION
----- Recent events (last 30) -----
default       63s         Normal    Created                          pod/datanode-1                                 Container created
default       63s         Normal    SuccessfulCreate                 statefulset/datanode                           Create Pod datanode-2 in StatefulSet datanode successful
default       63s         Normal    Started                          pod/datanode-1                                 Container started
default       63s         Normal    Pulled                           pod/datanode-1                                 Container image "ghcr.io/apache/ozone-runner:20260626-1-jdk25" already present on machine and can be accessed by the pod
default       62s         Normal    Started                          pod/datanode-2                                 Container started
default       62s         Normal    Created                          pod/datanode-2                                 Container created
default       62s         Normal    Pulled                           pod/datanode-2                                 Container image "ghcr.io/apache/ozone-runner:20260626-1-jdk25" already present on machine and can be accessed by the pod
default       46s         Normal    Created                          pod/scm-0                                      Container created
default       46s         Normal    Pulled                           pod/scm-0                                      Container image "ghcr.io/apache/ozone-runner:20260626-1-jdk25" already present on machine and can be accessed by the pod
default       46s         Normal    Started                          pod/scm-0                                      Container started
default       27s         Normal    Pulled                           pod/prometheus-cb99b57df-dx6x4                 Container image "ghcr.io/apache/ozone-runner:20260626-1-jdk25" already present on machine and can be accessed by the pod
default       27s         Normal    Created                          pod/prometheus-cb99b57df-dx6x4                 Container created
default       27s         Normal    Started                          pod/prometheus-cb99b57df-dx6x4                 Container started
default       27s         Warning   BackOff                          pod/prometheus-cb99b57df-dx6x4                 Back-off restarting failed container prometheus in pod prometheus-cb99b57df-dx6x4_default(2fa75eb4-4831-45c0-8326-ed4bffdb2bdc)
default       24s         Normal    Started                          pod/jaeger-0                                   Container started
default       24s         Warning   BackOff                          pod/jaeger-0                                   Back-off restarting failed container jaeger in pod jaeger-0_default(041eaf3b-ecf5-4024-b6df-b90201c5c9fa)
default       24s         Warning   Unhealthy                        pod/httpfs-0                                   Liveness probe failed: Get "http://10.42.0.27:14000/webhdfs/v1/?op=LISTSTATUS&user.name=hadoop": context deadline exceeded (Client.Timeout exceeded while awaiting headers)
default       24s         Normal    Pulled                           pod/jaeger-0                                   Container image "ghcr.io/apache/ozone-runner:20260626-1-jdk25" already present on machine and can be accessed by the pod
default       24s         Normal    Created                          pod/jaeger-0                                   Container created
default       12s         Normal    Pulled                           pod/s3g-0                                      Container image "ghcr.io/apache/ozone-runner:20260626-1-jdk25" already present on machine and can be accessed by the pod
default       12s         Normal    Created                          pod/s3g-0                                      Container created
default       12s         Normal    Started                          pod/s3g-0                                      Container started
default       9s          Warning   BackOff                          pod/s3g-0                                      Back-off restarting failed container s3g in pod s3g-0_default(91680494-6384-438a-b2c8-44f33b9cf07c)
default       6s          Normal    Killing                          pod/om-0                                       Stopping container om
default       6s          Normal    Killing                          pod/datanode-1                                 Stopping container datanode
default       6s          Normal    Killing                          pod/recon-0                                    Stopping container recon
default       6s          Normal    Killing                          pod/datanode-0                                 Stopping container datanode
default       6s          Normal    Killing                          pod/httpfs-0                                   Stopping container httpfs
default       6s          Normal    Killing                          pod/datanode-2                                 Stopping container datanode
default       6s          Normal    Killing                          pod/scm-0                                      Stopping container scm
===== end after pvc delete =====
No resources found
===== PV/PVC after pv delete =====
No resources found
----- PV finalizers / status -----
NAME   STATUS   CLAIM   FINALIZERS   DELETION
----- Recent events (last 30) -----
default       63s         Normal    Created                          pod/datanode-1                                 Container created
default       63s         Normal    SuccessfulCreate                 statefulset/datanode                           Create Pod datanode-2 in StatefulSet datanode successful
default       63s         Normal    Started                          pod/datanode-1                                 Container started
default       63s         Normal    Pulled                           pod/datanode-1                                 Container image "ghcr.io/apache/ozone-runner:20260626-1-jdk25" already present on machine and can be accessed by the pod
default       62s         Normal    Started                          pod/datanode-2                                 Container started
default       62s         Normal    Created                          pod/datanode-2                                 Container created
default       62s         Normal    Pulled                           pod/datanode-2                                 Container image "ghcr.io/apache/ozone-runner:20260626-1-jdk25" already present on machine and can be accessed by the pod
default       46s         Normal    Created                          pod/scm-0                                      Container created
default       46s         Normal    Pulled                           pod/scm-0                                      Container image "ghcr.io/apache/ozone-runner:20260626-1-jdk25" already present on machine and can be accessed by the pod
default       46s         Normal    Started                          pod/scm-0                                      Container started
default       27s         Normal    Pulled                           pod/prometheus-cb99b57df-dx6x4                 Container image "ghcr.io/apache/ozone-runner:20260626-1-jdk25" already present on machine and can be accessed by the pod
default       27s         Normal    Created                          pod/prometheus-cb99b57df-dx6x4                 Container created
default       27s         Normal    Started                          pod/prometheus-cb99b57df-dx6x4                 Container started
default       27s         Warning   BackOff                          pod/prometheus-cb99b57df-dx6x4                 Back-off restarting failed container prometheus in pod prometheus-cb99b57df-dx6x4_default(2fa75eb4-4831-45c0-8326-ed4bffdb2bdc)
default       24s         Normal    Started                          pod/jaeger-0                                   Container started
default       24s         Warning   BackOff                          pod/jaeger-0                                   Back-off restarting failed container jaeger in pod jaeger-0_default(041eaf3b-ecf5-4024-b6df-b90201c5c9fa)
default       24s         Warning   Unhealthy                        pod/httpfs-0                                   Liveness probe failed: Get "http://10.42.0.27:14000/webhdfs/v1/?op=LISTSTATUS&user.name=hadoop": context deadline exceeded (Client.Timeout exceeded while awaiting headers)
default       24s         Normal    Pulled                           pod/jaeger-0                                   Container image "ghcr.io/apache/ozone-runner:20260626-1-jdk25" already present on machine and can be accessed by the pod
default       24s         Normal    Created                          pod/jaeger-0                                   Container created
default       12s         Normal    Pulled                           pod/s3g-0                                      Container image "ghcr.io/apache/ozone-runner:20260626-1-jdk25" already present on machine and can be accessed by the pod
default       12s         Normal    Created                          pod/s3g-0                                      Container created
default       12s         Normal    Started                          pod/s3g-0                                      Container started
default       9s          Warning   BackOff                          pod/s3g-0                                      Back-off restarting failed container s3g in pod s3g-0_default(91680494-6384-438a-b2c8-44f33b9cf07c)
default       6s          Normal    Killing                          pod/om-0                                       Stopping container om
default       6s          Normal    Killing                          pod/datanode-1                                 Stopping container datanode
default       6s          Normal    Killing                          pod/recon-0                                    Stopping container recon
default       6s          Normal    Killing                          pod/datanode-0                                 Stopping container datanode
default       6s          Normal    Killing                          pod/httpfs-0                                   Stopping container httpfs
default       6s          Normal    Killing                          pod/datanode-2                                 Stopping container datanode
default       6s          Normal    Killing                          pod/scm-0                                      Stopping container scm
===== end after pv delete =====

**** Applying k8s resources from ozone-ha ****

configmap/config created
service/datanode created
service/httpfs created
service/om created
service/recon created
service/s3g created
service/scm created
statefulset.apps/datanode created
statefulset.apps/httpfs created
statefulset.apps/om created
statefulset.apps/recon created
statefulset.apps/s3g created
statefulset.apps/scm created

**** Waiting until the k8s cluster is running ****

No resources found in default namespace.
0 pods are running. Waiting for more.
1 'all_pods_are_running' is failed...
No resources found in default namespace.
0 pods are running. Waiting for more.
2 'all_pods_are_running' is failed...
1 pods are running. Waiting for more.
3 'all_pods_are_running' is failed...
3 / 7 pods are running
4 'all_pods_are_running' is failed...
4 / 7 pods are running
5 'all_pods_are_running' is failed...
6 / 8 pods are running
6 'all_pods_are_running' is failed...
6 / 8 pods are running
7 'all_pods_are_running' is failed...
6 / 8 pods are running
8 'all_pods_are_running' is failed...
8 / 9 pods are running
9 'all_pods_are_running' is failed...
8 / 9 pods are running
10 'all_pods_are_running' is failed...
8 / 9 pods are running
11 'all_pods_are_running' is failed...
8 / 9 pods are running
12 'all_pods_are_running' is failed...
8 / 9 pods are running
13 'all_pods_are_running' is failed...
9 / 10 pods are running
14 'all_pods_are_running' is failed...
9 / 10 pods are running
15 'all_pods_are_running' is failed...
9 / 10 pods are running
16 'all_pods_are_running' is failed...
9 / 10 pods are running
17 'all_pods_are_running' is failed...
Defaulted container "scm" out of: scm, init (init), bootstrap (init)
1 'grep_log scm-0 SCM exiting safe mode.' is failed...
Defaulted container "scm" out of: scm, init (init), bootstrap (init)
2 'grep_log scm-0 SCM exiting safe mode.' is failed...
Defaulted container "scm" out of: scm, init (init), bootstrap (init)
3 'grep_log scm-0 SCM exiting safe mode.' is failed...
Defaulted container "scm" out of: scm, init (init), bootstrap (init)
4 'grep_log scm-0 SCM exiting safe mode.' is failed...
Defaulted container "scm" out of: scm, init (init), bootstrap (init)
5 'grep_log scm-0 SCM exiting safe mode.' is failed...
Defaulted container "scm" out of: scm, init (init), bootstrap (init)
6 'grep_log scm-0 SCM exiting safe mode.' is failed...
Defaulted container "scm" out of: scm, init (init), bootstrap (init)
7 'grep_log scm-0 SCM exiting safe mode.' is failed...
Defaulted container "scm" out of: scm, init (init), bootstrap (init)
2026-08-26 20:15:57 INFO  SCMSafeModeManager:218 - SCM exiting safe mode.
2026-08-26 20:15:27 INFO  BaseHttpServer:363 - HTTP server of ozoneManager listening at http://om-0:9874

**** Cluster is up and running ****


**** Executing robot tests scm-0 ****

Defaulted container "scm" out of: scm, init (init), bootstrap (init)
Unable to use a TTY - input is not a terminal or the right kind of file
Defaulted container "scm" out of: scm, init (init), bootstrap (init)
Unable to use a TTY - input is not a terminal or the right kind of file
Defaulted container "scm" out of: scm, init (init), bootstrap (init)
Unable to use a TTY - input is not a terminal or the right kind of file
==============================================================================
Basic :: Smoketest ozone cluster startup                                      
==============================================================================
Check webui static resources                                          | PASS |
------------------------------------------------------------------------------
Basic Freon smoketest                                                 | PASS |
------------------------------------------------------------------------------
Basic :: Smoketest ozone cluster startup                              | PASS |
2 tests, 2 passed, 0 failed
==============================================================================
Output:  /tmp/report/output.xml
Log:     /tmp/report/log.html
Report:  /tmp/report/report.html
Defaulted container "scm" out of: scm, init (init), bootstrap (init)
tar: Removing leading `/' from member names
Output:  /rebot-output/output.xml
Log:     /rebot-output/log.html
Report:  /rebot-output/report.html
renamed '/home/runner/work/ozone/ozone/hadoop-ozone/dist/target/ozone-2.3.0-SNAPSHOT/kubernetes/examples/ozone-ha/result/rebot-FPGQub/log.html' -> '/home/runner/work/ozone/ozone/hadoop-ozone/dist/target/ozone-2.3.0-SNAPSHOT/kubernetes/examples/ozone-ha/result/log.html'
renamed '/home/runner/work/ozone/ozone/hadoop-ozone/dist/target/ozone-2.3.0-SNAPSHOT/kubernetes/examples/ozone-ha/result/rebot-FPGQub/output.xml' -> '/home/runner/work/ozone/ozone/hadoop-ozone/dist/target/ozone-2.3.0-SNAPSHOT/kubernetes/examples/ozone-ha/result/output.xml'
renamed '/home/runner/work/ozone/ozone/hadoop-ozone/dist/target/ozone-2.3.0-SNAPSHOT/kubernetes/examples/ozone-ha/result/rebot-FPGQub/report.html' -> '/home/runner/work/ozone/ozone/hadoop-ozone/dist/target/ozone-2.3.0-SNAPSHOT/kubernetes/examples/ozone-ha/result/report.html'

**** Collecting container logs ****

Defaulted container "scm" out of: scm, init (init), bootstrap (init)
Defaulted container "scm" out of: scm, init (init), bootstrap (init)
Defaulted container "scm" out of: scm, init (init), bootstrap (init)

**** Deleting k8s resources ****

configmap "config" deleted from default namespace
service "datanode" deleted from default namespace
service "httpfs" deleted from default namespace
service "om" deleted from default namespace
service "recon" deleted from default namespace
service "s3g" deleted from default namespace
service "scm" deleted from default namespace
statefulset.apps "datanode" deleted from default namespace
statefulset.apps "httpfs" deleted from default namespace
statefulset.apps "om" deleted from default namespace
statefulset.apps "recon" deleted from default namespace
statefulset.apps "s3g" deleted from default namespace
statefulset.apps "scm" deleted from default namespace

**** Regenerating original Kubernetes resource files ****


#### Executing tests of ozone #####


**** Modifying Kubernetes resources file for test ****

   (mounting current Ozone directory to the containers, scheduling containers to one node, ...)

WARNING: this test can be executed only with local Kubernetes cluster
   (source dir should be available from K8s nodes)


**** Deleting existing k8s resources ****

===== PV/PVC before delete =====
NAME                                                        CAPACITY   ACCESS MODES   RECLAIM POLICY   STATUS   CLAIM                     STORAGECLASS   VOLUMEATTRIBUTESCLASS   REASON   AGE   VOLUMEMODE
persistentvolume/pvc-0dc5dbfb-ca9e-4578-85a1-a9dbae0982d9   20Gi       RWO            Delete           Bound    default/data-datanode-0   local-path     <unset>                          84s   Filesystem
persistentvolume/pvc-3146763c-30ce-4c8e-af51-627200da4b26   20Gi       RWO            Delete           Bound    default/data-scm-0        local-path     <unset>                          81s   Filesystem
persistentvolume/pvc-4874e207-7788-4c10-ae31-468f09bd7a5e   20Gi       RWO            Delete           Bound    default/data-scm-2        local-path     <unset>                          42s   Filesystem
persistentvolume/pvc-6ccf0306-9c88-4fa9-94b0-fdd8fa0b9377   20Gi       RWO            Delete           Bound    default/data-om-0         local-path     <unset>                          75s   Filesystem
persistentvolume/pvc-7e784714-3d8c-4abc-bbca-e13f4f8f3d99   20Gi       RWO            Delete           Bound    default/data-httpfs-0     local-path     <unset>                          78s   Filesystem
persistentvolume/pvc-8a327007-0636-4c9d-bacc-74c43b94678d   20Gi       RWO            Delete           Bound    default/data-datanode-1   local-path     <unset>                          74s   Filesystem
persistentvolume/pvc-b1d4b8af-c17f-4aea-9b72-2308b591fc2d   20Gi       RWO            Delete           Bound    default/data-datanode-2   local-path     <unset>                          67s   Filesystem
persistentvolume/pvc-d1c92850-f046-4a6f-a62f-ebb3c4c443b4   20Gi       RWO            Delete           Bound    default/data-scm-1        local-path     <unset>                          59s   Filesystem
persistentvolume/pvc-e30f3501-1a66-4886-9356-415981aed4d0   20Gi       RWO            Delete           Bound    default/data-s3g-0        local-path     <unset>                          80s   Filesystem
persistentvolume/pvc-e3b46883-4616-4cf4-86bb-3dea97d19153   20Gi       RWO            Delete           Bound    default/data-recon-0      local-path     <unset>                          81s   Filesystem

NAMESPACE   NAME                                    STATUS        VOLUME                                     CAPACITY   ACCESS MODES   STORAGECLASS   VOLUMEATTRIBUTESCLASS   AGE   VOLUMEMODE
default     persistentvolumeclaim/data-datanode-0   Terminating   pvc-0dc5dbfb-ca9e-4578-85a1-a9dbae0982d9   20Gi       RWO            local-path     <unset>                 88s   Filesystem
default     persistentvolumeclaim/data-datanode-1   Terminating   pvc-8a327007-0636-4c9d-bacc-74c43b94678d   20Gi       RWO            local-path     <unset>                 82s   Filesystem
default     persistentvolumeclaim/data-datanode-2   Terminating   pvc-b1d4b8af-c17f-4aea-9b72-2308b591fc2d   20Gi       RWO            local-path     <unset>                 72s   Filesystem
default     persistentvolumeclaim/data-om-0         Terminating   pvc-6ccf0306-9c88-4fa9-94b0-fdd8fa0b9377   20Gi       RWO            local-path     <unset>                 88s   Filesystem
default     persistentvolumeclaim/data-recon-0      Terminating   pvc-e3b46883-4616-4cf4-86bb-3dea97d19153   20Gi       RWO            local-path     <unset>                 88s   Filesystem
default     persistentvolumeclaim/data-s3g-0        Terminating   pvc-e30f3501-1a66-4886-9356-415981aed4d0   20Gi       RWO            local-path     <unset>                 88s   Filesystem
default     persistentvolumeclaim/data-scm-0        Terminating   pvc-3146763c-30ce-4c8e-af51-627200da4b26   20Gi       RWO            local-path     <unset>                 88s   Filesystem
default     persistentvolumeclaim/data-scm-1        Terminating   pvc-d1c92850-f046-4a6f-a62f-ebb3c4c443b4   20Gi       RWO            local-path     <unset>                 64s   Filesystem
default     persistentvolumeclaim/data-scm-2        Terminating   pvc-4874e207-7788-4c10-ae31-468f09bd7a5e   20Gi       RWO            local-path     <unset>                 47s   Filesystem
----- PV finalizers / status -----
NAME                                       STATUS     CLAIM             FINALIZERS                      DELETION
pvc-0dc5dbfb-ca9e-4578-85a1-a9dbae0982d9   Bound      data-datanode-0   [kubernetes.io/pv-protection]   <none>
pvc-3146763c-30ce-4c8e-af51-627200da4b26   Bound      data-scm-0        [kubernetes.io/pv-protection]   <none>
pvc-4874e207-7788-4c10-ae31-468f09bd7a5e   Bound      data-scm-2        [kubernetes.io/pv-protection]   <none>
pvc-6ccf0306-9c88-4fa9-94b0-fdd8fa0b9377   Bound      data-om-0         [kubernetes.io/pv-protection]   <none>
pvc-7e784714-3d8c-4abc-bbca-e13f4f8f3d99   Released   data-httpfs-0     [kubernetes.io/pv-protection]   <none>
pvc-8a327007-0636-4c9d-bacc-74c43b94678d   Bound      data-datanode-1   [kubernetes.io/pv-protection]   <none>
pvc-b1d4b8af-c17f-4aea-9b72-2308b591fc2d   Bound      data-datanode-2   [kubernetes.io/pv-protection]   <none>
pvc-d1c92850-f046-4a6f-a62f-ebb3c4c443b4   Bound      data-scm-1        [kubernetes.io/pv-protection]   <none>
pvc-e30f3501-1a66-4886-9356-415981aed4d0   Released   data-s3g-0        [kubernetes.io/pv-protection]   <none>
pvc-e3b46883-4616-4cf4-86bb-3dea97d19153   Bound      data-recon-0      [kubernetes.io/pv-protection]   <none>
----- Recent events (last 30) -----
default       47s         Normal    SuccessfulCreate                 statefulset/scm                                                  Create Claim data-scm-2 Pod scm-2 in StatefulSet scm success
default       46s         Warning   Unhealthy                        pod/httpfs-0                                                     Liveness probe failed: Get "http://10.42.0.47:14000/webhdfs/v1/?op=LISTSTATUS&user.name=hadoop": context deadline exceeded (Client.Timeout exceeded while awaiting headers)
default       45s         Normal    Provisioning                     persistentvolumeclaim/data-scm-2                                 External provisioner is provisioning volume for claim "default/data-scm-2"
default       45s         Normal    ExternalProvisioning             persistentvolumeclaim/data-scm-2                                 Waiting for a volume to be created either by the external provisioner 'rancher.io/local-path' or manually by the system administrator. If volume creation is delayed, please verify that the provisioner is running and correctly registered.
kube-system   45s         Normal    Pulled                           pod/helper-pod-create-pvc-4874e207-7788-4c10-ae31-468f09bd7a5e   Container image "rancher/mirrored-library-busybox:1.37.0" already present on machine and can be accessed by the pod
kube-system   45s         Normal    Created                          pod/helper-pod-create-pvc-4874e207-7788-4c10-ae31-468f09bd7a5e   Container created
kube-system   45s         Normal    Started                          pod/helper-pod-create-pvc-4874e207-7788-4c10-ae31-468f09bd7a5e   Container started
default       42s         Normal    ProvisioningSucceeded            persistentvolumeclaim/data-scm-2                                 Successfully provisioned volume pvc-4874e207-7788-4c10-ae31-468f09bd7a5e
default       41s         Normal    Started                          pod/scm-2                                                        Container started
default       41s         Normal    Created                          pod/scm-2                                                        Container created
default       41s         Normal    Pulled                           pod/scm-2                                                        Container image "ghcr.io/apache/ozone-runner:20260626-1-jdk25" already present on machine and can be accessed by the pod
default       39s         Normal    Started                          pod/scm-2                                                        Container started
default       39s         Normal    Pulled                           pod/scm-2                                                        Container image "ghcr.io/apache/ozone-runner:20260626-1-jdk25" already present on machine and can be accessed by the pod
default       39s         Normal    Created                          pod/scm-2                                                        Container created
default       36s         Normal    Started                          pod/scm-2                                                        Container started
default       36s         Normal    Pulled                           pod/scm-2                                                        Container image "ghcr.io/apache/ozone-runner:20260626-1-jdk25" already present on machine and can be accessed by the pod
default       36s         Normal    Created                          pod/scm-2                                                        Container created
default       34s         Normal    Started                          pod/s3g-0                                                        Container started
default       34s         Normal    Created                          pod/s3g-0                                                        Container created
default       34s         Normal    Pulled                           pod/s3g-0                                                        Container image "ghcr.io/apache/ozone-runner:20260626-1-jdk25" already present on machine and can be accessed by the pod
default       29s         Warning   BackOff                          pod/s3g-0                                                        Back-off restarting failed container s3g in pod s3g-0_default(d955d342-d0bc-41e2-a8de-929aeaa1335c)
default       1s          Normal    Killing                          pod/datanode-1                                                   Stopping container datanode
default       1s          Normal    Killing                          pod/httpfs-0                                                     Stopping container httpfs
default       1s          Normal    Killing                          pod/datanode-0                                                   Stopping container datanode
default       1s          Normal    Killing                          pod/datanode-2                                                   Stopping container datanode
default       1s          Normal    Killing                          pod/om-0                                                         Stopping container om
default       0s          Normal    Killing                          pod/scm-2                                                        Stopping container scm
default       0s          Normal    Killing                          pod/scm-0                                                        Stopping container scm
default       0s          Normal    Killing                          pod/recon-0                                                      Stopping container recon
default       0s          Normal    Killing                          pod/scm-1                                                        Stopping container scm
===== end before delete =====
No resources found
No resources found
No resources found
service "kubernetes" deleted from default namespace
configmap "kube-root-ca.crt" deleted from default namespace
pod "datanode-0" deleted from default namespace
pod "datanode-1" deleted from default namespace
pod "datanode-2" deleted from default namespace
pod "om-0" deleted from default namespace
pod "recon-0" deleted from default namespace
pod "scm-0" deleted from default namespace
pod "scm-1" deleted from default namespace
pod "scm-2" deleted from default namespace
No resources found
===== PV/PVC after pvc delete =====
NAME                                                        CAPACITY   ACCESS MODES   RECLAIM POLICY   STATUS     CLAIM                     STORAGECLASS   VOLUMEATTRIBUTESCLASS   REASON   AGE   VOLUMEMODE
persistentvolume/pvc-0dc5dbfb-ca9e-4578-85a1-a9dbae0982d9   20Gi       RWO            Delete           Released   default/data-datanode-0   local-path     <unset>                          90s   Filesystem
persistentvolume/pvc-3146763c-30ce-4c8e-af51-627200da4b26   20Gi       RWO            Delete           Released   default/data-scm-0        local-path     <unset>                          87s   Filesystem
persistentvolume/pvc-4874e207-7788-4c10-ae31-468f09bd7a5e   20Gi       RWO            Delete           Released   default/data-scm-2        local-path     <unset>                          48s   Filesystem
persistentvolume/pvc-6ccf0306-9c88-4fa9-94b0-fdd8fa0b9377   20Gi       RWO            Delete           Released   default/data-om-0         local-path     <unset>                          81s   Filesystem
persistentvolume/pvc-8a327007-0636-4c9d-bacc-74c43b94678d   20Gi       RWO            Delete           Released   default/data-datanode-1   local-path     <unset>                          80s   Filesystem
persistentvolume/pvc-b1d4b8af-c17f-4aea-9b72-2308b591fc2d   20Gi       RWO            Delete           Released   default/data-datanode-2   local-path     <unset>                          73s   Filesystem
persistentvolume/pvc-d1c92850-f046-4a6f-a62f-ebb3c4c443b4   20Gi       RWO            Delete           Released   default/data-scm-1        local-path     <unset>                          65s   Filesystem
----- PV finalizers / status -----
NAME                                       STATUS     CLAIM             FINALIZERS                      DELETION
pvc-0dc5dbfb-ca9e-4578-85a1-a9dbae0982d9   Released   data-datanode-0   [kubernetes.io/pv-protection]   <none>
pvc-3146763c-30ce-4c8e-af51-627200da4b26   Released   data-scm-0        [kubernetes.io/pv-protection]   <none>
pvc-4874e207-7788-4c10-ae31-468f09bd7a5e   Released   data-scm-2        [kubernetes.io/pv-protection]   <none>
pvc-6ccf0306-9c88-4fa9-94b0-fdd8fa0b9377   Released   data-om-0         [kubernetes.io/pv-protection]   <none>
pvc-8a327007-0636-4c9d-bacc-74c43b94678d   Released   data-datanode-1   [kubernetes.io/pv-protection]   <none>
pvc-b1d4b8af-c17f-4aea-9b72-2308b591fc2d   Released   data-datanode-2   [kubernetes.io/pv-protection]   <none>
pvc-d1c92850-f046-4a6f-a62f-ebb3c4c443b4   Released   data-scm-1        [kubernetes.io/pv-protection]   <none>
----- Recent events (last 30) -----
default       40s         Normal    Created                          pod/s3g-0                                                        Container created
default       40s         Normal    Started                          pod/s3g-0                                                        Container started
default       35s         Warning   BackOff                          pod/s3g-0                                                        Back-off restarting failed container s3g in pod s3g-0_default(d955d342-d0bc-41e2-a8de-929aeaa1335c)
default       7s          Normal    Killing                          pod/om-0                                                         Stopping container om
default       7s          Normal    Killing                          pod/datanode-0                                                   Stopping container datanode
default       7s          Normal    Killing                          pod/datanode-1                                                   Stopping container datanode
default       7s          Normal    Killing                          pod/datanode-2                                                   Stopping container datanode
default       7s          Normal    Killing                          pod/httpfs-0                                                     Stopping container httpfs
default       6s          Normal    Killing                          pod/scm-2                                                        Stopping container scm
default       6s          Normal    Killing                          pod/recon-0                                                      Stopping container recon
default       6s          Normal    Killing                          pod/scm-1                                                        Stopping container scm
default       6s          Normal    Killing                          pod/scm-0                                                        Stopping container scm
kube-system   5s          Normal    Pulled                           pod/helper-pod-delete-pvc-e30f3501-1a66-4886-9356-415981aed4d0   Container image "rancher/mirrored-library-busybox:1.37.0" already present on machine and can be accessed by the pod
kube-system   5s          Normal    Pulled                           pod/helper-pod-delete-pvc-e3b46883-4616-4cf4-86bb-3dea97d19153   Container image "rancher/mirrored-library-busybox:1.37.0" already present on machine and can be accessed by the pod
kube-system   5s          Normal    Started                          pod/helper-pod-delete-pvc-e30f3501-1a66-4886-9356-415981aed4d0   Container started
kube-system   5s          Normal    Created                          pod/helper-pod-delete-pvc-e30f3501-1a66-4886-9356-415981aed4d0   Container created
kube-system   5s          Normal    Started                          pod/helper-pod-delete-pvc-7e784714-3d8c-4abc-bbca-e13f4f8f3d99   Container started
kube-system   5s          Normal    Created                          pod/helper-pod-delete-pvc-7e784714-3d8c-4abc-bbca-e13f4f8f3d99   Container created
kube-system   5s          Normal    Pulled                           pod/helper-pod-delete-pvc-7e784714-3d8c-4abc-bbca-e13f4f8f3d99   Container image "rancher/mirrored-library-busybox:1.37.0" already present on machine and can be accessed by the pod
kube-system   4s          Normal    Created                          pod/helper-pod-delete-pvc-e3b46883-4616-4cf4-86bb-3dea97d19153   Container created
kube-system   4s          Normal    Started                          pod/helper-pod-delete-pvc-e3b46883-4616-4cf4-86bb-3dea97d19153   Container started
kube-system   3s          Normal    Created                          pod/helper-pod-delete-pvc-4874e207-7788-4c10-ae31-468f09bd7a5e   Container created
kube-system   3s          Normal    Pulled                           pod/helper-pod-delete-pvc-4874e207-7788-4c10-ae31-468f09bd7a5e   Container image "rancher/mirrored-library-busybox:1.37.0" already present on machine and can be accessed by the pod
kube-system   3s          Normal    Started                          pod/helper-pod-delete-pvc-4874e207-7788-4c10-ae31-468f09bd7a5e   Container started
kube-system   1s          Normal    Started                          pod/helper-pod-delete-pvc-0dc5dbfb-ca9e-4578-85a1-a9dbae0982d9   Container started
kube-system   1s          Normal    Created                          pod/helper-pod-delete-pvc-0dc5dbfb-ca9e-4578-85a1-a9dbae0982d9   Container created
kube-system   1s          Normal    Pulled                           pod/helper-pod-delete-pvc-0dc5dbfb-ca9e-4578-85a1-a9dbae0982d9   Container image "rancher/mirrored-library-busybox:1.37.0" already present on machine and can be accessed by the pod
kube-system   0s          Normal    Pulled                           pod/helper-pod-delete-pvc-d1c92850-f046-4a6f-a62f-ebb3c4c443b4   Container image "rancher/mirrored-library-busybox:1.37.0" already present on machine and can be accessed by the pod
kube-system   0s          Normal    Created                          pod/helper-pod-delete-pvc-d1c92850-f046-4a6f-a62f-ebb3c4c443b4   Container created
kube-system   0s          Normal    Started                          pod/helper-pod-delete-pvc-d1c92850-f046-4a6f-a62f-ebb3c4c443b4   Container started
===== end after pvc delete =====
persistentvolume "pvc-0dc5dbfb-ca9e-4578-85a1-a9dbae0982d9" deleted
persistentvolume "pvc-3146763c-30ce-4c8e-af51-627200da4b26" deleted
persistentvolume "pvc-4874e207-7788-4c10-ae31-468f09bd7a5e" deleted
persistentvolume "pvc-6ccf0306-9c88-4fa9-94b0-fdd8fa0b9377" deleted
persistentvolume "pvc-8a327007-0636-4c9d-bacc-74c43b94678d" deleted
persistentvolume "pvc-b1d4b8af-c17f-4aea-9b72-2308b591fc2d" deleted
persistentvolume "pvc-d1c92850-f046-4a6f-a62f-ebb3c4c443b4" deleted
===== PV/PVC after pv delete =====
No resources found
----- PV finalizers / status -----
NAME   STATUS   CLAIM   FINALIZERS   DELETION
----- Recent events (last 30) -----
default       41s         Normal    Created                          pod/s3g-0                                                        Container created
default       41s         Normal    Started                          pod/s3g-0                                                        Container started
default       36s         Warning   BackOff                          pod/s3g-0                                                        Back-off restarting failed container s3g in pod s3g-0_default(d955d342-d0bc-41e2-a8de-929aeaa1335c)
default       8s          Normal    Killing                          pod/om-0                                                         Stopping container om
default       8s          Normal    Killing                          pod/datanode-0                                                   Stopping container datanode
default       8s          Normal    Killing                          pod/datanode-1                                                   Stopping container datanode
default       8s          Normal    Killing                          pod/datanode-2                                                   Stopping container datanode
default       8s          Normal    Killing                          pod/httpfs-0                                                     Stopping container httpfs
default       7s          Normal    Killing                          pod/scm-2                                                        Stopping container scm
default       7s          Normal    Killing                          pod/recon-0                                                      Stopping container recon
default       7s          Normal    Killing                          pod/scm-1                                                        Stopping container scm
default       7s          Normal    Killing                          pod/scm-0                                                        Stopping container scm
kube-system   6s          Normal    Pulled                           pod/helper-pod-delete-pvc-e30f3501-1a66-4886-9356-415981aed4d0   Container image "rancher/mirrored-library-busybox:1.37.0" already present on machine and can be accessed by the pod
kube-system   6s          Normal    Pulled                           pod/helper-pod-delete-pvc-e3b46883-4616-4cf4-86bb-3dea97d19153   Container image "rancher/mirrored-library-busybox:1.37.0" already present on machine and can be accessed by the pod
kube-system   6s          Normal    Started                          pod/helper-pod-delete-pvc-e30f3501-1a66-4886-9356-415981aed4d0   Container started
kube-system   6s          Normal    Created                          pod/helper-pod-delete-pvc-e30f3501-1a66-4886-9356-415981aed4d0   Container created
kube-system   6s          Normal    Started                          pod/helper-pod-delete-pvc-7e784714-3d8c-4abc-bbca-e13f4f8f3d99   Container started
kube-system   6s          Normal    Created                          pod/helper-pod-delete-pvc-7e784714-3d8c-4abc-bbca-e13f4f8f3d99   Container created
kube-system   6s          Normal    Pulled                           pod/helper-pod-delete-pvc-7e784714-3d8c-4abc-bbca-e13f4f8f3d99   Container image "rancher/mirrored-library-busybox:1.37.0" already present on machine and can be accessed by the pod
kube-system   5s          Normal    Created                          pod/helper-pod-delete-pvc-e3b46883-4616-4cf4-86bb-3dea97d19153   Container created
kube-system   5s          Normal    Started                          pod/helper-pod-delete-pvc-e3b46883-4616-4cf4-86bb-3dea97d19153   Container started
kube-system   4s          Normal    Created                          pod/helper-pod-delete-pvc-4874e207-7788-4c10-ae31-468f09bd7a5e   Container created
kube-system   4s          Normal    Pulled                           pod/helper-pod-delete-pvc-4874e207-7788-4c10-ae31-468f09bd7a5e   Container image "rancher/mirrored-library-busybox:1.37.0" already present on machine and can be accessed by the pod
kube-system   4s          Normal    Started                          pod/helper-pod-delete-pvc-4874e207-7788-4c10-ae31-468f09bd7a5e   Container started
kube-system   2s          Normal    Started                          pod/helper-pod-delete-pvc-0dc5dbfb-ca9e-4578-85a1-a9dbae0982d9   Container started
kube-system   2s          Normal    Created                          pod/helper-pod-delete-pvc-0dc5dbfb-ca9e-4578-85a1-a9dbae0982d9   Container created
kube-system   2s          Normal    Pulled                           pod/helper-pod-delete-pvc-0dc5dbfb-ca9e-4578-85a1-a9dbae0982d9   Container image "rancher/mirrored-library-busybox:1.37.0" already present on machine and can be accessed by the pod
kube-system   1s          Normal    Pulled                           pod/helper-pod-delete-pvc-d1c92850-f046-4a6f-a62f-ebb3c4c443b4   Container image "rancher/mirrored-library-busybox:1.37.0" already present on machine and can be accessed by the pod
kube-system   1s          Normal    Created                          pod/helper-pod-delete-pvc-d1c92850-f046-4a6f-a62f-ebb3c4c443b4   Container created
kube-system   1s          Normal    Started                          pod/helper-pod-delete-pvc-d1c92850-f046-4a6f-a62f-ebb3c4c443b4   Container started
===== end after pv delete =====

**** Applying k8s resources from ozone ****

configmap/config created
service/datanode created
service/httpfs created
service/om created
service/recon created
service/s3g created
service/scm created
statefulset.apps/datanode created
statefulset.apps/httpfs created
statefulset.apps/om created
statefulset.apps/recon created
statefulset.apps/s3g created
statefulset.apps/scm created

**** Waiting until the k8s cluster is running ****

No resources found in default namespace.
0 pods are running. Waiting for more.
1 'all_pods_are_running' is failed...
No resources found in default namespace.
0 pods are running. Waiting for more.
2 'all_pods_are_running' is failed...
No resources found in default namespace.
0 pods are running. Waiting for more.
3 'all_pods_are_running' is failed...
1 pods are running. Waiting for more.
4 'all_pods_are_running' is failed...
2 pods are running. Waiting for more.
5 'all_pods_are_running' is failed...
4 / 7 pods are running
6 'all_pods_are_running' is failed...
5 / 7 pods are running
7 'all_pods_are_running' is failed...
6 / 8 pods are running
8 'all_pods_are_running' is failed...
7 / 8 pods are running
9 'all_pods_are_running' is failed...
7 / 8 pods are running
10 'all_pods_are_running' is failed...
Defaulted container "scm" out of: scm, init (init)
1 'grep_log scm-0 SCM exiting safe mode.' is failed...
Defaulted container "scm" out of: scm, init (init)
2 'grep_log scm-0 SCM exiting safe mode.' is failed...
Defaulted container "scm" out of: scm, init (init)
3 'grep_log scm-0 SCM exiting safe mode.' is failed...
Defaulted container "scm" out of: scm, init (init)
4 'grep_log scm-0 SCM exiting safe mode.' is failed...
Defaulted container "scm" out of: scm, init (init)
5 'grep_log scm-0 SCM exiting safe mode.' is failed...
Defaulted container "scm" out of: scm, init (init)
6 'grep_log scm-0 SCM exiting safe mode.' is failed...
Defaulted container "scm" out of: scm, init (init)
7 'grep_log scm-0 SCM exiting safe mode.' is failed...
Defaulted container "scm" out of: scm, init (init)
2026-08-26 20:17:09 INFO  SCMSafeModeManager:218 - SCM exiting safe mode.
2026-08-26 20:17:02 INFO  BaseHttpServer:363 - HTTP server of ozoneManager listening at http://om-0:9874

**** Cluster is up and running ****


**** Executing robot tests scm-0 ****

Defaulted container "scm" out of: scm, init (init)
Unable to use a TTY - input is not a terminal or the right kind of file
Defaulted container "scm" out of: scm, init (init)
Unable to use a TTY - input is not a terminal or the right kind of file
Defaulted container "scm" out of: scm, init (init)
Unable to use a TTY - input is not a terminal or the right kind of file
==============================================================================
Generate :: Test freon data generation commands                               
==============================================================================
Ozone Client Key Generator                                            | PASS |
------------------------------------------------------------------------------
OM Key Generator                                                      | PASS |
------------------------------------------------------------------------------
OM Bucket Generator                                                   | PASS |
------------------------------------------------------------------------------
Generate :: Test freon data generation commands                       | PASS |
3 tests, 3 passed, 0 failed
==============================================================================
Output:  /tmp/report/output.xml
Log:     /tmp/report/log.html
Report:  /tmp/report/report.html
Defaulted container "scm" out of: scm, init (init)
tar: Removing leading `/' from member names

**** Executing robot tests scm-0 ****

Defaulted container "scm" out of: scm, init (init)
Unable to use a TTY - input is not a terminal or the right kind of file
Defaulted container "scm" out of: scm, init (init)
Unable to use a TTY - input is not a terminal or the right kind of file
Defaulted container "scm" out of: scm, init (init)
Unable to use a TTY - input is not a terminal or the right kind of file
==============================================================================
Validate :: Test freon data validation commands                               
==============================================================================
Ozone Client Key Validator                                            | PASS |
------------------------------------------------------------------------------
Validate :: Test freon data validation commands                       | PASS |
1 test, 1 passed, 0 failed
==============================================================================
Output:  /tmp/report/output.xml
Log:     /tmp/report/log.html
Report:  /tmp/report/report.html
Defaulted container "scm" out of: scm, init (init)
tar: Removing leading `/' from member names
pod "datanode-0" deleted from default namespace
pod "datanode-1" deleted from default namespace
pod "datanode-2" deleted from default namespace

**** Waiting until the k8s cluster is running ****

5 / 6 pods are running
1 'all_pods_are_running' is failed...
Defaulted container "scm" out of: scm, init (init)
2026-08-26 20:17:09 INFO  SCMSafeModeManager:218 - SCM exiting safe mode.
2026-08-26 20:17:02 INFO  BaseHttpServer:363 - HTTP server of ozoneManager listening at http://om-0:9874

**** Cluster is up and running ****

Defaulted container "scm" out of: scm, init (init)

**** Executing robot tests scm-0 ****

Defaulted container "scm" out of: scm, init (init)
Unable to use a TTY - input is not a terminal or the right kind of file
Defaulted container "scm" out of: scm, init (init)
Unable to use a TTY - input is not a terminal or the right kind of file
Defaulted container "scm" out of: scm, init (init)
Unable to use a TTY - input is not a terminal or the right kind of file
==============================================================================
Validate :: Test freon data validation commands                               
==============================================================================
Ozone Client Key Validator                                            | PASS |
------------------------------------------------------------------------------
Validate :: Test freon data validation commands                       | PASS |
1 test, 1 passed, 0 failed
==============================================================================
Output:  /tmp/report/output.xml
Log:     /tmp/report/log.html
Report:  /tmp/report/report.html
Defaulted container "scm" out of: scm, init (init)
tar: Removing leading `/' from member names

**** Executing robot tests scm-0 ****

Defaulted container "scm" out of: scm, init (init)
Unable to use a TTY - input is not a terminal or the right kind of file
Defaulted container "scm" out of: scm, init (init)
Unable to use a TTY - input is not a terminal or the right kind of file
Defaulted container "scm" out of: scm, init (init)
Unable to use a TTY - input is not a terminal or the right kind of file
==============================================================================
Generate :: Test freon data generation commands                               
==============================================================================
Ozone Client Key Generator                                            | FAIL |
255 != 0
------------------------------------------------------------------------------
OM Key Generator                                                      | PASS |
------------------------------------------------------------------------------
OM Bucket Generator                                                   | PASS |
------------------------------------------------------------------------------
Generate :: Test freon data generation commands                       | FAIL |
3 tests, 2 passed, 1 failed
==============================================================================
Output:  /tmp/report/output.xml
Log:     /tmp/report/log.html
Report:  /tmp/report/report.html
Defaulted container "scm" out of: scm, init (init)
tar: Removing leading `/' from member names

**** Executing robot tests scm-0 ****

Defaulted container "scm" out of: scm, init (init)
Unable to use a TTY - input is not a terminal or the right kind of file
Defaulted container "scm" out of: scm, init (init)
Unable to use a TTY - input is not a terminal or the right kind of file
Defaulted container "scm" out of: scm, init (init)
Unable to use a TTY - input is not a terminal or the right kind of file
==============================================================================
Validate :: Test freon data validation commands                               
==============================================================================
Ozone Client Key Validator                                            | FAIL |
255 != 0
------------------------------------------------------------------------------
Validate :: Test freon data validation commands                       | FAIL |
1 test, 0 passed, 1 failed
==============================================================================
Output:  /tmp/report/output.xml
Log:     /tmp/report/log.html
Report:  /tmp/report/report.html
Defaulted container "scm" out of: scm, init (init)
tar: Removing leading `/' from member names
Output:  /rebot-output/output.xml
Log:     /rebot-output/log.html
Report:  /rebot-output/report.html
renamed '/home/runner/work/ozone/ozone/hadoop-ozone/dist/target/ozone-2.3.0-SNAPSHOT/kubernetes/examples/ozone/result/rebot-JUMzcs/log.html' -> '/home/runner/work/ozone/ozone/hadoop-ozone/dist/target/ozone-2.3.0-SNAPSHOT/kubernetes/examples/ozone/result/log.html'
renamed '/home/runner/work/ozone/ozone/hadoop-ozone/dist/target/ozone-2.3.0-SNAPSHOT/kubernetes/examples/ozone/result/rebot-JUMzcs/output.xml' -> '/home/runner/work/ozone/ozone/hadoop-ozone/dist/target/ozone-2.3.0-SNAPSHOT/kubernetes/examples/ozone/result/output.xml'
renamed '/home/runner/work/ozone/ozone/hadoop-ozone/dist/target/ozone-2.3.0-SNAPSHOT/kubernetes/examples/ozone/result/rebot-JUMzcs/report.html' -> '/home/runner/work/ozone/ozone/hadoop-ozone/dist/target/ozone-2.3.0-SNAPSHOT/kubernetes/examples/ozone/result/report.html'

**** Collecting container logs ****

Defaulted container "scm" out of: scm, init (init)

**** Deleting k8s resources ****

configmap "config" deleted from default namespace
service "datanode" deleted from default namespace
service "httpfs" deleted from default namespace
service "om" deleted from default namespace
service "recon" deleted from default namespace
service "s3g" deleted from default namespace
service "scm" deleted from default namespace
statefulset.apps "datanode" deleted from default namespace
statefulset.apps "httpfs" deleted from default namespace
statefulset.apps "om" deleted from default namespace
statefulset.apps "recon" deleted from default namespace
statefulset.apps "s3g" deleted from default namespace
statefulset.apps "scm" deleted from default namespace

**** Regenerating original Kubernetes resource files ****

Log:     /rebot-output/log.html
Report:  /rebot-output/report.html
renamed '/home/runner/work/ozone/ozone/hadoop-ozone/dist/target/ozone-2.3.0-SNAPSHOT/kubernetes/examples/result/rebot-sKAY9p/log.html' -> '/home/runner/work/ozone/ozone/hadoop-ozone/dist/target/ozone-2.3.0-SNAPSHOT/kubernetes/examples/result/log.html'
renamed '/home/runner/work/ozone/ozone/hadoop-ozone/dist/target/ozone-2.3.0-SNAPSHOT/kubernetes/examples/result/rebot-sKAY9p/report.html' -> '/home/runner/work/ozone/ozone/hadoop-ozone/dist/target/ozone-2.3.0-SNAPSHOT/kubernetes/examples/result/report.html'
