rm: cannot remove '/home/runner/work/ozone/ozone/hadoop-ozone/dist/target/ozone-2.3.0-SNAPSHOT/kubernetes/examples/result/*': No such file or directory

#### Executing tests of getting-started #####


**** Modifying Kubernetes resources file for test ****

   (mounting current Ozone directory to the containers, scheduling containers to one node, ...)

WARNING: this test can be executed only with local Kubernetes cluster
   (source dir should be available from K8s nodes)


**** Deleting existing k8s resources ****

===== PV/PVC before delete =====
No resources found
----- PV finalizers / status -----
NAME   STATUS   CLAIM   FINALIZERS   DELETION
----- Recent events (last 30) -----
kube-system   10s         Normal    ApplyingManifest                 addon/rolebindings                             Applying manifest at "/var/lib/rancher/k3s/server/manifests/rolebindings.yaml"
kube-system   10s         Normal    ApplyingManifest                 addon/metrics-server-deployment                Applying manifest at "/var/lib/rancher/k3s/server/manifests/metrics-server/metrics-server-deployment.yaml"
kube-system   10s         Normal    AppliedManifest                  addon/resource-reader                          Applied manifest at "/var/lib/rancher/k3s/server/manifests/metrics-server/resource-reader.yaml"
kube-system   10s         Normal    ApplyingManifest                 addon/resource-reader                          Applying manifest at "/var/lib/rancher/k3s/server/manifests/metrics-server/resource-reader.yaml"
default       10s         Normal    CIDRAssignmentFailed             node/runnervmgx7h7                             Node runnervmgx7h7 status is now: CIDRAssignmentFailed
kube-system   10s         Normal    AppliedManifest                  addon/metrics-server-service                   Applied manifest at "/var/lib/rancher/k3s/server/manifests/metrics-server/metrics-server-service.yaml"
kube-system   10s         Normal    ApplyingManifest                 addon/metrics-server-service                   Applying manifest at "/var/lib/rancher/k3s/server/manifests/metrics-server/metrics-server-service.yaml"
kube-system   10s         Normal    AppliedManifest                  addon/metrics-server-deployment                Applied manifest at "/var/lib/rancher/k3s/server/manifests/metrics-server/metrics-server-deployment.yaml"
kube-system   10s         Normal    AppliedManifest                  addon/auth-delegator                           Applied manifest at "/var/lib/rancher/k3s/server/manifests/metrics-server/auth-delegator.yaml"
kube-system   10s         Normal    AppliedManifest                  addon/local-storage                            Applied manifest at "/var/lib/rancher/k3s/server/manifests/local-storage.yaml"
kube-system   10s         Normal    ApplyingManifest                 addon/metrics-apiservice                       Applying manifest at "/var/lib/rancher/k3s/server/manifests/metrics-server/metrics-apiservice.yaml"
kube-system   10s         Normal    AppliedManifest                  addon/metrics-apiservice                       Applied manifest at "/var/lib/rancher/k3s/server/manifests/metrics-server/metrics-apiservice.yaml"
default       10s         Normal    RegisteredNode                   node/runnervmgx7h7                             Node runnervmgx7h7 event: Registered Node runnervmgx7h7 in Controller
kube-system   9s          Warning   FailedCreatePodSandBox           pod/helm-install-traefik-crd-f2lmf             Failed to create pod sandbox: rpc error: code = Unknown desc = failed to setup network for sandbox "f4eb2aa1aeadb390af4dfd637ad3dde1a6a00808335dc75430cabe5a000630a2": plugin type="flannel" failed (add): failed to load flannel 'subnet.env' file: open /run/flannel/subnet.env: no such file or directory. Check the flannel pod log for this node.
kube-system   9s          Normal    ApplyJob                         helmchart/traefik-crd                          Applying HelmChart using Job kube-system/helm-install-traefik-crd
kube-system   9s          Normal    ApplyJob                         helmchart/traefik                              Applying HelmChart using Job kube-system/helm-install-traefik
kube-system   9s          Normal    ScalingReplicaSet                deployment/local-path-provisioner              Scaled up replica set local-path-provisioner-6bc6568469 from 0 to 1
kube-system   9s          Normal    SuccessfulCreate                 replicaset/local-path-provisioner-6bc6568469   Created pod: local-path-provisioner-6bc6568469-hf4f7
default       9s          Normal    Synced                           node/runnervmgx7h7                             Node synced successfully
kube-system   9s          Normal    ScalingReplicaSet                deployment/metrics-server                      Scaled up replica set metrics-server-786d997795 from 0 to 1
kube-system   9s          Normal    SuccessfulCreate                 job/helm-install-traefik                       Created pod: helm-install-traefik-hcxfq
kube-system   9s          Warning   FailedCreatePodSandBox           pod/helm-install-traefik-hcxfq                 Failed to create pod sandbox: rpc error: code = Unknown desc = failed to setup network for sandbox "a0a24e211af6394bd6ab8717b6c5d64a6a8c4052f94ae99f7119085b4dd43587": plugin type="flannel" failed (add): failed to load flannel 'subnet.env' file: open /run/flannel/subnet.env: no such file or directory. Check the flannel pod log for this node.
kube-system   9s          Normal    SuccessfulCreate                 job/helm-install-traefik-crd                   Created pod: helm-install-traefik-crd-f2lmf
kube-system   9s          Normal    ScalingReplicaSet                deployment/coredns                             Scaled up replica set coredns-7566b5ff58 from 0 to 1
kube-system   9s          Normal    SuccessfulCreate                 replicaset/coredns-7566b5ff58                  Created pod: coredns-7566b5ff58-87r7x
default       9s          Normal    NodePasswordValidationComplete   node/runnervmgx7h7                             Deferred node password secret validation complete
kube-system   9s          Normal    SuccessfulCreate                 replicaset/metrics-server-786d997795           Created pod: metrics-server-786d997795-2zfv5
kube-system   8s          Warning   FailedCreatePodSandBox           pod/coredns-7566b5ff58-87r7x                   Failed to create pod sandbox: rpc error: code = Unknown desc = failed to setup network for sandbox "f66821b20c58d9b331d68587d4c39cdd00d1a2c96fcbb597c820321a740bc085": plugin type="flannel" failed (add): failed to load flannel 'subnet.env' file: open /run/flannel/subnet.env: no such file or directory. Check the flannel pod log for this node.
kube-system   8s          Warning   FailedCreatePodSandBox           pod/local-path-provisioner-6bc6568469-hf4f7    Failed to create pod sandbox: rpc error: code = Unknown desc = failed to setup network for sandbox "7a174fb1918be3ec5d7e378cb198f49538923986863a33da9cfc29dd0e70877d": plugin type="flannel" failed (add): failed to load flannel 'subnet.env' file: open /run/flannel/subnet.env: no such file or directory. Check the flannel pod log for this node.
kube-system   8s          Warning   FailedCreatePodSandBox           pod/metrics-server-786d997795-2zfv5            Failed to create pod sandbox: rpc error: code = Unknown desc = failed to setup network for sandbox "2b4f6093a83a8c6d232fa1479d5bdff2228f1202c4c92d251be688cc0a973529": plugin type="flannel" failed (add): failed to load flannel 'subnet.env' file: open /run/flannel/subnet.env: no such file or directory. Check the flannel pod log for this node.
===== end before delete =====
No resources found
No resources found
No resources found
service "kubernetes" deleted from default namespace
configmap "kube-root-ca.crt" deleted from default namespace
No resources found
No resources found
===== PV/PVC after pvc delete =====
No resources found
----- PV finalizers / status -----
NAME   STATUS   CLAIM   FINALIZERS   DELETION
----- Recent events (last 30) -----
kube-system   11s         Normal    ApplyingManifest                 addon/rolebindings                             Applying manifest at "/var/lib/rancher/k3s/server/manifests/rolebindings.yaml"
kube-system   11s         Normal    ApplyingManifest                 addon/metrics-server-deployment                Applying manifest at "/var/lib/rancher/k3s/server/manifests/metrics-server/metrics-server-deployment.yaml"
kube-system   11s         Normal    AppliedManifest                  addon/resource-reader                          Applied manifest at "/var/lib/rancher/k3s/server/manifests/metrics-server/resource-reader.yaml"
kube-system   11s         Normal    ApplyingManifest                 addon/resource-reader                          Applying manifest at "/var/lib/rancher/k3s/server/manifests/metrics-server/resource-reader.yaml"
default       11s         Normal    CIDRAssignmentFailed             node/runnervmgx7h7                             Node runnervmgx7h7 status is now: CIDRAssignmentFailed
kube-system   11s         Normal    AppliedManifest                  addon/metrics-server-service                   Applied manifest at "/var/lib/rancher/k3s/server/manifests/metrics-server/metrics-server-service.yaml"
kube-system   11s         Normal    ApplyingManifest                 addon/metrics-server-service                   Applying manifest at "/var/lib/rancher/k3s/server/manifests/metrics-server/metrics-server-service.yaml"
kube-system   11s         Normal    AppliedManifest                  addon/metrics-server-deployment                Applied manifest at "/var/lib/rancher/k3s/server/manifests/metrics-server/metrics-server-deployment.yaml"
kube-system   11s         Normal    AppliedManifest                  addon/auth-delegator                           Applied manifest at "/var/lib/rancher/k3s/server/manifests/metrics-server/auth-delegator.yaml"
kube-system   11s         Normal    AppliedManifest                  addon/local-storage                            Applied manifest at "/var/lib/rancher/k3s/server/manifests/local-storage.yaml"
kube-system   11s         Normal    ApplyingManifest                 addon/metrics-apiservice                       Applying manifest at "/var/lib/rancher/k3s/server/manifests/metrics-server/metrics-apiservice.yaml"
kube-system   11s         Normal    AppliedManifest                  addon/metrics-apiservice                       Applied manifest at "/var/lib/rancher/k3s/server/manifests/metrics-server/metrics-apiservice.yaml"
default       11s         Normal    RegisteredNode                   node/runnervmgx7h7                             Node runnervmgx7h7 event: Registered Node runnervmgx7h7 in Controller
kube-system   10s         Warning   FailedCreatePodSandBox           pod/helm-install-traefik-crd-f2lmf             Failed to create pod sandbox: rpc error: code = Unknown desc = failed to setup network for sandbox "f4eb2aa1aeadb390af4dfd637ad3dde1a6a00808335dc75430cabe5a000630a2": plugin type="flannel" failed (add): failed to load flannel 'subnet.env' file: open /run/flannel/subnet.env: no such file or directory. Check the flannel pod log for this node.
kube-system   10s         Normal    ApplyJob                         helmchart/traefik-crd                          Applying HelmChart using Job kube-system/helm-install-traefik-crd
kube-system   10s         Normal    ApplyJob                         helmchart/traefik                              Applying HelmChart using Job kube-system/helm-install-traefik
kube-system   10s         Normal    ScalingReplicaSet                deployment/local-path-provisioner              Scaled up replica set local-path-provisioner-6bc6568469 from 0 to 1
kube-system   10s         Normal    SuccessfulCreate                 replicaset/local-path-provisioner-6bc6568469   Created pod: local-path-provisioner-6bc6568469-hf4f7
default       10s         Normal    Synced                           node/runnervmgx7h7                             Node synced successfully
kube-system   10s         Normal    ScalingReplicaSet                deployment/metrics-server                      Scaled up replica set metrics-server-786d997795 from 0 to 1
kube-system   10s         Normal    SuccessfulCreate                 job/helm-install-traefik                       Created pod: helm-install-traefik-hcxfq
kube-system   10s         Warning   FailedCreatePodSandBox           pod/helm-install-traefik-hcxfq                 Failed to create pod sandbox: rpc error: code = Unknown desc = failed to setup network for sandbox "a0a24e211af6394bd6ab8717b6c5d64a6a8c4052f94ae99f7119085b4dd43587": plugin type="flannel" failed (add): failed to load flannel 'subnet.env' file: open /run/flannel/subnet.env: no such file or directory. Check the flannel pod log for this node.
kube-system   10s         Normal    SuccessfulCreate                 job/helm-install-traefik-crd                   Created pod: helm-install-traefik-crd-f2lmf
kube-system   10s         Normal    ScalingReplicaSet                deployment/coredns                             Scaled up replica set coredns-7566b5ff58 from 0 to 1
kube-system   10s         Normal    SuccessfulCreate                 replicaset/coredns-7566b5ff58                  Created pod: coredns-7566b5ff58-87r7x
default       10s         Normal    NodePasswordValidationComplete   node/runnervmgx7h7                             Deferred node password secret validation complete
kube-system   10s         Normal    SuccessfulCreate                 replicaset/metrics-server-786d997795           Created pod: metrics-server-786d997795-2zfv5
kube-system   9s          Warning   FailedCreatePodSandBox           pod/coredns-7566b5ff58-87r7x                   Failed to create pod sandbox: rpc error: code = Unknown desc = failed to setup network for sandbox "f66821b20c58d9b331d68587d4c39cdd00d1a2c96fcbb597c820321a740bc085": plugin type="flannel" failed (add): failed to load flannel 'subnet.env' file: open /run/flannel/subnet.env: no such file or directory. Check the flannel pod log for this node.
kube-system   9s          Warning   FailedCreatePodSandBox           pod/local-path-provisioner-6bc6568469-hf4f7    Failed to create pod sandbox: rpc error: code = Unknown desc = failed to setup network for sandbox "7a174fb1918be3ec5d7e378cb198f49538923986863a33da9cfc29dd0e70877d": plugin type="flannel" failed (add): failed to load flannel 'subnet.env' file: open /run/flannel/subnet.env: no such file or directory. Check the flannel pod log for this node.
kube-system   9s          Warning   FailedCreatePodSandBox           pod/metrics-server-786d997795-2zfv5            Failed to create pod sandbox: rpc error: code = Unknown desc = failed to setup network for sandbox "2b4f6093a83a8c6d232fa1479d5bdff2228f1202c4c92d251be688cc0a973529": plugin type="flannel" failed (add): failed to load flannel 'subnet.env' file: open /run/flannel/subnet.env: no such file or directory. Check the flannel pod log for this node.
===== end after pvc delete =====
No resources found
===== PV/PVC after pv delete =====
No resources found
----- PV finalizers / status -----
NAME   STATUS   CLAIM   FINALIZERS   DELETION
----- Recent events (last 30) -----
kube-system   11s         Normal    ApplyingManifest                 addon/rolebindings                             Applying manifest at "/var/lib/rancher/k3s/server/manifests/rolebindings.yaml"
kube-system   11s         Normal    ApplyingManifest                 addon/metrics-server-deployment                Applying manifest at "/var/lib/rancher/k3s/server/manifests/metrics-server/metrics-server-deployment.yaml"
kube-system   11s         Normal    AppliedManifest                  addon/resource-reader                          Applied manifest at "/var/lib/rancher/k3s/server/manifests/metrics-server/resource-reader.yaml"
kube-system   11s         Normal    ApplyingManifest                 addon/resource-reader                          Applying manifest at "/var/lib/rancher/k3s/server/manifests/metrics-server/resource-reader.yaml"
default       11s         Normal    CIDRAssignmentFailed             node/runnervmgx7h7                             Node runnervmgx7h7 status is now: CIDRAssignmentFailed
kube-system   11s         Normal    AppliedManifest                  addon/metrics-server-service                   Applied manifest at "/var/lib/rancher/k3s/server/manifests/metrics-server/metrics-server-service.yaml"
kube-system   11s         Normal    ApplyingManifest                 addon/metrics-server-service                   Applying manifest at "/var/lib/rancher/k3s/server/manifests/metrics-server/metrics-server-service.yaml"
kube-system   11s         Normal    AppliedManifest                  addon/metrics-server-deployment                Applied manifest at "/var/lib/rancher/k3s/server/manifests/metrics-server/metrics-server-deployment.yaml"
kube-system   11s         Normal    AppliedManifest                  addon/auth-delegator                           Applied manifest at "/var/lib/rancher/k3s/server/manifests/metrics-server/auth-delegator.yaml"
kube-system   11s         Normal    AppliedManifest                  addon/local-storage                            Applied manifest at "/var/lib/rancher/k3s/server/manifests/local-storage.yaml"
kube-system   11s         Normal    ApplyingManifest                 addon/metrics-apiservice                       Applying manifest at "/var/lib/rancher/k3s/server/manifests/metrics-server/metrics-apiservice.yaml"
kube-system   11s         Normal    AppliedManifest                  addon/metrics-apiservice                       Applied manifest at "/var/lib/rancher/k3s/server/manifests/metrics-server/metrics-apiservice.yaml"
default       11s         Normal    RegisteredNode                   node/runnervmgx7h7                             Node runnervmgx7h7 event: Registered Node runnervmgx7h7 in Controller
kube-system   10s         Warning   FailedCreatePodSandBox           pod/helm-install-traefik-crd-f2lmf             Failed to create pod sandbox: rpc error: code = Unknown desc = failed to setup network for sandbox "f4eb2aa1aeadb390af4dfd637ad3dde1a6a00808335dc75430cabe5a000630a2": plugin type="flannel" failed (add): failed to load flannel 'subnet.env' file: open /run/flannel/subnet.env: no such file or directory. Check the flannel pod log for this node.
kube-system   10s         Normal    ApplyJob                         helmchart/traefik-crd                          Applying HelmChart using Job kube-system/helm-install-traefik-crd
kube-system   10s         Normal    ApplyJob                         helmchart/traefik                              Applying HelmChart using Job kube-system/helm-install-traefik
kube-system   10s         Normal    ScalingReplicaSet                deployment/local-path-provisioner              Scaled up replica set local-path-provisioner-6bc6568469 from 0 to 1
kube-system   10s         Normal    SuccessfulCreate                 replicaset/local-path-provisioner-6bc6568469   Created pod: local-path-provisioner-6bc6568469-hf4f7
default       10s         Normal    Synced                           node/runnervmgx7h7                             Node synced successfully
kube-system   10s         Normal    ScalingReplicaSet                deployment/metrics-server                      Scaled up replica set metrics-server-786d997795 from 0 to 1
kube-system   10s         Normal    SuccessfulCreate                 job/helm-install-traefik                       Created pod: helm-install-traefik-hcxfq
kube-system   10s         Warning   FailedCreatePodSandBox           pod/helm-install-traefik-hcxfq                 Failed to create pod sandbox: rpc error: code = Unknown desc = failed to setup network for sandbox "a0a24e211af6394bd6ab8717b6c5d64a6a8c4052f94ae99f7119085b4dd43587": plugin type="flannel" failed (add): failed to load flannel 'subnet.env' file: open /run/flannel/subnet.env: no such file or directory. Check the flannel pod log for this node.
kube-system   10s         Normal    SuccessfulCreate                 job/helm-install-traefik-crd                   Created pod: helm-install-traefik-crd-f2lmf
kube-system   10s         Normal    ScalingReplicaSet                deployment/coredns                             Scaled up replica set coredns-7566b5ff58 from 0 to 1
kube-system   10s         Normal    SuccessfulCreate                 replicaset/coredns-7566b5ff58                  Created pod: coredns-7566b5ff58-87r7x
default       10s         Normal    NodePasswordValidationComplete   node/runnervmgx7h7                             Deferred node password secret validation complete
kube-system   10s         Normal    SuccessfulCreate                 replicaset/metrics-server-786d997795           Created pod: metrics-server-786d997795-2zfv5
kube-system   9s          Warning   FailedCreatePodSandBox           pod/coredns-7566b5ff58-87r7x                   Failed to create pod sandbox: rpc error: code = Unknown desc = failed to setup network for sandbox "f66821b20c58d9b331d68587d4c39cdd00d1a2c96fcbb597c820321a740bc085": plugin type="flannel" failed (add): failed to load flannel 'subnet.env' file: open /run/flannel/subnet.env: no such file or directory. Check the flannel pod log for this node.
kube-system   9s          Warning   FailedCreatePodSandBox           pod/local-path-provisioner-6bc6568469-hf4f7    Failed to create pod sandbox: rpc error: code = Unknown desc = failed to setup network for sandbox "7a174fb1918be3ec5d7e378cb198f49538923986863a33da9cfc29dd0e70877d": plugin type="flannel" failed (add): failed to load flannel 'subnet.env' file: open /run/flannel/subnet.env: no such file or directory. Check the flannel pod log for this node.
kube-system   9s          Warning   FailedCreatePodSandBox           pod/metrics-server-786d997795-2zfv5            Failed to create pod sandbox: rpc error: code = Unknown desc = failed to setup network for sandbox "2b4f6093a83a8c6d232fa1479d5bdff2228f1202c4c92d251be688cc0a973529": plugin type="flannel" failed (add): failed to load flannel 'subnet.env' file: open /run/flannel/subnet.env: no such file or directory. Check the flannel pod log for this node.
===== end after pv delete =====

**** Applying k8s resources from getting-started ****

configmap/config created
service/datanode created
service/datanode-public created
service/httpfs created
service/httpfs-public created
service/om created
service/om-public created
service/recon created
service/recon-public created
service/s3g created
service/s3g-public created
service/scm created
service/scm-public created
statefulset.apps/datanode created
statefulset.apps/httpfs created
statefulset.apps/om created
statefulset.apps/recon created
statefulset.apps/s3g created
statefulset.apps/scm created

**** Waiting until the k8s cluster is running ****

No resources found in default namespace.
0 pods are running. Waiting for more.
1 'all_pods_are_running' is failed...
No resources found in default namespace.
0 pods are running. Waiting for more.
2 'all_pods_are_running' is failed...
No resources found in default namespace.
0 pods are running. Waiting for more.
3 'all_pods_are_running' is failed...
No resources found in default namespace.
0 pods are running. Waiting for more.
4 'all_pods_are_running' is failed...
No resources found in default namespace.
0 pods are running. Waiting for more.
5 'all_pods_are_running' is failed...
5 / 7 pods are running
6 'all_pods_are_running' is failed...
7 / 8 pods are running
7 'all_pods_are_running' is failed...
7 / 8 pods are running
8 'all_pods_are_running' is failed...
7 / 8 pods are running
9 'all_pods_are_running' is failed...
7 / 8 pods are running
10 'all_pods_are_running' is failed...
7 / 8 pods are running
11 'all_pods_are_running' is failed...
Defaulted container "scm" out of: scm, init (init)
1 'grep_log scm-0 SCM exiting safe mode.' is failed...
Defaulted container "scm" out of: scm, init (init)
2 'grep_log scm-0 SCM exiting safe mode.' is failed...
Defaulted container "scm" out of: scm, init (init)
3 'grep_log scm-0 SCM exiting safe mode.' is failed...
Defaulted container "scm" out of: scm, init (init)
4 'grep_log scm-0 SCM exiting safe mode.' is failed...
Defaulted container "scm" out of: scm, init (init)
5 'grep_log scm-0 SCM exiting safe mode.' is failed...
Defaulted container "scm" out of: scm, init (init)
6 'grep_log scm-0 SCM exiting safe mode.' is failed...
Defaulted container "scm" out of: scm, init (init)
7 'grep_log scm-0 SCM exiting safe mode.' is failed...
Defaulted container "scm" out of: scm, init (init)
2026-08-29 16:27:15 INFO  SCMSafeModeManager:218 - SCM exiting safe mode.
2026-08-29 16:27:16 INFO  BaseHttpServer:363 - HTTP server of ozoneManager listening at http://om-0:9874

**** Cluster is up and running ****


**** Executing robot tests scm-0 ****

Defaulted container "scm" out of: scm, init (init)
Unable to use a TTY - input is not a terminal or the right kind of file
Defaulted container "scm" out of: scm, init (init)
Unable to use a TTY - input is not a terminal or the right kind of file
Defaulted container "scm" out of: scm, init (init)
Unable to use a TTY - input is not a terminal or the right kind of file
==============================================================================
Basic :: Smoketest ozone cluster startup                                      
==============================================================================
Check webui static resources                                          | PASS |
------------------------------------------------------------------------------
Basic Freon smoketest                                                 | PASS |
------------------------------------------------------------------------------
Basic :: Smoketest ozone cluster startup                              | PASS |
2 tests, 2 passed, 0 failed
==============================================================================
Output:  /tmp/report/output.xml
Log:     /tmp/report/log.html
Report:  /tmp/report/report.html
Defaulted container "scm" out of: scm, init (init)
tar: Removing leading `/' from member names
Unable to find image 'ghcr.io/apache/ozone-runner:20260626-1-jdk25' locally
20260626-1-jdk25: Pulling from apache/ozone-runner
99c753a880cc: Pulling fs layer
f799868ba522: Pulling fs layer
2c9005dc87f9: Pulling fs layer
f3ba1f2701b1: Pulling fs layer
8752167ed825: Pulling fs layer
1518b9cc838a: Pulling fs layer
292b59cc35d0: Pulling fs layer
809ff6d32003: Pulling fs layer
7f8f7e87fd11: Pulling fs layer
e8c839473c6a: Pulling fs layer
27a7d46cb759: Pulling fs layer
e1a38cf0b3ba: Pulling fs layer
cdd585dc1ebc: Pulling fs layer
315e4a90fb71: Pulling fs layer
0fa2daba8ce4: Pulling fs layer
9594c4387a19: Pulling fs layer
f0a548f2c01e: Pulling fs layer
e38e9f9b7a4e: Pulling fs layer
a2d183c6567b: Pulling fs layer
9380f14f1bec: Pulling fs layer
76c48a50dea3: Pulling fs layer
4f4fb700ef54: Pulling fs layer
f3ba1f2701b1: Waiting
7f8f7e87fd11: Waiting
8752167ed825: Waiting
e8c839473c6a: Waiting
1518b9cc838a: Waiting
27a7d46cb759: Waiting
292b59cc35d0: Waiting
e1a38cf0b3ba: Waiting
809ff6d32003: Waiting
cdd585dc1ebc: Waiting
9594c4387a19: Waiting
315e4a90fb71: Waiting
f0a548f2c01e: Waiting
0fa2daba8ce4: Waiting
4f4fb700ef54: Waiting
a2d183c6567b: Waiting
76c48a50dea3: Waiting
2c9005dc87f9: Verifying Checksum
2c9005dc87f9: Download complete
f799868ba522: Verifying Checksum
f799868ba522: Download complete
f3ba1f2701b1: Download complete
99c753a880cc: Verifying Checksum
99c753a880cc: Download complete
1518b9cc838a: Verifying Checksum
1518b9cc838a: Download complete
8752167ed825: Verifying Checksum
8752167ed825: Download complete
809ff6d32003: Download complete
292b59cc35d0: Verifying Checksum
292b59cc35d0: Download complete
7f8f7e87fd11: Verifying Checksum
7f8f7e87fd11: Download complete
e8c839473c6a: Verifying Checksum
e8c839473c6a: Download complete
e1a38cf0b3ba: Verifying Checksum
e1a38cf0b3ba: Download complete
cdd585dc1ebc: Verifying Checksum
cdd585dc1ebc: Download complete
315e4a90fb71: Verifying Checksum
315e4a90fb71: Download complete
0fa2daba8ce4: Verifying Checksum
0fa2daba8ce4: Download complete
9594c4387a19: Download complete
f0a548f2c01e: Verifying Checksum
f0a548f2c01e: Download complete
e38e9f9b7a4e: Verifying Checksum
e38e9f9b7a4e: Download complete
a2d183c6567b: Download complete
9380f14f1bec: Verifying Checksum
9380f14f1bec: Download complete
76c48a50dea3: Verifying Checksum
76c48a50dea3: Download complete
4f4fb700ef54: Download complete
27a7d46cb759: Verifying Checksum
27a7d46cb759: Download complete
99c753a880cc: Pull complete
f799868ba522: Pull complete
2c9005dc87f9: Pull complete
f3ba1f2701b1: Pull complete
8752167ed825: Pull complete
1518b9cc838a: Pull complete
292b59cc35d0: Pull complete
809ff6d32003: Pull complete
7f8f7e87fd11: Pull complete
e8c839473c6a: Pull complete
27a7d46cb759: Pull complete
e1a38cf0b3ba: Pull complete
cdd585dc1ebc: Pull complete
315e4a90fb71: Pull complete
0fa2daba8ce4: Pull complete
9594c4387a19: Pull complete
f0a548f2c01e: Pull complete
e38e9f9b7a4e: Pull complete
a2d183c6567b: Pull complete
9380f14f1bec: Pull complete
76c48a50dea3: Pull complete
4f4fb700ef54: Pull complete
Digest: sha256:7bd028c440272c65868c5aef15273c2e19107ed1faec116bb75b333671b185f7
Status: Downloaded newer image for ghcr.io/apache/ozone-runner:20260626-1-jdk25
Output:  /rebot-output/output.xml
Log:     /rebot-output/log.html
Report:  /rebot-output/report.html
renamed '/home/runner/work/ozone/ozone/hadoop-ozone/dist/target/ozone-2.3.0-SNAPSHOT/kubernetes/examples/getting-started/result/rebot-KJ98RY/log.html' -> '/home/runner/work/ozone/ozone/hadoop-ozone/dist/target/ozone-2.3.0-SNAPSHOT/kubernetes/examples/getting-started/result/log.html'
renamed '/home/runner/work/ozone/ozone/hadoop-ozone/dist/target/ozone-2.3.0-SNAPSHOT/kubernetes/examples/getting-started/result/rebot-KJ98RY/output.xml' -> '/home/runner/work/ozone/ozone/hadoop-ozone/dist/target/ozone-2.3.0-SNAPSHOT/kubernetes/examples/getting-started/result/output.xml'
renamed '/home/runner/work/ozone/ozone/hadoop-ozone/dist/target/ozone-2.3.0-SNAPSHOT/kubernetes/examples/getting-started/result/rebot-KJ98RY/report.html' -> '/home/runner/work/ozone/ozone/hadoop-ozone/dist/target/ozone-2.3.0-SNAPSHOT/kubernetes/examples/getting-started/result/report.html'

**** Collecting container logs ****

Defaulted container "scm" out of: scm, init (init)

**** Deleting k8s resources ****

configmap "config" deleted from default namespace
service "datanode" deleted from default namespace
service "datanode-public" deleted from default namespace
service "httpfs" deleted from default namespace
service "httpfs-public" deleted from default namespace
service "om" deleted from default namespace
service "om-public" deleted from default namespace
service "recon" deleted from default namespace
service "recon-public" deleted from default namespace
service "s3g" deleted from default namespace
service "s3g-public" deleted from default namespace
service "scm" deleted from default namespace
service "scm-public" deleted from default namespace
statefulset.apps "datanode" deleted from default namespace
statefulset.apps "httpfs" deleted from default namespace
statefulset.apps "om" deleted from default namespace
statefulset.apps "recon" deleted from default namespace
statefulset.apps "s3g" deleted from default namespace
statefulset.apps "scm" deleted from default namespace

**** Regenerating original Kubernetes resource files ****


#### Executing tests of minikube #####


**** Modifying Kubernetes resources file for test ****

   (mounting current Ozone directory to the containers, scheduling containers to one node, ...)

WARNING: this test can be executed only with local Kubernetes cluster
   (source dir should be available from K8s nodes)


**** Deleting existing k8s resources ****

===== PV/PVC before delete =====
No resources found
----- PV finalizers / status -----
NAME   STATUS   CLAIM   FINALIZERS   DELETION
----- Recent events (last 30) -----
default       74s         Normal    Created                          pod/datanode-0                                 Container created
default       74s         Normal    Started                          pod/recon-0                                    Container started
default       74s         Normal    Created                          pod/om-0                                       Container created
default       74s         Normal    Pulled                           pod/om-0                                       Successfully pulled image "ghcr.io/apache/ozone-runner:20260626-1-jdk25" in 13.18s (13.18s including waiting). Image size: 450427543 bytes.
default       73s         Normal    SuccessfulCreate                 statefulset/datanode                           Create Pod datanode-1 in StatefulSet datanode successful
default       72s         Normal    SuccessfulCreate                 statefulset/datanode                           Create Pod datanode-2 in StatefulSet datanode successful
default       72s         Normal    Pulled                           pod/datanode-1                                 Container image "ghcr.io/apache/ozone-runner:20260626-1-jdk25" already present on machine and can be accessed by the pod
default       72s         Normal    Created                          pod/datanode-1                                 Container created
default       72s         Normal    Started                          pod/datanode-1                                 Container started
default       71s         Normal    Created                          pod/datanode-2                                 Container created
default       71s         Normal    Pulled                           pod/datanode-2                                 Container image "ghcr.io/apache/ozone-runner:20260626-1-jdk25" already present on machine and can be accessed by the pod
default       71s         Normal    Started                          pod/datanode-2                                 Container started
kube-system   66s         Warning   Unhealthy                        pod/metrics-server-786d997795-2zfv5            Readiness probe failed: HTTP probe failed with statuscode: 500
kube-system   66s         Normal    UpdatedLoadBalancer              service/traefik                                Updated LoadBalancer with new IPs: [10.1.0.157] -> [10.1.0.157]
default       55s         Normal    Pulled                           pod/scm-0                                      Container image "ghcr.io/apache/ozone-runner:20260626-1-jdk25" already present on machine and can be accessed by the pod
default       55s         Normal    Created                          pod/scm-0                                      Container created
default       55s         Normal    Started                          pod/scm-0                                      Container started
default       38s         Warning   Unhealthy                        pod/om-0                                       Liveness probe failed: dial tcp 10.42.0.6:9862: connect: connection refused
default       27s         Warning   Unhealthy                        pod/httpfs-0                                   Liveness probe failed: Get "http://10.42.0.3:14000/webhdfs/v1/?op=LISTSTATUS&user.name=hadoop": context deadline exceeded (Client.Timeout exceeded while awaiting headers)
default       12s         Normal    Started                          pod/s3g-0                                      Container started
default       12s         Normal    Pulled                           pod/s3g-0                                      Container image "ghcr.io/apache/ozone-runner:20260626-1-jdk25" already present on machine and can be accessed by the pod
default       12s         Normal    Created                          pod/s3g-0                                      Container created
default       8s          Warning   BackOff                          pod/s3g-0                                      Back-off restarting failed container s3g in pod s3g-0_default(c8c92929-86b6-4e7b-992d-83af2c5b6534)
default       2s          Normal    Killing                          pod/datanode-2                                 Stopping container datanode
default       2s          Normal    Killing                          pod/httpfs-0                                   Stopping container httpfs
default       2s          Normal    Killing                          pod/recon-0                                    Stopping container recon
default       2s          Normal    Killing                          pod/datanode-1                                 Stopping container datanode
default       2s          Normal    Killing                          pod/datanode-0                                 Stopping container datanode
default       2s          Normal    Killing                          pod/om-0                                       Stopping container om
default       1s          Normal    Killing                          pod/scm-0                                      Stopping container scm
===== end before delete =====
No resources found
No resources found
No resources found
service "kubernetes" deleted from default namespace
configmap "kube-root-ca.crt" deleted from default namespace
pod "datanode-0" deleted from default namespace
pod "datanode-1" deleted from default namespace
pod "datanode-2" deleted from default namespace
pod "om-0" deleted from default namespace
pod "recon-0" deleted from default namespace
No resources found
===== PV/PVC after pvc delete =====
No resources found
----- PV finalizers / status -----
NAME   STATUS   CLAIM   FINALIZERS   DELETION
----- Recent events (last 30) -----
default       79s         Normal    Created                          pod/datanode-0                                 Container created
default       79s         Normal    Started                          pod/recon-0                                    Container started
default       79s         Normal    Created                          pod/om-0                                       Container created
default       79s         Normal    Pulled                           pod/om-0                                       Successfully pulled image "ghcr.io/apache/ozone-runner:20260626-1-jdk25" in 13.18s (13.18s including waiting). Image size: 450427543 bytes.
default       78s         Normal    SuccessfulCreate                 statefulset/datanode                           Create Pod datanode-1 in StatefulSet datanode successful
default       77s         Normal    SuccessfulCreate                 statefulset/datanode                           Create Pod datanode-2 in StatefulSet datanode successful
default       77s         Normal    Pulled                           pod/datanode-1                                 Container image "ghcr.io/apache/ozone-runner:20260626-1-jdk25" already present on machine and can be accessed by the pod
default       77s         Normal    Created                          pod/datanode-1                                 Container created
default       77s         Normal    Started                          pod/datanode-1                                 Container started
default       76s         Normal    Created                          pod/datanode-2                                 Container created
default       76s         Normal    Pulled                           pod/datanode-2                                 Container image "ghcr.io/apache/ozone-runner:20260626-1-jdk25" already present on machine and can be accessed by the pod
default       76s         Normal    Started                          pod/datanode-2                                 Container started
kube-system   71s         Warning   Unhealthy                        pod/metrics-server-786d997795-2zfv5            Readiness probe failed: HTTP probe failed with statuscode: 500
kube-system   71s         Normal    UpdatedLoadBalancer              service/traefik                                Updated LoadBalancer with new IPs: [10.1.0.157] -> [10.1.0.157]
default       60s         Normal    Pulled                           pod/scm-0                                      Container image "ghcr.io/apache/ozone-runner:20260626-1-jdk25" already present on machine and can be accessed by the pod
default       60s         Normal    Created                          pod/scm-0                                      Container created
default       60s         Normal    Started                          pod/scm-0                                      Container started
default       43s         Warning   Unhealthy                        pod/om-0                                       Liveness probe failed: dial tcp 10.42.0.6:9862: connect: connection refused
default       32s         Warning   Unhealthy                        pod/httpfs-0                                   Liveness probe failed: Get "http://10.42.0.3:14000/webhdfs/v1/?op=LISTSTATUS&user.name=hadoop": context deadline exceeded (Client.Timeout exceeded while awaiting headers)
default       17s         Normal    Started                          pod/s3g-0                                      Container started
default       17s         Normal    Pulled                           pod/s3g-0                                      Container image "ghcr.io/apache/ozone-runner:20260626-1-jdk25" already present on machine and can be accessed by the pod
default       17s         Normal    Created                          pod/s3g-0                                      Container created
default       13s         Warning   BackOff                          pod/s3g-0                                      Back-off restarting failed container s3g in pod s3g-0_default(c8c92929-86b6-4e7b-992d-83af2c5b6534)
default       7s          Normal    Killing                          pod/datanode-2                                 Stopping container datanode
default       7s          Normal    Killing                          pod/httpfs-0                                   Stopping container httpfs
default       7s          Normal    Killing                          pod/recon-0                                    Stopping container recon
default       7s          Normal    Killing                          pod/datanode-1                                 Stopping container datanode
default       7s          Normal    Killing                          pod/datanode-0                                 Stopping container datanode
default       7s          Normal    Killing                          pod/om-0                                       Stopping container om
default       6s          Normal    Killing                          pod/scm-0                                      Stopping container scm
===== end after pvc delete =====
No resources found
===== PV/PVC after pv delete =====
No resources found
----- PV finalizers / status -----
NAME   STATUS   CLAIM   FINALIZERS   DELETION
----- Recent events (last 30) -----
default       79s         Normal    Created                          pod/datanode-0                                 Container created
default       79s         Normal    Started                          pod/recon-0                                    Container started
default       79s         Normal    Created                          pod/om-0                                       Container created
default       79s         Normal    Pulled                           pod/om-0                                       Successfully pulled image "ghcr.io/apache/ozone-runner:20260626-1-jdk25" in 13.18s (13.18s including waiting). Image size: 450427543 bytes.
default       78s         Normal    SuccessfulCreate                 statefulset/datanode                           Create Pod datanode-1 in StatefulSet datanode successful
default       77s         Normal    SuccessfulCreate                 statefulset/datanode                           Create Pod datanode-2 in StatefulSet datanode successful
default       77s         Normal    Pulled                           pod/datanode-1                                 Container image "ghcr.io/apache/ozone-runner:20260626-1-jdk25" already present on machine and can be accessed by the pod
default       77s         Normal    Created                          pod/datanode-1                                 Container created
default       77s         Normal    Started                          pod/datanode-1                                 Container started
default       76s         Normal    Created                          pod/datanode-2                                 Container created
default       76s         Normal    Pulled                           pod/datanode-2                                 Container image "ghcr.io/apache/ozone-runner:20260626-1-jdk25" already present on machine and can be accessed by the pod
default       76s         Normal    Started                          pod/datanode-2                                 Container started
kube-system   71s         Warning   Unhealthy                        pod/metrics-server-786d997795-2zfv5            Readiness probe failed: HTTP probe failed with statuscode: 500
kube-system   71s         Normal    UpdatedLoadBalancer              service/traefik                                Updated LoadBalancer with new IPs: [10.1.0.157] -> [10.1.0.157]
default       60s         Normal    Pulled                           pod/scm-0                                      Container image "ghcr.io/apache/ozone-runner:20260626-1-jdk25" already present on machine and can be accessed by the pod
default       60s         Normal    Created                          pod/scm-0                                      Container created
default       60s         Normal    Started                          pod/scm-0                                      Container started
default       43s         Warning   Unhealthy                        pod/om-0                                       Liveness probe failed: dial tcp 10.42.0.6:9862: connect: connection refused
default       32s         Warning   Unhealthy                        pod/httpfs-0                                   Liveness probe failed: Get "http://10.42.0.3:14000/webhdfs/v1/?op=LISTSTATUS&user.name=hadoop": context deadline exceeded (Client.Timeout exceeded while awaiting headers)
default       17s         Normal    Started                          pod/s3g-0                                      Container started
default       17s         Normal    Pulled                           pod/s3g-0                                      Container image "ghcr.io/apache/ozone-runner:20260626-1-jdk25" already present on machine and can be accessed by the pod
default       17s         Normal    Created                          pod/s3g-0                                      Container created
default       13s         Warning   BackOff                          pod/s3g-0                                      Back-off restarting failed container s3g in pod s3g-0_default(c8c92929-86b6-4e7b-992d-83af2c5b6534)
default       7s          Normal    Killing                          pod/datanode-2                                 Stopping container datanode
default       7s          Normal    Killing                          pod/httpfs-0                                   Stopping container httpfs
default       7s          Normal    Killing                          pod/recon-0                                    Stopping container recon
default       7s          Normal    Killing                          pod/datanode-1                                 Stopping container datanode
default       7s          Normal    Killing                          pod/datanode-0                                 Stopping container datanode
default       7s          Normal    Killing                          pod/om-0                                       Stopping container om
default       6s          Normal    Killing                          pod/scm-0                                      Stopping container scm
===== end after pv delete =====

**** Applying k8s resources from minikube ****

configmap/config created
service/datanode created
service/datanode-public created
service/httpfs created
service/httpfs-public created
service/om created
service/om-public created
service/recon created
service/recon-public created
service/s3g created
service/s3g-public created
service/scm created
service/scm-public created
statefulset.apps/datanode created
statefulset.apps/httpfs created
statefulset.apps/om created
statefulset.apps/recon created
statefulset.apps/s3g created
statefulset.apps/scm created

**** Waiting until the k8s cluster is running ****

No resources found in default namespace.
0 pods are running. Waiting for more.
1 'all_pods_are_running' is failed...
7 / 8 pods are running
2 'all_pods_are_running' is failed...
7 / 8 pods are running
3 'all_pods_are_running' is failed...
7 / 8 pods are running
4 'all_pods_are_running' is failed...
7 / 8 pods are running
5 'all_pods_are_running' is failed...
7 / 8 pods are running
6 'all_pods_are_running' is failed...
7 / 8 pods are running
7 'all_pods_are_running' is failed...
Defaulted container "scm" out of: scm, init (init)
1 'grep_log scm-0 SCM exiting safe mode.' is failed...
Defaulted container "scm" out of: scm, init (init)
2 'grep_log scm-0 SCM exiting safe mode.' is failed...
Defaulted container "scm" out of: scm, init (init)
3 'grep_log scm-0 SCM exiting safe mode.' is failed...
Defaulted container "scm" out of: scm, init (init)
4 'grep_log scm-0 SCM exiting safe mode.' is failed...
Defaulted container "scm" out of: scm, init (init)
5 'grep_log scm-0 SCM exiting safe mode.' is failed...
Defaulted container "scm" out of: scm, init (init)
6 'grep_log scm-0 SCM exiting safe mode.' is failed...
Defaulted container "scm" out of: scm, init (init)
7 'grep_log scm-0 SCM exiting safe mode.' is failed...
Defaulted container "scm" out of: scm, init (init)
8 'grep_log scm-0 SCM exiting safe mode.' is failed...
Defaulted container "scm" out of: scm, init (init)
2026-08-29 16:28:39 INFO  SCMSafeModeManager:218 - SCM exiting safe mode.
2026-08-29 16:28:33 INFO  BaseHttpServer:363 - HTTP server of ozoneManager listening at http://om-0:9874

**** Cluster is up and running ****


**** Executing robot tests scm-0 ****

Defaulted container "scm" out of: scm, init (init)
Unable to use a TTY - input is not a terminal or the right kind of file
Defaulted container "scm" out of: scm, init (init)
Unable to use a TTY - input is not a terminal or the right kind of file
Defaulted container "scm" out of: scm, init (init)
Unable to use a TTY - input is not a terminal or the right kind of file
==============================================================================
Basic :: Smoketest ozone cluster startup                                      
==============================================================================
Check webui static resources                                          | PASS |
------------------------------------------------------------------------------
Basic Freon smoketest                                                 | PASS |
------------------------------------------------------------------------------
Basic :: Smoketest ozone cluster startup                              | PASS |
2 tests, 2 passed, 0 failed
==============================================================================
Output:  /tmp/report/output.xml
Log:     /tmp/report/log.html
Report:  /tmp/report/report.html
Defaulted container "scm" out of: scm, init (init)
tar: Removing leading `/' from member names
Output:  /rebot-output/output.xml
Log:     /rebot-output/log.html
Report:  /rebot-output/report.html
renamed '/home/runner/work/ozone/ozone/hadoop-ozone/dist/target/ozone-2.3.0-SNAPSHOT/kubernetes/examples/minikube/result/rebot-OIOBP1/log.html' -> '/home/runner/work/ozone/ozone/hadoop-ozone/dist/target/ozone-2.3.0-SNAPSHOT/kubernetes/examples/minikube/result/log.html'
renamed '/home/runner/work/ozone/ozone/hadoop-ozone/dist/target/ozone-2.3.0-SNAPSHOT/kubernetes/examples/minikube/result/rebot-OIOBP1/output.xml' -> '/home/runner/work/ozone/ozone/hadoop-ozone/dist/target/ozone-2.3.0-SNAPSHOT/kubernetes/examples/minikube/result/output.xml'
renamed '/home/runner/work/ozone/ozone/hadoop-ozone/dist/target/ozone-2.3.0-SNAPSHOT/kubernetes/examples/minikube/result/rebot-OIOBP1/report.html' -> '/home/runner/work/ozone/ozone/hadoop-ozone/dist/target/ozone-2.3.0-SNAPSHOT/kubernetes/examples/minikube/result/report.html'

**** Collecting container logs ****

Defaulted container "scm" out of: scm, init (init)

**** Deleting k8s resources ****

configmap "config" deleted from default namespace
service "datanode" deleted from default namespace
service "datanode-public" deleted from default namespace
service "httpfs" deleted from default namespace
service "httpfs-public" deleted from default namespace
service "om" deleted from default namespace
service "om-public" deleted from default namespace
service "recon" deleted from default namespace
service "recon-public" deleted from default namespace
service "s3g" deleted from default namespace
service "s3g-public" deleted from default namespace
service "scm" deleted from default namespace
service "scm-public" deleted from default namespace
statefulset.apps "datanode" deleted from default namespace
statefulset.apps "httpfs" deleted from default namespace
statefulset.apps "om" deleted from default namespace
statefulset.apps "recon" deleted from default namespace
statefulset.apps "s3g" deleted from default namespace
statefulset.apps "scm" deleted from default namespace

**** Regenerating original Kubernetes resource files ****


#### Executing tests of ozone-dev #####


**** Modifying Kubernetes resources file for test ****

   (mounting current Ozone directory to the containers, scheduling containers to one node, ...)

WARNING: this test can be executed only with local Kubernetes cluster
   (source dir should be available from K8s nodes)


**** Deleting existing k8s resources ****

===== PV/PVC before delete =====
No resources found
----- PV finalizers / status -----
NAME   STATUS   CLAIM   FINALIZERS   DELETION
----- Recent events (last 30) -----
default       61s         Normal    Started                          pod/scm-0                                      Container started
default       61s         Normal    Created                          pod/scm-0                                      Container created
default       61s         Normal    Started                          pod/datanode-0                                 Container started
default       61s         Normal    Started                          pod/om-0                                       Container started
default       61s         Normal    Pulled                           pod/datanode-0                                 Container image "ghcr.io/apache/ozone-runner:20260626-1-jdk25" already present on machine and can be accessed by the pod
default       60s         Normal    Pulled                           pod/datanode-1                                 Container image "ghcr.io/apache/ozone-runner:20260626-1-jdk25" already present on machine and can be accessed by the pod
default       60s         Normal    SuccessfulCreate                 statefulset/datanode                           Create Pod datanode-2 in StatefulSet datanode successful
default       60s         Normal    Created                          pod/datanode-1                                 Container created
default       60s         Normal    Started                          pod/datanode-1                                 Container started
default       59s         Normal    Pulled                           pod/datanode-2                                 Container image "ghcr.io/apache/ozone-runner:20260626-1-jdk25" already present on machine and can be accessed by the pod
default       59s         Normal    Created                          pod/datanode-2                                 Container created
default       59s         Normal    Started                          pod/datanode-2                                 Container started
default       43s         Normal    Created                          pod/scm-0                                      Container created
default       43s         Normal    Pulled                           pod/scm-0                                      Container image "ghcr.io/apache/ozone-runner:20260626-1-jdk25" already present on machine and can be accessed by the pod
default       42s         Normal    Started                          pod/scm-0                                      Container started
default       31s         Warning   Unhealthy                        pod/om-0                                       Liveness probe failed: dial tcp 10.42.0.19:9862: connect: connection refused
default       31s         Warning   Unhealthy                        pod/recon-0                                    Liveness probe failed: dial tcp 10.42.0.20:9891: connect: connection refused
default       21s         Warning   BackOff                          pod/s3g-0                                      Back-off restarting failed container s3g in pod s3g-0_default(2201b997-294b-4f41-bf77-66a67a599f1b)
default       20s         Warning   Unhealthy                        pod/httpfs-0                                   Liveness probe failed: Get "http://10.42.0.18:14000/webhdfs/v1/?op=LISTSTATUS&user.name=hadoop": context deadline exceeded (Client.Timeout exceeded while awaiting headers)
default       4s          Normal    Pulled                           pod/s3g-0                                      Container image "ghcr.io/apache/ozone-runner:20260626-1-jdk25" already present on machine and can be accessed by the pod
default       4s          Normal    Created                          pod/s3g-0                                      Container created
default       4s          Normal    Started                          pod/s3g-0                                      Container started
default       2s          Normal    Killing                          pod/datanode-0                                 Stopping container datanode
default       2s          Normal    Killing                          pod/scm-0                                      Stopping container scm
default       2s          Normal    Killing                          pod/datanode-1                                 Stopping container datanode
default       2s          Normal    Killing                          pod/s3g-0                                      Stopping container s3g
default       2s          Normal    Killing                          pod/datanode-2                                 Stopping container datanode
default       2s          Normal    Killing                          pod/recon-0                                    Stopping container recon
default       2s          Normal    Killing                          pod/om-0                                       Stopping container om
default       2s          Normal    Killing                          pod/httpfs-0                                   Stopping container httpfs
===== end before delete =====
No resources found
No resources found
No resources found
service "kubernetes" deleted from default namespace
configmap "kube-root-ca.crt" deleted from default namespace
pod "datanode-0" deleted from default namespace
pod "datanode-1" deleted from default namespace
pod "datanode-2" deleted from default namespace
pod "om-0" deleted from default namespace
pod "scm-0" deleted from default namespace
No resources found
===== PV/PVC after pvc delete =====
No resources found
----- PV finalizers / status -----
NAME   STATUS   CLAIM   FINALIZERS   DELETION
----- Recent events (last 30) -----
default       65s         Normal    Started                          pod/scm-0                                      Container started
default       65s         Normal    Created                          pod/scm-0                                      Container created
default       65s         Normal    Started                          pod/datanode-0                                 Container started
default       65s         Normal    Started                          pod/om-0                                       Container started
default       65s         Normal    Pulled                           pod/datanode-0                                 Container image "ghcr.io/apache/ozone-runner:20260626-1-jdk25" already present on machine and can be accessed by the pod
default       64s         Normal    Pulled                           pod/datanode-1                                 Container image "ghcr.io/apache/ozone-runner:20260626-1-jdk25" already present on machine and can be accessed by the pod
default       64s         Normal    SuccessfulCreate                 statefulset/datanode                           Create Pod datanode-2 in StatefulSet datanode successful
default       64s         Normal    Created                          pod/datanode-1                                 Container created
default       64s         Normal    Started                          pod/datanode-1                                 Container started
default       63s         Normal    Pulled                           pod/datanode-2                                 Container image "ghcr.io/apache/ozone-runner:20260626-1-jdk25" already present on machine and can be accessed by the pod
default       63s         Normal    Created                          pod/datanode-2                                 Container created
default       63s         Normal    Started                          pod/datanode-2                                 Container started
default       47s         Normal    Created                          pod/scm-0                                      Container created
default       47s         Normal    Pulled                           pod/scm-0                                      Container image "ghcr.io/apache/ozone-runner:20260626-1-jdk25" already present on machine and can be accessed by the pod
default       46s         Normal    Started                          pod/scm-0                                      Container started
default       35s         Warning   Unhealthy                        pod/om-0                                       Liveness probe failed: dial tcp 10.42.0.19:9862: connect: connection refused
default       35s         Warning   Unhealthy                        pod/recon-0                                    Liveness probe failed: dial tcp 10.42.0.20:9891: connect: connection refused
default       25s         Warning   BackOff                          pod/s3g-0                                      Back-off restarting failed container s3g in pod s3g-0_default(2201b997-294b-4f41-bf77-66a67a599f1b)
default       24s         Warning   Unhealthy                        pod/httpfs-0                                   Liveness probe failed: Get "http://10.42.0.18:14000/webhdfs/v1/?op=LISTSTATUS&user.name=hadoop": context deadline exceeded (Client.Timeout exceeded while awaiting headers)
default       8s          Normal    Pulled                           pod/s3g-0                                      Container image "ghcr.io/apache/ozone-runner:20260626-1-jdk25" already present on machine and can be accessed by the pod
default       8s          Normal    Created                          pod/s3g-0                                      Container created
default       8s          Normal    Started                          pod/s3g-0                                      Container started
default       6s          Normal    Killing                          pod/datanode-0                                 Stopping container datanode
default       6s          Normal    Killing                          pod/scm-0                                      Stopping container scm
default       6s          Normal    Killing                          pod/datanode-1                                 Stopping container datanode
default       6s          Normal    Killing                          pod/s3g-0                                      Stopping container s3g
default       6s          Normal    Killing                          pod/datanode-2                                 Stopping container datanode
default       6s          Normal    Killing                          pod/recon-0                                    Stopping container recon
default       6s          Normal    Killing                          pod/om-0                                       Stopping container om
default       6s          Normal    Killing                          pod/httpfs-0                                   Stopping container httpfs
===== end after pvc delete =====
No resources found
===== PV/PVC after pv delete =====
No resources found
----- PV finalizers / status -----
NAME   STATUS   CLAIM   FINALIZERS   DELETION
----- Recent events (last 30) -----
default       65s         Normal    Started                          pod/scm-0                                      Container started
default       65s         Normal    Created                          pod/scm-0                                      Container created
default       65s         Normal    Started                          pod/datanode-0                                 Container started
default       65s         Normal    Started                          pod/om-0                                       Container started
default       65s         Normal    Pulled                           pod/datanode-0                                 Container image "ghcr.io/apache/ozone-runner:20260626-1-jdk25" already present on machine and can be accessed by the pod
default       64s         Normal    Pulled                           pod/datanode-1                                 Container image "ghcr.io/apache/ozone-runner:20260626-1-jdk25" already present on machine and can be accessed by the pod
default       64s         Normal    SuccessfulCreate                 statefulset/datanode                           Create Pod datanode-2 in StatefulSet datanode successful
default       64s         Normal    Created                          pod/datanode-1                                 Container created
default       64s         Normal    Started                          pod/datanode-1                                 Container started
default       63s         Normal    Pulled                           pod/datanode-2                                 Container image "ghcr.io/apache/ozone-runner:20260626-1-jdk25" already present on machine and can be accessed by the pod
default       63s         Normal    Created                          pod/datanode-2                                 Container created
default       63s         Normal    Started                          pod/datanode-2                                 Container started
default       47s         Normal    Created                          pod/scm-0                                      Container created
default       47s         Normal    Pulled                           pod/scm-0                                      Container image "ghcr.io/apache/ozone-runner:20260626-1-jdk25" already present on machine and can be accessed by the pod
default       46s         Normal    Started                          pod/scm-0                                      Container started
default       35s         Warning   Unhealthy                        pod/om-0                                       Liveness probe failed: dial tcp 10.42.0.19:9862: connect: connection refused
default       35s         Warning   Unhealthy                        pod/recon-0                                    Liveness probe failed: dial tcp 10.42.0.20:9891: connect: connection refused
default       25s         Warning   BackOff                          pod/s3g-0                                      Back-off restarting failed container s3g in pod s3g-0_default(2201b997-294b-4f41-bf77-66a67a599f1b)
default       24s         Warning   Unhealthy                        pod/httpfs-0                                   Liveness probe failed: Get "http://10.42.0.18:14000/webhdfs/v1/?op=LISTSTATUS&user.name=hadoop": context deadline exceeded (Client.Timeout exceeded while awaiting headers)
default       8s          Normal    Pulled                           pod/s3g-0                                      Container image "ghcr.io/apache/ozone-runner:20260626-1-jdk25" already present on machine and can be accessed by the pod
default       8s          Normal    Created                          pod/s3g-0                                      Container created
default       8s          Normal    Started                          pod/s3g-0                                      Container started
default       6s          Normal    Killing                          pod/datanode-0                                 Stopping container datanode
default       6s          Normal    Killing                          pod/scm-0                                      Stopping container scm
default       6s          Normal    Killing                          pod/datanode-1                                 Stopping container datanode
default       6s          Normal    Killing                          pod/s3g-0                                      Stopping container s3g
default       6s          Normal    Killing                          pod/datanode-2                                 Stopping container datanode
default       6s          Normal    Killing                          pod/recon-0                                    Stopping container recon
default       6s          Normal    Killing                          pod/om-0                                       Stopping container om
default       6s          Normal    Killing                          pod/httpfs-0                                   Stopping container httpfs
===== end after pv delete =====

**** Applying k8s resources from ozone-dev ****

serviceaccount/prometheus-operator created
clusterrole.rbac.authorization.k8s.io/prometheus-default created
clusterrolebinding.rbac.authorization.k8s.io/prometheus-operator-default created
configmap/config created
configmap/prometheusconf created
service/datanode created
service/datanode-public created
service/httpfs created
service/httpfs-public created
service/jaeger created
service/jaeger-public created
service/om created
service/om-public created
service/prometheus created
service/recon created
service/recon-public created
service/s3g created
service/s3g-public created
service/scm created
service/scm-public created
deployment.apps/prometheus created
statefulset.apps/datanode created
statefulset.apps/httpfs created
statefulset.apps/jaeger created
statefulset.apps/om created
statefulset.apps/recon created
statefulset.apps/s3g created
statefulset.apps/scm created

**** Waiting until the k8s cluster is running ****

No resources found in default namespace.
0 pods are running. Waiting for more.
1 'all_pods_are_running' is failed...
9 / 10 pods are running
2 'all_pods_are_running' is failed...
9 / 10 pods are running
3 'all_pods_are_running' is failed...
9 / 10 pods are running
4 'all_pods_are_running' is failed...
9 / 10 pods are running
5 'all_pods_are_running' is failed...
9 / 10 pods are running
6 'all_pods_are_running' is failed...
9 / 10 pods are running
7 'all_pods_are_running' is failed...
Defaulted container "scm" out of: scm, init (init)
1 'grep_log scm-0 SCM exiting safe mode.' is failed...
Defaulted container "scm" out of: scm, init (init)
2 'grep_log scm-0 SCM exiting safe mode.' is failed...
Defaulted container "scm" out of: scm, init (init)
3 'grep_log scm-0 SCM exiting safe mode.' is failed...
Defaulted container "scm" out of: scm, init (init)
4 'grep_log scm-0 SCM exiting safe mode.' is failed...
Defaulted container "scm" out of: scm, init (init)
5 'grep_log scm-0 SCM exiting safe mode.' is failed...
Defaulted container "scm" out of: scm, init (init)
6 'grep_log scm-0 SCM exiting safe mode.' is failed...
Defaulted container "scm" out of: scm, init (init)
7 'grep_log scm-0 SCM exiting safe mode.' is failed...
Defaulted container "scm" out of: scm, init (init)
8 'grep_log scm-0 SCM exiting safe mode.' is failed...
Defaulted container "scm" out of: scm, init (init)
9 'grep_log scm-0 SCM exiting safe mode.' is failed...
Defaulted container "scm" out of: scm, init (init)
2026-08-29 16:29:49 INFO  SCMSafeModeManager:218 - SCM exiting safe mode.
2026-08-29 16:29:42 INFO  BaseHttpServer:363 - HTTP server of ozoneManager listening at http://om-0:9874

**** Cluster is up and running ****


**** Executing robot tests scm-0 ****

Defaulted container "scm" out of: scm, init (init)
Unable to use a TTY - input is not a terminal or the right kind of file
Defaulted container "scm" out of: scm, init (init)
Unable to use a TTY - input is not a terminal or the right kind of file
Defaulted container "scm" out of: scm, init (init)
Unable to use a TTY - input is not a terminal or the right kind of file
==============================================================================
Basic :: Smoketest ozone cluster startup                                      
==============================================================================
Check webui static resources                                          | PASS |
------------------------------------------------------------------------------
Basic Freon smoketest                                                 | PASS |
------------------------------------------------------------------------------
Basic :: Smoketest ozone cluster startup                              | PASS |
2 tests, 2 passed, 0 failed
==============================================================================
Output:  /tmp/report/output.xml
Log:     /tmp/report/log.html
Report:  /tmp/report/report.html
Defaulted container "scm" out of: scm, init (init)
tar: Removing leading `/' from member names
Output:  /rebot-output/output.xml
Log:     /rebot-output/log.html
Report:  /rebot-output/report.html
renamed '/home/runner/work/ozone/ozone/hadoop-ozone/dist/target/ozone-2.3.0-SNAPSHOT/kubernetes/examples/ozone-dev/result/rebot-z7NylC/log.html' -> '/home/runner/work/ozone/ozone/hadoop-ozone/dist/target/ozone-2.3.0-SNAPSHOT/kubernetes/examples/ozone-dev/result/log.html'
renamed '/home/runner/work/ozone/ozone/hadoop-ozone/dist/target/ozone-2.3.0-SNAPSHOT/kubernetes/examples/ozone-dev/result/rebot-z7NylC/output.xml' -> '/home/runner/work/ozone/ozone/hadoop-ozone/dist/target/ozone-2.3.0-SNAPSHOT/kubernetes/examples/ozone-dev/result/output.xml'
renamed '/home/runner/work/ozone/ozone/hadoop-ozone/dist/target/ozone-2.3.0-SNAPSHOT/kubernetes/examples/ozone-dev/result/rebot-z7NylC/report.html' -> '/home/runner/work/ozone/ozone/hadoop-ozone/dist/target/ozone-2.3.0-SNAPSHOT/kubernetes/examples/ozone-dev/result/report.html'

**** Collecting container logs ****

Defaulted container "scm" out of: scm, init (init)

**** Deleting k8s resources ****

serviceaccount "prometheus-operator" deleted from default namespace
clusterrole.rbac.authorization.k8s.io "prometheus-default" deleted
clusterrolebinding.rbac.authorization.k8s.io "prometheus-operator-default" deleted
configmap "config" deleted from default namespace
configmap "prometheusconf" deleted from default namespace
service "datanode" deleted from default namespace
service "datanode-public" deleted from default namespace
service "httpfs" deleted from default namespace
service "httpfs-public" deleted from default namespace
service "jaeger" deleted from default namespace
service "jaeger-public" deleted from default namespace
service "om" deleted from default namespace
service "om-public" deleted from default namespace
service "prometheus" deleted from default namespace
service "recon" deleted from default namespace
service "recon-public" deleted from default namespace
service "s3g" deleted from default namespace
service "s3g-public" deleted from default namespace
service "scm" deleted from default namespace
service "scm-public" deleted from default namespace
deployment.apps "prometheus" deleted from default namespace
statefulset.apps "datanode" deleted from default namespace
statefulset.apps "httpfs" deleted from default namespace
statefulset.apps "jaeger" deleted from default namespace
statefulset.apps "om" deleted from default namespace
statefulset.apps "recon" deleted from default namespace
statefulset.apps "s3g" deleted from default namespace
statefulset.apps "scm" deleted from default namespace

**** Regenerating original Kubernetes resource files ****


#### Executing tests of ozone-ha #####


**** Modifying Kubernetes resources file for test ****

   (mounting current Ozone directory to the containers, scheduling containers to one node, ...)

WARNING: this test can be executed only with local Kubernetes cluster
   (source dir should be available from K8s nodes)


**** Deleting existing k8s resources ****

===== PV/PVC before delete =====
No resources found
----- PV finalizers / status -----
NAME   STATUS   CLAIM   FINALIZERS   DELETION
----- Recent events (last 30) -----
default       65s         Normal    Started                          pod/datanode-2                                 Container started
default       47s         Normal    Pulled                           pod/scm-0                                      Container image "ghcr.io/apache/ozone-runner:20260626-1-jdk25" already present on machine and can be accessed by the pod
default       47s         Normal    Created                          pod/scm-0                                      Container created
default       47s         Normal    Started                          pod/scm-0                                      Container started
default       38s         Warning   Unhealthy                        pod/recon-0                                    Liveness probe failed: dial tcp 10.42.0.29:9891: connect: connection refused
default       30s         Normal    Created                          pod/jaeger-0                                   Container created
default       30s         Normal    Pulled                           pod/jaeger-0                                   Container image "ghcr.io/apache/ozone-runner:20260626-1-jdk25" already present on machine and can be accessed by the pod
default       30s         Normal    Started                          pod/jaeger-0                                   Container started
default       29s         Warning   BackOff                          pod/jaeger-0                                   Back-off restarting failed container jaeger in pod jaeger-0_default(9402312a-4b2f-4806-a3d2-830463a86823)
default       29s         Normal    Started                          pod/prometheus-cb99b57df-hj797                 Container started
default       29s         Normal    Created                          pod/prometheus-cb99b57df-hj797                 Container created
default       29s         Normal    Pulled                           pod/prometheus-cb99b57df-hj797                 Container image "ghcr.io/apache/ozone-runner:20260626-1-jdk25" already present on machine and can be accessed by the pod
default       28s         Warning   BackOff                          pod/prometheus-cb99b57df-hj797                 Back-off restarting failed container prometheus in pod prometheus-cb99b57df-hj797_default(d1caf5e8-f5ab-467b-97ae-46b80742c247)
default       28s         Warning   Unhealthy                        pod/om-0                                       Liveness probe failed: dial tcp 10.42.0.32:9862: connect: connection refused
default       18s         Normal    Started                          pod/s3g-0                                      Container started
default       18s         Normal    Pulled                           pod/s3g-0                                      Container image "ghcr.io/apache/ozone-runner:20260626-1-jdk25" already present on machine and can be accessed by the pod
default       18s         Normal    Created                          pod/s3g-0                                      Container created
default       17s         Normal    Created                          pod/httpfs-0                                   Container created
default       17s         Normal    Pulled                           pod/httpfs-0                                   Container image "ghcr.io/apache/ozone-runner:20260626-1-jdk25" already present on machine and can be accessed by the pod
default       17s         Normal    Started                          pod/httpfs-0                                   Container started
default       17s         Warning   Unhealthy                        pod/httpfs-0                                   Liveness probe failed: Get "http://10.42.0.27:14000/webhdfs/v1/?op=LISTSTATUS&user.name=hadoop": context deadline exceeded (Client.Timeout exceeded while awaiting headers)
default       17s         Normal    Killing                          pod/httpfs-0                                   Container httpfs failed liveness probe, will be restarted
default       8s          Warning   BackOff                          pod/s3g-0                                      Back-off restarting failed container s3g in pod s3g-0_default(a7949642-7ef0-4761-93f5-4999a5058dee)
default       4s          Normal    Killing                          pod/scm-0                                      Stopping container scm
default       4s          Normal    Killing                          pod/datanode-0                                 Stopping container datanode
default       4s          Normal    Killing                          pod/recon-0                                    Stopping container recon
default       4s          Normal    Killing                          pod/om-0                                       Stopping container om
default       4s          Normal    Killing                          pod/httpfs-0                                   Stopping container httpfs
default       4s          Normal    Killing                          pod/datanode-2                                 Stopping container datanode
default       4s          Normal    Killing                          pod/datanode-1                                 Stopping container datanode
===== end before delete =====
No resources found
No resources found
No resources found
service "kubernetes" deleted from default namespace
configmap "kube-root-ca.crt" deleted from default namespace
pod "om-0" deleted from default namespace
No resources found
===== PV/PVC after pvc delete =====
No resources found
----- PV finalizers / status -----
NAME   STATUS   CLAIM   FINALIZERS   DELETION
----- Recent events (last 30) -----
default       67s         Normal    Started                          pod/datanode-2                                 Container started
default       49s         Normal    Pulled                           pod/scm-0                                      Container image "ghcr.io/apache/ozone-runner:20260626-1-jdk25" already present on machine and can be accessed by the pod
default       49s         Normal    Created                          pod/scm-0                                      Container created
default       49s         Normal    Started                          pod/scm-0                                      Container started
default       40s         Warning   Unhealthy                        pod/recon-0                                    Liveness probe failed: dial tcp 10.42.0.29:9891: connect: connection refused
default       32s         Normal    Created                          pod/jaeger-0                                   Container created
default       32s         Normal    Pulled                           pod/jaeger-0                                   Container image "ghcr.io/apache/ozone-runner:20260626-1-jdk25" already present on machine and can be accessed by the pod
default       32s         Normal    Started                          pod/jaeger-0                                   Container started
default       31s         Warning   BackOff                          pod/jaeger-0                                   Back-off restarting failed container jaeger in pod jaeger-0_default(9402312a-4b2f-4806-a3d2-830463a86823)
default       31s         Normal    Started                          pod/prometheus-cb99b57df-hj797                 Container started
default       31s         Normal    Created                          pod/prometheus-cb99b57df-hj797                 Container created
default       31s         Normal    Pulled                           pod/prometheus-cb99b57df-hj797                 Container image "ghcr.io/apache/ozone-runner:20260626-1-jdk25" already present on machine and can be accessed by the pod
default       30s         Warning   BackOff                          pod/prometheus-cb99b57df-hj797                 Back-off restarting failed container prometheus in pod prometheus-cb99b57df-hj797_default(d1caf5e8-f5ab-467b-97ae-46b80742c247)
default       30s         Warning   Unhealthy                        pod/om-0                                       Liveness probe failed: dial tcp 10.42.0.32:9862: connect: connection refused
default       20s         Normal    Started                          pod/s3g-0                                      Container started
default       20s         Normal    Pulled                           pod/s3g-0                                      Container image "ghcr.io/apache/ozone-runner:20260626-1-jdk25" already present on machine and can be accessed by the pod
default       20s         Normal    Created                          pod/s3g-0                                      Container created
default       19s         Normal    Created                          pod/httpfs-0                                   Container created
default       19s         Normal    Pulled                           pod/httpfs-0                                   Container image "ghcr.io/apache/ozone-runner:20260626-1-jdk25" already present on machine and can be accessed by the pod
default       19s         Normal    Started                          pod/httpfs-0                                   Container started
default       19s         Warning   Unhealthy                        pod/httpfs-0                                   Liveness probe failed: Get "http://10.42.0.27:14000/webhdfs/v1/?op=LISTSTATUS&user.name=hadoop": context deadline exceeded (Client.Timeout exceeded while awaiting headers)
default       19s         Normal    Killing                          pod/httpfs-0                                   Container httpfs failed liveness probe, will be restarted
default       10s         Warning   BackOff                          pod/s3g-0                                      Back-off restarting failed container s3g in pod s3g-0_default(a7949642-7ef0-4761-93f5-4999a5058dee)
default       6s          Normal    Killing                          pod/scm-0                                      Stopping container scm
default       6s          Normal    Killing                          pod/datanode-0                                 Stopping container datanode
default       6s          Normal    Killing                          pod/recon-0                                    Stopping container recon
default       6s          Normal    Killing                          pod/om-0                                       Stopping container om
default       6s          Normal    Killing                          pod/httpfs-0                                   Stopping container httpfs
default       6s          Normal    Killing                          pod/datanode-2                                 Stopping container datanode
default       6s          Normal    Killing                          pod/datanode-1                                 Stopping container datanode
===== end after pvc delete =====
No resources found
===== PV/PVC after pv delete =====
No resources found
----- PV finalizers / status -----
NAME   STATUS   CLAIM   FINALIZERS   DELETION
----- Recent events (last 30) -----
default       67s         Normal    Started                          pod/datanode-2                                 Container started
default       49s         Normal    Pulled                           pod/scm-0                                      Container image "ghcr.io/apache/ozone-runner:20260626-1-jdk25" already present on machine and can be accessed by the pod
default       49s         Normal    Created                          pod/scm-0                                      Container created
default       49s         Normal    Started                          pod/scm-0                                      Container started
default       40s         Warning   Unhealthy                        pod/recon-0                                    Liveness probe failed: dial tcp 10.42.0.29:9891: connect: connection refused
default       32s         Normal    Created                          pod/jaeger-0                                   Container created
default       32s         Normal    Pulled                           pod/jaeger-0                                   Container image "ghcr.io/apache/ozone-runner:20260626-1-jdk25" already present on machine and can be accessed by the pod
default       32s         Normal    Started                          pod/jaeger-0                                   Container started
default       31s         Warning   BackOff                          pod/jaeger-0                                   Back-off restarting failed container jaeger in pod jaeger-0_default(9402312a-4b2f-4806-a3d2-830463a86823)
default       31s         Normal    Started                          pod/prometheus-cb99b57df-hj797                 Container started
default       31s         Normal    Created                          pod/prometheus-cb99b57df-hj797                 Container created
default       31s         Normal    Pulled                           pod/prometheus-cb99b57df-hj797                 Container image "ghcr.io/apache/ozone-runner:20260626-1-jdk25" already present on machine and can be accessed by the pod
default       30s         Warning   BackOff                          pod/prometheus-cb99b57df-hj797                 Back-off restarting failed container prometheus in pod prometheus-cb99b57df-hj797_default(d1caf5e8-f5ab-467b-97ae-46b80742c247)
default       30s         Warning   Unhealthy                        pod/om-0                                       Liveness probe failed: dial tcp 10.42.0.32:9862: connect: connection refused
default       20s         Normal    Started                          pod/s3g-0                                      Container started
default       20s         Normal    Pulled                           pod/s3g-0                                      Container image "ghcr.io/apache/ozone-runner:20260626-1-jdk25" already present on machine and can be accessed by the pod
default       20s         Normal    Created                          pod/s3g-0                                      Container created
default       19s         Normal    Created                          pod/httpfs-0                                   Container created
default       19s         Normal    Pulled                           pod/httpfs-0                                   Container image "ghcr.io/apache/ozone-runner:20260626-1-jdk25" already present on machine and can be accessed by the pod
default       19s         Normal    Started                          pod/httpfs-0                                   Container started
default       19s         Warning   Unhealthy                        pod/httpfs-0                                   Liveness probe failed: Get "http://10.42.0.27:14000/webhdfs/v1/?op=LISTSTATUS&user.name=hadoop": context deadline exceeded (Client.Timeout exceeded while awaiting headers)
default       19s         Normal    Killing                          pod/httpfs-0                                   Container httpfs failed liveness probe, will be restarted
default       10s         Warning   BackOff                          pod/s3g-0                                      Back-off restarting failed container s3g in pod s3g-0_default(a7949642-7ef0-4761-93f5-4999a5058dee)
default       6s          Normal    Killing                          pod/scm-0                                      Stopping container scm
default       6s          Normal    Killing                          pod/datanode-0                                 Stopping container datanode
default       6s          Normal    Killing                          pod/recon-0                                    Stopping container recon
default       6s          Normal    Killing                          pod/om-0                                       Stopping container om
default       6s          Normal    Killing                          pod/httpfs-0                                   Stopping container httpfs
default       6s          Normal    Killing                          pod/datanode-2                                 Stopping container datanode
default       6s          Normal    Killing                          pod/datanode-1                                 Stopping container datanode
===== end after pv delete =====

**** Applying k8s resources from ozone-ha ****

configmap/config created
service/datanode created
service/httpfs created
service/om created
service/recon created
service/s3g created
service/scm created
statefulset.apps/datanode created
statefulset.apps/httpfs created
statefulset.apps/om created
statefulset.apps/recon created
statefulset.apps/s3g created
statefulset.apps/scm created

**** Waiting until the k8s cluster is running ****

No resources found in default namespace.
0 pods are running. Waiting for more.
1 'all_pods_are_running' is failed...
No resources found in default namespace.
0 pods are running. Waiting for more.
2 'all_pods_are_running' is failed...
No resources found in default namespace.
0 pods are running. Waiting for more.
3 'all_pods_are_running' is failed...
2 pods are running. Waiting for more.
4 'all_pods_are_running' is failed...
5 / 7 pods are running
5 'all_pods_are_running' is failed...
6 / 8 pods are running
6 'all_pods_are_running' is failed...
6 / 8 pods are running
7 'all_pods_are_running' is failed...
8 / 9 pods are running
8 'all_pods_are_running' is failed...
8 / 9 pods are running
9 'all_pods_are_running' is failed...
8 / 9 pods are running
10 'all_pods_are_running' is failed...
8 / 9 pods are running
11 'all_pods_are_running' is failed...
8 / 9 pods are running
12 'all_pods_are_running' is failed...
8 / 9 pods are running
13 'all_pods_are_running' is failed...
9 / 10 pods are running
14 'all_pods_are_running' is failed...
9 / 10 pods are running
15 'all_pods_are_running' is failed...
9 / 10 pods are running
16 'all_pods_are_running' is failed...
9 / 10 pods are running
17 'all_pods_are_running' is failed...
9 / 10 pods are running
18 'all_pods_are_running' is failed...
Defaulted container "scm" out of: scm, init (init), bootstrap (init)
1 'grep_log scm-0 SCM exiting safe mode.' is failed...
Defaulted container "scm" out of: scm, init (init), bootstrap (init)
2 'grep_log scm-0 SCM exiting safe mode.' is failed...
Defaulted container "scm" out of: scm, init (init), bootstrap (init)
3 'grep_log scm-0 SCM exiting safe mode.' is failed...
Defaulted container "scm" out of: scm, init (init), bootstrap (init)
4 'grep_log scm-0 SCM exiting safe mode.' is failed...
Defaulted container "scm" out of: scm, init (init), bootstrap (init)
5 'grep_log scm-0 SCM exiting safe mode.' is failed...
Defaulted container "scm" out of: scm, init (init), bootstrap (init)
6 'grep_log scm-0 SCM exiting safe mode.' is failed...
Defaulted container "scm" out of: scm, init (init), bootstrap (init)
2026-08-29 16:31:27 INFO  SCMSafeModeManager:218 - SCM exiting safe mode.
2026-08-29 16:31:01 INFO  BaseHttpServer:363 - HTTP server of ozoneManager listening at http://om-0:9874

**** Cluster is up and running ****


**** Executing robot tests scm-0 ****

Defaulted container "scm" out of: scm, init (init), bootstrap (init)
Unable to use a TTY - input is not a terminal or the right kind of file
Defaulted container "scm" out of: scm, init (init), bootstrap (init)
Unable to use a TTY - input is not a terminal or the right kind of file
Defaulted container "scm" out of: scm, init (init), bootstrap (init)
Unable to use a TTY - input is not a terminal or the right kind of file
==============================================================================
Basic :: Smoketest ozone cluster startup                                      
==============================================================================
Check webui static resources                                          | PASS |
------------------------------------------------------------------------------
Basic Freon smoketest                                                 | PASS |
------------------------------------------------------------------------------
Basic :: Smoketest ozone cluster startup                              | PASS |
2 tests, 2 passed, 0 failed
==============================================================================
Output:  /tmp/report/output.xml
Log:     /tmp/report/log.html
Report:  /tmp/report/report.html
Defaulted container "scm" out of: scm, init (init), bootstrap (init)
tar: Removing leading `/' from member names
Output:  /rebot-output/output.xml
Log:     /rebot-output/log.html
Report:  /rebot-output/report.html
renamed '/home/runner/work/ozone/ozone/hadoop-ozone/dist/target/ozone-2.3.0-SNAPSHOT/kubernetes/examples/ozone-ha/result/rebot-bEMMS7/log.html' -> '/home/runner/work/ozone/ozone/hadoop-ozone/dist/target/ozone-2.3.0-SNAPSHOT/kubernetes/examples/ozone-ha/result/log.html'
renamed '/home/runner/work/ozone/ozone/hadoop-ozone/dist/target/ozone-2.3.0-SNAPSHOT/kubernetes/examples/ozone-ha/result/rebot-bEMMS7/output.xml' -> '/home/runner/work/ozone/ozone/hadoop-ozone/dist/target/ozone-2.3.0-SNAPSHOT/kubernetes/examples/ozone-ha/result/output.xml'
renamed '/home/runner/work/ozone/ozone/hadoop-ozone/dist/target/ozone-2.3.0-SNAPSHOT/kubernetes/examples/ozone-ha/result/rebot-bEMMS7/report.html' -> '/home/runner/work/ozone/ozone/hadoop-ozone/dist/target/ozone-2.3.0-SNAPSHOT/kubernetes/examples/ozone-ha/result/report.html'

**** Collecting container logs ****

Defaulted container "scm" out of: scm, init (init), bootstrap (init)
Defaulted container "scm" out of: scm, init (init), bootstrap (init)
Defaulted container "scm" out of: scm, init (init), bootstrap (init)

**** Deleting k8s resources ****

configmap "config" deleted from default namespace
service "datanode" deleted from default namespace
service "httpfs" deleted from default namespace
service "om" deleted from default namespace
service "recon" deleted from default namespace
service "s3g" deleted from default namespace
service "scm" deleted from default namespace
statefulset.apps "datanode" deleted from default namespace
statefulset.apps "httpfs" deleted from default namespace
statefulset.apps "om" deleted from default namespace
statefulset.apps "recon" deleted from default namespace
statefulset.apps "s3g" deleted from default namespace
statefulset.apps "scm" deleted from default namespace

**** Regenerating original Kubernetes resource files ****


#### Executing tests of ozone #####


**** Modifying Kubernetes resources file for test ****

   (mounting current Ozone directory to the containers, scheduling containers to one node, ...)

WARNING: this test can be executed only with local Kubernetes cluster
   (source dir should be available from K8s nodes)


**** Deleting existing k8s resources ****

===== PV/PVC before delete =====
NAME                                                        CAPACITY   ACCESS MODES   RECLAIM POLICY   STATUS   CLAIM                     STORAGECLASS   VOLUMEATTRIBUTESCLASS   REASON   AGE   VOLUMEMODE
persistentvolume/pvc-400c2990-22ff-41c0-80a7-a3ffeb1d4a76   20Gi       RWO            Delete           Bound    default/data-datanode-0   local-path     <unset>                          83s   Filesystem
persistentvolume/pvc-4e6249bc-6eb8-48d2-a9bb-0e32b77f75c1   20Gi       RWO            Delete           Bound    default/data-datanode-2   local-path     <unset>                          72s   Filesystem
persistentvolume/pvc-83971021-af63-4cdf-9f2f-b27644710562   20Gi       RWO            Delete           Bound    default/data-s3g-0        local-path     <unset>                          84s   Filesystem
persistentvolume/pvc-8412b130-72d0-46a9-81cf-5f8cd37ad11e   20Gi       RWO            Delete           Bound    default/data-recon-0      local-path     <unset>                          85s   Filesystem
persistentvolume/pvc-cbff6435-26b0-4a66-8724-69590ad91e24   20Gi       RWO            Delete           Bound    default/data-om-0         local-path     <unset>                          83s   Filesystem
persistentvolume/pvc-cf6adab7-d36d-48f6-b0f8-b81939c3b951   20Gi       RWO            Delete           Bound    default/data-datanode-1   local-path     <unset>                          79s   Filesystem
persistentvolume/pvc-ddb25cab-20de-4c25-97c6-68afde1c6508   20Gi       RWO            Delete           Bound    default/data-scm-1        local-path     <unset>                          66s   Filesystem
persistentvolume/pvc-e1bea0a0-299e-467f-a234-7e1921002426   20Gi       RWO            Delete           Bound    default/data-scm-0        local-path     <unset>                          88s   Filesystem
persistentvolume/pvc-e5cc03a7-0882-42c3-b44c-aa557697be98   20Gi       RWO            Delete           Bound    default/data-scm-2        local-path     <unset>                          49s   Filesystem
persistentvolume/pvc-ef36ead9-b93d-4b04-aad5-ce2cd56b02ea   20Gi       RWO            Delete           Bound    default/data-httpfs-0     local-path     <unset>                          80s   Filesystem

NAMESPACE   NAME                                    STATUS        VOLUME                                     CAPACITY   ACCESS MODES   STORAGECLASS   VOLUMEATTRIBUTESCLASS   AGE   VOLUMEMODE
default     persistentvolumeclaim/data-datanode-0   Terminating   pvc-400c2990-22ff-41c0-80a7-a3ffeb1d4a76   20Gi       RWO            local-path     <unset>                 91s   Filesystem
default     persistentvolumeclaim/data-datanode-1   Terminating   pvc-cf6adab7-d36d-48f6-b0f8-b81939c3b951   20Gi       RWO            local-path     <unset>                 81s   Filesystem
default     persistentvolumeclaim/data-datanode-2   Terminating   pvc-4e6249bc-6eb8-48d2-a9bb-0e32b77f75c1   20Gi       RWO            local-path     <unset>                 77s   Filesystem
default     persistentvolumeclaim/data-httpfs-0     Terminating   pvc-ef36ead9-b93d-4b04-aad5-ce2cd56b02ea   20Gi       RWO            local-path     <unset>                 91s   Filesystem
default     persistentvolumeclaim/data-om-0         Terminating   pvc-cbff6435-26b0-4a66-8724-69590ad91e24   20Gi       RWO            local-path     <unset>                 91s   Filesystem
default     persistentvolumeclaim/data-recon-0      Terminating   pvc-8412b130-72d0-46a9-81cf-5f8cd37ad11e   20Gi       RWO            local-path     <unset>                 91s   Filesystem
default     persistentvolumeclaim/data-s3g-0        Terminating   pvc-83971021-af63-4cdf-9f2f-b27644710562   20Gi       RWO            local-path     <unset>                 91s   Filesystem
default     persistentvolumeclaim/data-scm-0        Terminating   pvc-e1bea0a0-299e-467f-a234-7e1921002426   20Gi       RWO            local-path     <unset>                 91s   Filesystem
default     persistentvolumeclaim/data-scm-1        Terminating   pvc-ddb25cab-20de-4c25-97c6-68afde1c6508   20Gi       RWO            local-path     <unset>                 70s   Filesystem
default     persistentvolumeclaim/data-scm-2        Terminating   pvc-e5cc03a7-0882-42c3-b44c-aa557697be98   20Gi       RWO            local-path     <unset>                 53s   Filesystem
----- PV finalizers / status -----
NAME                                       STATUS   CLAIM             FINALIZERS                      DELETION
pvc-400c2990-22ff-41c0-80a7-a3ffeb1d4a76   Bound    data-datanode-0   [kubernetes.io/pv-protection]   <none>
pvc-4e6249bc-6eb8-48d2-a9bb-0e32b77f75c1   Bound    data-datanode-2   [kubernetes.io/pv-protection]   <none>
pvc-83971021-af63-4cdf-9f2f-b27644710562   Bound    data-s3g-0        [kubernetes.io/pv-protection]   <none>
pvc-8412b130-72d0-46a9-81cf-5f8cd37ad11e   Bound    data-recon-0      [kubernetes.io/pv-protection]   <none>
pvc-cbff6435-26b0-4a66-8724-69590ad91e24   Bound    data-om-0         [kubernetes.io/pv-protection]   <none>
pvc-cf6adab7-d36d-48f6-b0f8-b81939c3b951   Bound    data-datanode-1   [kubernetes.io/pv-protection]   <none>
pvc-ddb25cab-20de-4c25-97c6-68afde1c6508   Bound    data-scm-1        [kubernetes.io/pv-protection]   <none>
pvc-e1bea0a0-299e-467f-a234-7e1921002426   Bound    data-scm-0        [kubernetes.io/pv-protection]   <none>
pvc-e5cc03a7-0882-42c3-b44c-aa557697be98   Bound    data-scm-2        [kubernetes.io/pv-protection]   <none>
pvc-ef36ead9-b93d-4b04-aad5-ce2cd56b02ea   Bound    data-httpfs-0     [kubernetes.io/pv-protection]   <none>
----- Recent events (last 30) -----
default       52s         Warning   Unhealthy                        pod/om-0                                                         Liveness probe failed: dial tcp 10.42.0.44:9862: connect: connection refused
kube-system   51s         Normal    Started                          pod/helper-pod-create-pvc-e5cc03a7-0882-42c3-b44c-aa557697be98   Container started
default       51s         Normal    ExternalProvisioning             persistentvolumeclaim/data-scm-2                                 Waiting for a volume to be created either by the external provisioner 'rancher.io/local-path' or manually by the system administrator. If volume creation is delayed, please verify that the provisioner is running and correctly registered.
default       51s         Normal    Provisioning                     persistentvolumeclaim/data-scm-2                                 External provisioner is provisioning volume for claim "default/data-scm-2"
kube-system   51s         Normal    Created                          pod/helper-pod-create-pvc-e5cc03a7-0882-42c3-b44c-aa557697be98   Container created
kube-system   51s         Normal    Pulled                           pod/helper-pod-create-pvc-e5cc03a7-0882-42c3-b44c-aa557697be98   Container image "rancher/mirrored-library-busybox:1.37.0" already present on machine and can be accessed by the pod
default       49s         Normal    ProvisioningSucceeded            persistentvolumeclaim/data-scm-2                                 Successfully provisioned volume pvc-e5cc03a7-0882-42c3-b44c-aa557697be98
default       48s         Normal    Pulled                           pod/scm-2                                                        Container image "ghcr.io/apache/ozone-runner:20260626-1-jdk25" already present on machine and can be accessed by the pod
default       48s         Normal    Created                          pod/scm-2                                                        Container created
default       48s         Normal    Started                          pod/scm-2                                                        Container started
default       42s         Normal    Started                          pod/scm-2                                                        Container started
default       42s         Normal    Created                          pod/scm-2                                                        Container created
default       42s         Normal    Pulled                           pod/scm-2                                                        Container image "ghcr.io/apache/ozone-runner:20260626-1-jdk25" already present on machine and can be accessed by the pod
default       38s         Normal    Created                          pod/scm-2                                                        Container created
default       38s         Normal    Pulled                           pod/scm-2                                                        Container image "ghcr.io/apache/ozone-runner:20260626-1-jdk25" already present on machine and can be accessed by the pod
default       38s         Warning   Unhealthy                        pod/httpfs-0                                                     Liveness probe failed: Get "http://10.42.0.47:14000/webhdfs/v1/?op=LISTSTATUS&user.name=hadoop": context deadline exceeded (Client.Timeout exceeded while awaiting headers)
default       38s         Normal    Started                          pod/scm-2                                                        Container started
default       33s         Normal    Pulled                           pod/s3g-0                                                        Container image "ghcr.io/apache/ozone-runner:20260626-1-jdk25" already present on machine and can be accessed by the pod
default       33s         Normal    Started                          pod/s3g-0                                                        Container started
default       33s         Normal    Created                          pod/s3g-0                                                        Container created
default       24s         Warning   BackOff                          pod/s3g-0                                                        Back-off restarting failed container s3g in pod s3g-0_default(5835e4a5-6fcb-4062-86ea-9d3ebd151a58)
default       1s          Normal    Killing                          pod/recon-0                                                      Stopping container recon
default       1s          Normal    Killing                          pod/httpfs-0                                                     Stopping container httpfs
default       1s          Normal    Killing                          pod/datanode-0                                                   Stopping container datanode
default       1s          Normal    Killing                          pod/om-0                                                         Stopping container om
default       1s          Normal    Killing                          pod/datanode-1                                                   Stopping container datanode
default       1s          Normal    Killing                          pod/datanode-2                                                   Stopping container datanode
default       0s          Normal    Killing                          pod/scm-1                                                        Stopping container scm
default       0s          Normal    Killing                          pod/scm-0                                                        Stopping container scm
default       0s          Normal    Killing                          pod/scm-2                                                        Stopping container scm
===== end before delete =====
No resources found
No resources found
No resources found
service "kubernetes" deleted from default namespace
configmap "kube-root-ca.crt" deleted from default namespace
pod "datanode-0" deleted from default namespace
pod "datanode-1" deleted from default namespace
pod "datanode-2" deleted from default namespace
pod "om-0" deleted from default namespace
pod "scm-0" deleted from default namespace
pod "scm-1" deleted from default namespace
pod "scm-2" deleted from default namespace
No resources found
===== PV/PVC after pvc delete =====
NAME                                                        CAPACITY   ACCESS MODES   RECLAIM POLICY   STATUS     CLAIM                     STORAGECLASS   VOLUMEATTRIBUTESCLASS   REASON   AGE   VOLUMEMODE
persistentvolume/pvc-400c2990-22ff-41c0-80a7-a3ffeb1d4a76   20Gi       RWO            Delete           Released   default/data-datanode-0   local-path     <unset>                          89s   Filesystem
persistentvolume/pvc-4e6249bc-6eb8-48d2-a9bb-0e32b77f75c1   20Gi       RWO            Delete           Released   default/data-datanode-2   local-path     <unset>                          78s   Filesystem
persistentvolume/pvc-cbff6435-26b0-4a66-8724-69590ad91e24   20Gi       RWO            Delete           Released   default/data-om-0         local-path     <unset>                          89s   Filesystem
persistentvolume/pvc-cf6adab7-d36d-48f6-b0f8-b81939c3b951   20Gi       RWO            Delete           Released   default/data-datanode-1   local-path     <unset>                          85s   Filesystem
persistentvolume/pvc-ddb25cab-20de-4c25-97c6-68afde1c6508   20Gi       RWO            Delete           Released   default/data-scm-1        local-path     <unset>                          72s   Filesystem
persistentvolume/pvc-e1bea0a0-299e-467f-a234-7e1921002426   20Gi       RWO            Delete           Released   default/data-scm-0        local-path     <unset>                          94s   Filesystem
persistentvolume/pvc-e5cc03a7-0882-42c3-b44c-aa557697be98   20Gi       RWO            Delete           Released   default/data-scm-2        local-path     <unset>                          55s   Filesystem
persistentvolume/pvc-ef36ead9-b93d-4b04-aad5-ce2cd56b02ea   20Gi       RWO            Delete           Released   default/data-httpfs-0     local-path     <unset>                          86s   Filesystem
----- PV finalizers / status -----
NAME                                       STATUS     CLAIM             FINALIZERS                      DELETION
pvc-400c2990-22ff-41c0-80a7-a3ffeb1d4a76   Released   data-datanode-0   [kubernetes.io/pv-protection]   <none>
pvc-4e6249bc-6eb8-48d2-a9bb-0e32b77f75c1   Released   data-datanode-2   [kubernetes.io/pv-protection]   <none>
pvc-cbff6435-26b0-4a66-8724-69590ad91e24   Released   data-om-0         [kubernetes.io/pv-protection]   <none>
pvc-cf6adab7-d36d-48f6-b0f8-b81939c3b951   Released   data-datanode-1   [kubernetes.io/pv-protection]   <none>
pvc-ddb25cab-20de-4c25-97c6-68afde1c6508   Released   data-scm-1        [kubernetes.io/pv-protection]   <none>
pvc-e1bea0a0-299e-467f-a234-7e1921002426   Released   data-scm-0        [kubernetes.io/pv-protection]   <none>
pvc-e5cc03a7-0882-42c3-b44c-aa557697be98   Released   data-scm-2        [kubernetes.io/pv-protection]   <none>
----- Recent events (last 30) -----
default       44s         Normal    Pulled                           pod/scm-2                                                        Container image "ghcr.io/apache/ozone-runner:20260626-1-jdk25" already present on machine and can be accessed by the pod
default       44s         Normal    Started                          pod/scm-2                                                        Container started
default       39s         Normal    Created                          pod/s3g-0                                                        Container created
default       39s         Normal    Pulled                           pod/s3g-0                                                        Container image "ghcr.io/apache/ozone-runner:20260626-1-jdk25" already present on machine and can be accessed by the pod
default       39s         Normal    Started                          pod/s3g-0                                                        Container started
default       30s         Warning   BackOff                          pod/s3g-0                                                        Back-off restarting failed container s3g in pod s3g-0_default(5835e4a5-6fcb-4062-86ea-9d3ebd151a58)
default       7s          Normal    Killing                          pod/httpfs-0                                                     Stopping container httpfs
default       7s          Normal    Killing                          pod/datanode-0                                                   Stopping container datanode
default       7s          Normal    Killing                          pod/datanode-2                                                   Stopping container datanode
default       7s          Normal    Killing                          pod/recon-0                                                      Stopping container recon
default       7s          Normal    Killing                          pod/datanode-1                                                   Stopping container datanode
default       7s          Normal    Killing                          pod/om-0                                                         Stopping container om
default       6s          Normal    Killing                          pod/scm-0                                                        Stopping container scm
default       6s          Normal    Killing                          pod/scm-1                                                        Stopping container scm
default       6s          Normal    Killing                          pod/scm-2                                                        Stopping container scm
kube-system   5s          Normal    Started                          pod/helper-pod-delete-pvc-ef36ead9-b93d-4b04-aad5-ce2cd56b02ea   Container started
kube-system   5s          Normal    Created                          pod/helper-pod-delete-pvc-ef36ead9-b93d-4b04-aad5-ce2cd56b02ea   Container created
kube-system   5s          Normal    Started                          pod/helper-pod-delete-pvc-8412b130-72d0-46a9-81cf-5f8cd37ad11e   Container started
kube-system   5s          Normal    Created                          pod/helper-pod-delete-pvc-8412b130-72d0-46a9-81cf-5f8cd37ad11e   Container created
kube-system   5s          Normal    Pulled                           pod/helper-pod-delete-pvc-8412b130-72d0-46a9-81cf-5f8cd37ad11e   Container image "rancher/mirrored-library-busybox:1.37.0" already present on machine and can be accessed by the pod
kube-system   5s          Normal    Started                          pod/helper-pod-delete-pvc-83971021-af63-4cdf-9f2f-b27644710562   Container started
kube-system   5s          Normal    Created                          pod/helper-pod-delete-pvc-83971021-af63-4cdf-9f2f-b27644710562   Container created
kube-system   5s          Normal    Pulled                           pod/helper-pod-delete-pvc-83971021-af63-4cdf-9f2f-b27644710562   Container image "rancher/mirrored-library-busybox:1.37.0" already present on machine and can be accessed by the pod
kube-system   5s          Normal    Pulled                           pod/helper-pod-delete-pvc-ef36ead9-b93d-4b04-aad5-ce2cd56b02ea   Container image "rancher/mirrored-library-busybox:1.37.0" already present on machine and can be accessed by the pod
kube-system   3s          Normal    Pulled                           pod/helper-pod-delete-pvc-cf6adab7-d36d-48f6-b0f8-b81939c3b951   Container image "rancher/mirrored-library-busybox:1.37.0" already present on machine and can be accessed by the pod
kube-system   3s          Normal    Started                          pod/helper-pod-delete-pvc-cf6adab7-d36d-48f6-b0f8-b81939c3b951   Container started
kube-system   3s          Normal    Created                          pod/helper-pod-delete-pvc-cf6adab7-d36d-48f6-b0f8-b81939c3b951   Container created
kube-system   2s          Normal    Started                          pod/helper-pod-delete-pvc-4e6249bc-6eb8-48d2-a9bb-0e32b77f75c1   Container started
kube-system   2s          Normal    Created                          pod/helper-pod-delete-pvc-4e6249bc-6eb8-48d2-a9bb-0e32b77f75c1   Container created
kube-system   2s          Normal    Pulled                           pod/helper-pod-delete-pvc-4e6249bc-6eb8-48d2-a9bb-0e32b77f75c1   Container image "rancher/mirrored-library-busybox:1.37.0" already present on machine and can be accessed by the pod
===== end after pvc delete =====
persistentvolume "pvc-400c2990-22ff-41c0-80a7-a3ffeb1d4a76" deleted
persistentvolume "pvc-4e6249bc-6eb8-48d2-a9bb-0e32b77f75c1" deleted
persistentvolume "pvc-cbff6435-26b0-4a66-8724-69590ad91e24" deleted
persistentvolume "pvc-cf6adab7-d36d-48f6-b0f8-b81939c3b951" deleted
persistentvolume "pvc-ddb25cab-20de-4c25-97c6-68afde1c6508" deleted
persistentvolume "pvc-e1bea0a0-299e-467f-a234-7e1921002426" deleted
persistentvolume "pvc-e5cc03a7-0882-42c3-b44c-aa557697be98" deleted
===== PV/PVC after pv delete =====
No resources found
----- PV finalizers / status -----
NAME   STATUS   CLAIM   FINALIZERS   DELETION
----- Recent events (last 30) -----
default       44s         Normal    Pulled                           pod/scm-2                                                        Container image "ghcr.io/apache/ozone-runner:20260626-1-jdk25" already present on machine and can be accessed by the pod
default       44s         Normal    Started                          pod/scm-2                                                        Container started
default       39s         Normal    Created                          pod/s3g-0                                                        Container created
default       39s         Normal    Pulled                           pod/s3g-0                                                        Container image "ghcr.io/apache/ozone-runner:20260626-1-jdk25" already present on machine and can be accessed by the pod
default       39s         Normal    Started                          pod/s3g-0                                                        Container started
default       30s         Warning   BackOff                          pod/s3g-0                                                        Back-off restarting failed container s3g in pod s3g-0_default(5835e4a5-6fcb-4062-86ea-9d3ebd151a58)
default       7s          Normal    Killing                          pod/httpfs-0                                                     Stopping container httpfs
default       7s          Normal    Killing                          pod/datanode-0                                                   Stopping container datanode
default       7s          Normal    Killing                          pod/datanode-2                                                   Stopping container datanode
default       7s          Normal    Killing                          pod/recon-0                                                      Stopping container recon
default       7s          Normal    Killing                          pod/datanode-1                                                   Stopping container datanode
default       7s          Normal    Killing                          pod/om-0                                                         Stopping container om
default       6s          Normal    Killing                          pod/scm-0                                                        Stopping container scm
default       6s          Normal    Killing                          pod/scm-1                                                        Stopping container scm
default       6s          Normal    Killing                          pod/scm-2                                                        Stopping container scm
kube-system   5s          Normal    Started                          pod/helper-pod-delete-pvc-ef36ead9-b93d-4b04-aad5-ce2cd56b02ea   Container started
kube-system   5s          Normal    Created                          pod/helper-pod-delete-pvc-ef36ead9-b93d-4b04-aad5-ce2cd56b02ea   Container created
kube-system   5s          Normal    Started                          pod/helper-pod-delete-pvc-8412b130-72d0-46a9-81cf-5f8cd37ad11e   Container started
kube-system   5s          Normal    Created                          pod/helper-pod-delete-pvc-8412b130-72d0-46a9-81cf-5f8cd37ad11e   Container created
kube-system   5s          Normal    Pulled                           pod/helper-pod-delete-pvc-8412b130-72d0-46a9-81cf-5f8cd37ad11e   Container image "rancher/mirrored-library-busybox:1.37.0" already present on machine and can be accessed by the pod
kube-system   5s          Normal    Started                          pod/helper-pod-delete-pvc-83971021-af63-4cdf-9f2f-b27644710562   Container started
kube-system   5s          Normal    Created                          pod/helper-pod-delete-pvc-83971021-af63-4cdf-9f2f-b27644710562   Container created
kube-system   5s          Normal    Pulled                           pod/helper-pod-delete-pvc-83971021-af63-4cdf-9f2f-b27644710562   Container image "rancher/mirrored-library-busybox:1.37.0" already present on machine and can be accessed by the pod
kube-system   5s          Normal    Pulled                           pod/helper-pod-delete-pvc-ef36ead9-b93d-4b04-aad5-ce2cd56b02ea   Container image "rancher/mirrored-library-busybox:1.37.0" already present on machine and can be accessed by the pod
kube-system   3s          Normal    Pulled                           pod/helper-pod-delete-pvc-cf6adab7-d36d-48f6-b0f8-b81939c3b951   Container image "rancher/mirrored-library-busybox:1.37.0" already present on machine and can be accessed by the pod
kube-system   3s          Normal    Started                          pod/helper-pod-delete-pvc-cf6adab7-d36d-48f6-b0f8-b81939c3b951   Container started
kube-system   3s          Normal    Created                          pod/helper-pod-delete-pvc-cf6adab7-d36d-48f6-b0f8-b81939c3b951   Container created
kube-system   2s          Normal    Started                          pod/helper-pod-delete-pvc-4e6249bc-6eb8-48d2-a9bb-0e32b77f75c1   Container started
kube-system   2s          Normal    Created                          pod/helper-pod-delete-pvc-4e6249bc-6eb8-48d2-a9bb-0e32b77f75c1   Container created
kube-system   2s          Normal    Pulled                           pod/helper-pod-delete-pvc-4e6249bc-6eb8-48d2-a9bb-0e32b77f75c1   Container image "rancher/mirrored-library-busybox:1.37.0" already present on machine and can be accessed by the pod
===== end after pv delete =====

**** Applying k8s resources from ozone ****

configmap/config created
service/datanode created
service/httpfs created
service/om created
service/recon created
service/s3g created
service/scm created
statefulset.apps/datanode created
statefulset.apps/httpfs created
statefulset.apps/om created
statefulset.apps/recon created
statefulset.apps/s3g created
statefulset.apps/scm created

**** Waiting until the k8s cluster is running ****

No resources found in default namespace.
0 pods are running. Waiting for more.
1 'all_pods_are_running' is failed...
No resources found in default namespace.
0 pods are running. Waiting for more.
2 'all_pods_are_running' is failed...
No resources found in default namespace.
0 pods are running. Waiting for more.
3 'all_pods_are_running' is failed...
No resources found in default namespace.
0 pods are running. Waiting for more.
4 'all_pods_are_running' is failed...
3 / 6 pods are running
5 'all_pods_are_running' is failed...
4 / 6 pods are running
6 'all_pods_are_running' is failed...
5 / 7 pods are running
7 'all_pods_are_running' is failed...
5 / 7 pods are running
8 'all_pods_are_running' is failed...
7 / 8 pods are running
9 'all_pods_are_running' is failed...
7 / 8 pods are running
10 'all_pods_are_running' is failed...
Defaulted container "scm" out of: scm, init (init)
1 'grep_log scm-0 SCM exiting safe mode.' is failed...
Defaulted container "scm" out of: scm, init (init)
2 'grep_log scm-0 SCM exiting safe mode.' is failed...
Defaulted container "scm" out of: scm, init (init)
3 'grep_log scm-0 SCM exiting safe mode.' is failed...
Defaulted container "scm" out of: scm, init (init)
4 'grep_log scm-0 SCM exiting safe mode.' is failed...
Defaulted container "scm" out of: scm, init (init)
5 'grep_log scm-0 SCM exiting safe mode.' is failed...
Defaulted container "scm" out of: scm, init (init)
6 'grep_log scm-0 SCM exiting safe mode.' is failed...
Defaulted container "scm" out of: scm, init (init)
7 'grep_log scm-0 SCM exiting safe mode.' is failed...
Defaulted container "scm" out of: scm, init (init)
2026-08-29 16:32:43 INFO  SCMSafeModeManager:218 - SCM exiting safe mode.
2026-08-29 16:32:38 INFO  BaseHttpServer:363 - HTTP server of ozoneManager listening at http://om-0:9874

**** Cluster is up and running ****


**** Executing robot tests scm-0 ****

Defaulted container "scm" out of: scm, init (init)
Unable to use a TTY - input is not a terminal or the right kind of file
Defaulted container "scm" out of: scm, init (init)
Unable to use a TTY - input is not a terminal or the right kind of file
Defaulted container "scm" out of: scm, init (init)
Unable to use a TTY - input is not a terminal or the right kind of file
==============================================================================
Generate :: Test freon data generation commands                               
==============================================================================
Ozone Client Key Generator                                            | PASS |
------------------------------------------------------------------------------
OM Key Generator                                                      | PASS |
------------------------------------------------------------------------------
OM Bucket Generator                                                   | PASS |
------------------------------------------------------------------------------
Generate :: Test freon data generation commands                       | PASS |
3 tests, 3 passed, 0 failed
==============================================================================
Output:  /tmp/report/output.xml
Log:     /tmp/report/log.html
Report:  /tmp/report/report.html
Defaulted container "scm" out of: scm, init (init)
tar: Removing leading `/' from member names

**** Executing robot tests scm-0 ****

Defaulted container "scm" out of: scm, init (init)
Unable to use a TTY - input is not a terminal or the right kind of file
Defaulted container "scm" out of: scm, init (init)
Unable to use a TTY - input is not a terminal or the right kind of file
Defaulted container "scm" out of: scm, init (init)
Unable to use a TTY - input is not a terminal or the right kind of file
==============================================================================
Validate :: Test freon data validation commands                               
==============================================================================
Ozone Client Key Validator                                            | PASS |
------------------------------------------------------------------------------
Validate :: Test freon data validation commands                       | PASS |
1 test, 1 passed, 0 failed
==============================================================================
Output:  /tmp/report/output.xml
Log:     /tmp/report/log.html
Report:  /tmp/report/report.html
Defaulted container "scm" out of: scm, init (init)
tar: Removing leading `/' from member names
pod "datanode-0" deleted from default namespace
pod "datanode-1" deleted from default namespace
pod "datanode-2" deleted from default namespace

**** Waiting until the k8s cluster is running ****

5 / 6 pods are running
1 'all_pods_are_running' is failed...
Defaulted container "scm" out of: scm, init (init)
2026-08-29 16:32:43 INFO  SCMSafeModeManager:218 - SCM exiting safe mode.
2026-08-29 16:32:38 INFO  BaseHttpServer:363 - HTTP server of ozoneManager listening at http://om-0:9874

**** Cluster is up and running ****

Defaulted container "scm" out of: scm, init (init)

**** Executing robot tests scm-0 ****

Defaulted container "scm" out of: scm, init (init)
Unable to use a TTY - input is not a terminal or the right kind of file
Defaulted container "scm" out of: scm, init (init)
Unable to use a TTY - input is not a terminal or the right kind of file
Defaulted container "scm" out of: scm, init (init)
Unable to use a TTY - input is not a terminal or the right kind of file
==============================================================================
Validate :: Test freon data validation commands                               
==============================================================================
Ozone Client Key Validator                                            | PASS |
------------------------------------------------------------------------------
Validate :: Test freon data validation commands                       | PASS |
1 test, 1 passed, 0 failed
==============================================================================
Output:  /tmp/report/output.xml
Log:     /tmp/report/log.html
Report:  /tmp/report/report.html
Defaulted container "scm" out of: scm, init (init)
tar: Removing leading `/' from member names

**** Executing robot tests scm-0 ****

Defaulted container "scm" out of: scm, init (init)
Unable to use a TTY - input is not a terminal or the right kind of file
Defaulted container "scm" out of: scm, init (init)
Unable to use a TTY - input is not a terminal or the right kind of file
Defaulted container "scm" out of: scm, init (init)
Unable to use a TTY - input is not a terminal or the right kind of file
==============================================================================
Generate :: Test freon data generation commands                               
==============================================================================
Ozone Client Key Generator                                            | FAIL |
255 != 0
------------------------------------------------------------------------------
OM Key Generator                                                      | PASS |
------------------------------------------------------------------------------
OM Bucket Generator                                                   | PASS |
------------------------------------------------------------------------------
Generate :: Test freon data generation commands                       | FAIL |
3 tests, 2 passed, 1 failed
==============================================================================
Output:  /tmp/report/output.xml
Log:     /tmp/report/log.html
Report:  /tmp/report/report.html
Defaulted container "scm" out of: scm, init (init)
tar: Removing leading `/' from member names

**** Executing robot tests scm-0 ****

Defaulted container "scm" out of: scm, init (init)
Unable to use a TTY - input is not a terminal or the right kind of file
Defaulted container "scm" out of: scm, init (init)
Unable to use a TTY - input is not a terminal or the right kind of file
Defaulted container "scm" out of: scm, init (init)
Unable to use a TTY - input is not a terminal or the right kind of file
==============================================================================
Validate :: Test freon data validation commands                               
==============================================================================
Ozone Client Key Validator                                            | FAIL |
255 != 0
------------------------------------------------------------------------------
Validate :: Test freon data validation commands                       | FAIL |
1 test, 0 passed, 1 failed
==============================================================================
Output:  /tmp/report/output.xml
Log:     /tmp/report/log.html
Report:  /tmp/report/report.html
Defaulted container "scm" out of: scm, init (init)
tar: Removing leading `/' from member names
Output:  /rebot-output/output.xml
Log:     /rebot-output/log.html
Report:  /rebot-output/report.html
renamed '/home/runner/work/ozone/ozone/hadoop-ozone/dist/target/ozone-2.3.0-SNAPSHOT/kubernetes/examples/ozone/result/rebot-LufDqo/log.html' -> '/home/runner/work/ozone/ozone/hadoop-ozone/dist/target/ozone-2.3.0-SNAPSHOT/kubernetes/examples/ozone/result/log.html'
renamed '/home/runner/work/ozone/ozone/hadoop-ozone/dist/target/ozone-2.3.0-SNAPSHOT/kubernetes/examples/ozone/result/rebot-LufDqo/output.xml' -> '/home/runner/work/ozone/ozone/hadoop-ozone/dist/target/ozone-2.3.0-SNAPSHOT/kubernetes/examples/ozone/result/output.xml'
renamed '/home/runner/work/ozone/ozone/hadoop-ozone/dist/target/ozone-2.3.0-SNAPSHOT/kubernetes/examples/ozone/result/rebot-LufDqo/report.html' -> '/home/runner/work/ozone/ozone/hadoop-ozone/dist/target/ozone-2.3.0-SNAPSHOT/kubernetes/examples/ozone/result/report.html'

**** Collecting container logs ****

Defaulted container "scm" out of: scm, init (init)

**** Deleting k8s resources ****

configmap "config" deleted from default namespace
service "datanode" deleted from default namespace
service "httpfs" deleted from default namespace
service "om" deleted from default namespace
service "recon" deleted from default namespace
service "s3g" deleted from default namespace
service "scm" deleted from default namespace
statefulset.apps "datanode" deleted from default namespace
statefulset.apps "httpfs" deleted from default namespace
statefulset.apps "om" deleted from default namespace
statefulset.apps "recon" deleted from default namespace
statefulset.apps "s3g" deleted from default namespace
statefulset.apps "scm" deleted from default namespace

**** Regenerating original Kubernetes resource files ****

Log:     /rebot-output/log.html
Report:  /rebot-output/report.html
renamed '/home/runner/work/ozone/ozone/hadoop-ozone/dist/target/ozone-2.3.0-SNAPSHOT/kubernetes/examples/result/rebot-Y3P2Jp/log.html' -> '/home/runner/work/ozone/ozone/hadoop-ozone/dist/target/ozone-2.3.0-SNAPSHOT/kubernetes/examples/result/log.html'
renamed '/home/runner/work/ozone/ozone/hadoop-ozone/dist/target/ozone-2.3.0-SNAPSHOT/kubernetes/examples/result/rebot-Y3P2Jp/report.html' -> '/home/runner/work/ozone/ozone/hadoop-ozone/dist/target/ozone-2.3.0-SNAPSHOT/kubernetes/examples/result/report.html'
